timestamp,occupancy,hvac_kw,lighting_kw,plug_kw,total_kw,outdoor_temp_c,indoor_temp_c
2018-07-01 00:00:00,0.050333333333333334,8.742666666666668,0.052000000000000005,0.9493333333333334,9.744,,27.768888888888892
2018-07-01 00:15:00,0.045399999999999996,8.774666666666667,0.052000000000000005,0.8493333333333334,9.676,,27.743777777777776
2018-07-01 00:30:00,0.047599999999999996,8.773333333333333,0.06933333333333333,0.8766666666666667,9.719333333333335,,27.756111111111114
2018-07-01 00:45:00,0.06853333333333333,8.765333333333333,0.31333333333333335,1.0526666666666666,10.131333333333334,,27.76311111111111
2018-07-01 01:00:00,0.06266666666666668,8.792666666666666,0.164,1.0853333333333333,10.042,,27.766000000000002
2018-07-01 01:15:00,0.0518,8.825333333333333,0.10266666666666667,0.9293333333333333,9.857333333333333,,27.772222222222222
2018-07-01 01:30:00,0.05093333333333334,8.815333333333333,0.051333333333333335,0.9640000000000001,9.830666666666668,,27.772444444444442
2018-07-01 01:45:00,0.04766666666666666,8.844666666666665,0.052000000000000005,0.8986666666666667,9.795333333333334,,27.74088888888889
2018-07-01 02:00:00,0.056666666666666664,8.839333333333334,0.20333333333333334,0.9246666666666667,9.967333333333334,,27.766222222222222
2018-07-01 02:15:00,0.05073333333333333,8.842,0.05266666666666667,0.9553333333333334,9.85,,27.782111111111114
2018-07-01 02:30:00,0.050133333333333335,8.817333333333332,0.05266666666666667,0.946,9.816,,27.826666666666664
2018-07-01 02:45:00,0.047266666666666665,8.799333333333333,0.051333333333333335,0.888,9.738666666666667,,27.773555555555557
2018-07-01 03:00:00,0.05466666666666666,8.784666666666668,0.15600000000000003,0.9326666666666666,9.873333333333333,,27.71688888888889
2018-07-01 03:15:00,0.05433333333333333,8.804666666666666,0.10066666666666667,0.9826666666666666,9.888,,27.771
2018-07-01 03:30:00,0.058,8.803333333333335,0.05266666666666667,1.1026666666666667,9.958666666666666,,27.89766666666667
2018-07-01 03:45:00,0.057,8.799333333333333,0.05266666666666667,1.0799999999999998,9.932,,27.863166666666665
2018-07-01 04:00:00,0.04733333333333333,8.789333333333333,0.054000000000000006,0.8866666666666667,9.73,,27.852333333333334
2018-07-01 04:15:00,0.05593333333333333,8.789333333333333,0.20733333333333334,0.906,9.902666666666667,,27.95566666666667
2018-07-01 04:30:00,0.049933333333333337,8.781333333333333,0.052000000000000005,0.9420000000000001,9.775333333333332,,28.035000000000004
2018-07-01 04:45:00,0.050333333333333334,8.779333333333334,0.050666666666666665,0.9506666666666667,9.780666666666667,,28.020888888888887
2018-07-01 05:00:00,0.05513333333333333,8.790666666666665,0.05800000000000001,1.04,9.888666666666667,,27.99138888888889
2018-07-01 05:15:00,0.057666666666666665,8.777999999999999,0.15866666666666665,0.9893333333333333,9.925999999999998,,28.058444444444444
2018-07-01 05:30:00,0.0628,8.765333333333333,0.32,0.9293333333333333,10.014666666666667,,28.104388888888888
2018-07-01 05:45:00,0.1486,8.786666666666667,1.972,0.9866666666666666,11.745333333333333,,28.035055555555555
2018-07-01 06:00:00,0.16353333333333336,8.781333333333333,2.35,0.9053333333333333,12.036666666666667,,27.916333333333334
2018-07-01 06:15:00,0.17939999999999998,8.780666666666667,2.5993333333333335,0.972,12.352,,27.891000000000002
2018-07-01 06:30:00,0.1222,8.807333333333334,1.4773333333333334,0.956,11.240666666666668,,27.959833333333332
2018-07-01 06:45:00,0.05146666666666667,8.844666666666667,0.20666666666666667,0.8200000000000001,9.871333333333332,,28.033166666666666
2018-07-01 07:00:00,0.0432,8.901333333333334,0.05333333333333334,0.8053333333333333,9.76,,28.113722222222222
2018-07-01 07:15:00,0.053733333333333334,8.94,0.05266666666666667,1.018,10.010666666666667,,28.240333333333336
2018-07-01 07:30:00,0.055,9.032,0.052000000000000005,1.0439999999999998,10.128000000000002,,28.384
2018-07-01 07:45:00,0.054799999999999995,9.082666666666666,0.11133333333333334,0.9800000000000001,10.174000000000001,,28.429277777777777
2018-07-01 08:00:00,0.052399999999999995,9.162,0.15533333333333335,0.8886666666666667,10.206,,28.472333333333335
2018-07-01 08:15:00,0.05493333333333333,9.234666666666667,0.054000000000000006,1.0406666666666669,10.329333333333333,,28.52427777777778
2018-07-01 08:30:00,0.0532,9.260666666666667,0.05733333333333334,1.0033333333333334,10.321333333333335,,28.4705
2018-07-01 08:45:00,0.0474,9.308,0.05533333333333334,0.888,10.251333333333333,,28.43066666666667
2018-07-01 09:00:00,0.05433333333333333,9.325333333333333,0.20533333333333334,0.878,10.408666666666667,,28.462833333333332
2018-07-01 09:15:00,0.053200000000000004,9.338666666666665,0.058666666666666666,0.9993333333333332,10.396666666666667,,28.493
2018-07-01 09:30:00,0.05306666666666667,9.338,0.06066666666666667,0.994,10.392666666666667,,28.52766666666667
2018-07-01 09:45:00,0.060399999999999995,9.385333333333334,0.16466666666666668,1.0373333333333332,10.587333333333333,,28.641833333333334
2018-07-01 10:00:00,0.056133333333333334,9.384666666666668,0.166,0.954,10.504666666666667,,28.861666666666668
2018-07-01 10:15:00,0.05946666666666667,9.423333333333334,0.264,0.9186666666666667,10.606,,28.68116666666667
2018-07-01 10:30:00,0.059333333333333335,9.515333333333333,0.059333333333333335,1.1219999999999999,10.696666666666665,,28.808
2018-07-01 10:45:00,0.04713333333333333,9.557333333333334,0.06000000000000001,0.8793333333333333,10.496666666666668,,28.6785
2018-07-01 11:00:00,0.048466666666666665,9.626,0.05800000000000001,0.9066666666666666,10.590666666666667,,28.705833333333334
2018-07-01 11:15:00,0.04546666666666666,9.687333333333333,0.05933333333333334,0.844,10.590666666666667,,28.81661111111111
2018-07-01 11:30:00,0.05500000000000001,9.742666666666667,0.21400000000000002,0.8813333333333334,10.838,,28.76022222222222
2018-07-01 11:45:00,0.06006666666666667,9.806666666666667,0.2866666666666667,0.9093333333333333,11.002666666666666,,28.754833333333334
2018-07-01 12:00:00,0.0582,9.838666666666667,0.06266666666666668,1.0966666666666667,10.998,,28.809666666666665
2018-07-01 12:15:00,0.0514,9.682666666666668,0.05733333333333334,0.9640000000000001,10.704,,28.881999999999998
2018-07-01 12:30:00,0.047799999999999995,9.762666666666666,0.060000000000000005,0.8913333333333334,10.714,,29.000333333333334
2018-07-01 12:45:00,0.06473333333333334,9.800666666666666,0.44666666666666666,0.8433333333333334,11.090666666666667,,28.933444444444444
2018-07-01 13:00:00,0.11846666666666666,9.850666666666665,1.45,0.9146666666666666,12.215333333333332,,28.807555555555556
2018-07-01 13:15:00,0.12426666666666666,9.728,1.448,1.0333333333333334,12.209333333333332,,28.77466666666667
2018-07-01 13:30:00,0.06866666666666667,9.806666666666667,0.5006666666666667,0.87,11.177333333333333,,28.762444444444444
2018-07-01 13:45:00,0.04066666666666666,9.812000000000001,0.12533333333333335,0.6833333333333335,10.620666666666667,,28.843666666666667
2018-07-01 14:00:00,0.05753333333333333,9.847333333333333,0.15933333333333335,0.988,10.994666666666667,,28.83288888888889
2018-07-01 14:15:00,0.059866666666666665,9.879999999999999,0.16666666666666666,1.0266666666666666,11.073333333333332,,28.854888888888887
2018-07-01 14:30:00,0.06046666666666667,9.916,0.18200000000000002,1.022,11.120000000000001,,28.921444444444443
2018-07-01 14:45:00,0.051666666666666666,9.902666666666667,0.11000000000000001,0.9193333333333334,10.932,,28.939111111111114
2018-07-01 15:00:00,0.051133333333333336,9.847333333333333,0.16733333333333336,0.8500000000000001,10.864666666666668,,28.892444444444443
2018-07-01 15:15:00,0.0502,9.818000000000001,0.10200000000000001,0.8986666666666667,10.818666666666667,,28.943944444444448
2018-07-01 15:30:00,0.04606666666666667,9.811333333333334,0.05600000000000001,0.8593333333333334,10.726666666666667,,29.118499999999997
2018-07-01 15:45:00,0.04406666666666667,9.832666666666666,0.05533333333333334,0.8200000000000001,10.708,,29.06088888888889
2018-07-01 16:00:00,0.0542,9.734666666666667,0.05266666666666667,1.0246666666666668,10.812000000000001,,28.91177777777778
2018-07-01 16:15:00,0.05726666666666667,9.741333333333333,0.20400000000000001,0.936,10.881333333333334,,28.918222222222223
2018-07-01 16:30:00,0.04886666666666666,9.705333333333334,0.05266666666666667,0.9193333333333334,10.677333333333335,,28.93688888888889
2018-07-01 16:45:00,0.05,9.627333333333333,0.054000000000000006,0.94,10.621333333333334,,28.985944444444446
2018-07-01 17:00:00,0.053733333333333334,9.606666666666666,0.05333333333333334,1.0173333333333334,10.677333333333333,,29.07222222222222
2018-07-01 17:15:00,0.05146666666666667,1.05,0.05266666666666667,0.9706666666666667,2.0733333333333333,,29.145333333333333
2018-07-01 17:30:00,0.057,0.0,0.2046666666666667,0.9306666666666668,1.1353333333333333,,29.106499999999997
2018-07-01 17:45:00,0.04566666666666666,0.0,0.05266666666666667,0.856,0.9086666666666667,,29.118333333333332
2018-07-01 18:00:00,0.050666666666666665,0.0,0.05533333333333334,0.9540000000000001,1.0093333333333334,,29.082833333333333
2018-07-01 18:15:00,0.05386666666666666,0.0,0.054000000000000006,1.0186666666666668,1.0726666666666667,,29.06833333333333
2018-07-01 18:30:00,0.05453333333333333,0.0,0.15333333333333335,0.932,1.0853333333333335,,28.997611111111112
2018-07-01 18:45:00,0.06206666666666667,0.0,0.2046666666666667,1.0293333333333334,1.2340000000000002,,28.979222222222223
2018-07-01 19:00:00,0.05906666666666667,0.0,0.16266666666666665,1.012,1.1746666666666667,,28.930999999999997
2018-07-01 19:15:00,0.054599999999999996,0.0,0.12733333333333335,0.958,1.0853333333333335,,28.93316666666667
2018-07-01 19:30:00,0.04033333333333333,0.0,0.052000000000000005,0.7486666666666667,0.8006666666666666,,28.9
2018-07-01 19:45:00,0.0506,0.0,0.20733333333333334,0.7993333333333333,1.0066666666666666,,28.851
2018-07-01 20:00:00,0.05273333333333333,0.0,0.05266666666666667,1.0,1.0526666666666666,,28.961000000000002
2018-07-01 20:15:00,0.055466666666666664,0.0,0.05266666666666667,1.0506666666666669,1.1033333333333333,,28.93477777777778
2018-07-01 20:30:00,0.049133333333333334,0.0,0.05466666666666667,0.9226666666666666,0.9773333333333334,,28.888277777777777
2018-07-01 20:45:00,0.04733333333333333,0.0,0.051333333333333335,0.8893333333333334,0.9406666666666668,,28.923166666666663
2018-07-01 21:00:00,0.05826666666666667,0.0,0.23466666666666666,0.9266666666666666,1.1613333333333336,,28.932333333333336
2018-07-01 21:15:00,0.0526,0.0,0.052000000000000005,0.996,1.048,,28.890777777777778
2018-07-01 21:30:00,0.05413333333333333,0.0,0.052000000000000005,1.0253333333333334,1.0773333333333335,,28.924
2018-07-01 21:45:00,0.04986666666666666,0.0,0.054000000000000006,0.9380000000000001,0.9920000000000001,,28.9035
2018-07-01 22:00:00,0.04379999999999999,0.0,0.050666666666666665,0.822,0.8726666666666667,,28.872999999999998
2018-07-01 22:15:00,0.05513333333333333,0.0,0.20333333333333334,0.8926666666666667,1.096,,28.93722222222222
2018-07-01 22:30:00,0.053799999999999994,0.0,0.052000000000000005,1.02,1.072,,28.94483333333333
2018-07-01 22:45:00,0.05653333333333333,0.0,0.05266666666666667,1.0733333333333335,1.1260000000000001,,28.921666666666667
2018-07-01 23:00:00,0.05366666666666667,0.0,0.05266666666666667,1.0153333333333334,1.0680000000000003,,28.928833333333333
2018-07-01 23:15:00,0.04753333333333333,0.0,0.17400000000000002,0.7713333333333333,0.9453333333333334,,28.925666666666665
2018-07-01 23:30:00,0.059000000000000004,0.0,0.29933333333333334,0.876,1.1753333333333333,,29.031833333333335
2018-07-01 23:45:00,0.0512,0.0,0.10533333333333333,0.9133333333333333,1.0186666666666668,,28.9295
2018-07-02 00:00:00,0.05226666666666667,0.0,0.05600000000000001,0.9846666666666667,1.0406666666666669,,28.909166666666668
2018-07-02 00:15:00,0.044533333333333334,0.0,0.050666666666666665,0.8366666666666667,0.8873333333333334,,28.987055555555557
2018-07-02 00:30:00,0.053399999999999996,0.0,0.20533333333333334,0.8580000000000001,1.0633333333333335,,28.840666666666667
2018-07-02 00:45:00,0.05473333333333333,0.0,0.05333333333333334,1.0386666666666666,1.092,,28.89083333333333
2018-07-02 01:00:00,0.05313333333333333,0.0,0.05266666666666667,1.008,1.0606666666666669,,28.828333333333333
2018-07-02 01:15:00,0.0486,0.0,0.051333333333333335,0.914,0.9653333333333334,,28.889
2018-07-02 01:30:00,0.046799999999999994,0.0,0.050666666666666665,0.8813333333333334,0.9320000000000002,,28.8825
2018-07-02 01:45:00,0.05493333333333334,0.0,0.2086666666666667,0.8826666666666667,1.0913333333333335,,28.862333333333332
2018-07-02 02:00:00,0.048799999999999996,0.0,0.052000000000000005,0.9186666666666666,0.9706666666666667,,28.897222222222226
2018-07-02 02:15:00,0.04393333333333333,0.0,0.054000000000000006,0.8193333333333332,0.8733333333333333,,28.969444444444445
2018-07-02 02:30:00,0.048,0.0,0.051333333333333335,0.902,0.9533333333333334,,28.9785
2018-07-02 02:45:00,0.05073333333333333,0.0,0.05333333333333334,0.9566666666666668,1.0100000000000002,,28.942888888888888
2018-07-02 03:00:00,0.063,0.0,0.2046666666666667,1.0506666666666666,1.2553333333333334,,28.953333333333333
2018-07-02 03:15:00,0.0504,0.0,0.05666666666666667,0.9446666666666667,1.0013333333333334,,28.970333333333333
2018-07-02 03:30:00,0.051666666666666666,0.0,0.082,0.946,1.028,,28.995944444444444
2018-07-02 03:45:00,0.05026666666666667,0.0,0.16266666666666665,0.8386666666666667,1.0013333333333334,,28.9805
2018-07-02 04:00:00,0.05073333333333333,0.0,0.18533333333333335,0.8246666666666668,1.01,,28.994444444444447
2018-07-02 04:15:00,0.056666666666666664,0.0,0.20400000000000001,0.9233333333333333,1.1273333333333333,,28.844
2018-07-02 04:30:00,0.04926666666666667,0.0,0.05266666666666667,0.928,0.9806666666666667,,28.856944444444444
2018-07-02 04:45:00,0.05313333333333334,0.0,0.05333333333333334,1.002,1.0553333333333335,,28.965222222222224
2018-07-02 05:00:00,0.049133333333333334,0.0,0.05466666666666667,0.924,0.9786666666666668,,28.827555555555556
2018-07-02 05:15:00,0.05386666666666667,0.0,0.20800000000000002,0.866,1.074,,28.964666666666666
2018-07-02 05:30:00,0.07139999999999999,0.0,0.39599999999999996,1.0286666666666666,1.4246666666666667,,28.99577777777778
2018-07-02 05:45:00,0.34573333333333334,0.0,4.514,2.3753333333333333,6.889333333333334,,28.999333333333333
2018-07-02 06:00:00,0.4628,0.0,6.482,2.7373333333333334,9.219333333333335,,29.03688888888889
2018-07-02 06:15:00,0.4061333333333333,0.0,6.71,1.3866666666666667,8.096666666666668,,28.916888888888888
2018-07-02 06:30:00,0.42919999999999997,0.0,7.067333333333334,1.4899999999999998,8.557333333333334,,29.121555555555556
2018-07-02 06:45:00,0.44633333333333336,0.0,7.089333333333333,1.8053333333333332,8.894666666666666,,29.259777777777778
2018-07-02 07:00:00,0.5002,0.0,7.4,2.5686666666666667,9.968666666666667,,29.377333333333333
2018-07-02 07:15:00,0.5310666666666667,0.0,7.946,2.638,10.584,,29.679555555555556
2018-07-02 07:30:00,0.5800666666666667,1.4486666666666665,8.808,2.7520000000000002,13.008666666666667,,29.705777777777776
2018-07-02 07:45:00,0.6874,87.218,10.190666666666665,3.51,100.91866666666667,,28.577222222222222
2018-07-02 08:00:00,0.8345333333333332,101.24,11.912666666666667,4.724,117.87666666666665,,25.575
2018-07-02 08:15:00,0.8836666666666667,98.40666666666668,12.335333333333333,5.270666666666667,116.01266666666668,,23.789333333333335
2018-07-02 08:30:00,0.9078,93.948,12.848666666666668,5.242666666666667,112.03933333333333,,22.906
2018-07-02 08:45:00,0.9029333333333334,96.12599999999999,12.491333333333333,5.516,114.13333333333334,,22.325555555555557
2018-07-02 09:00:00,0.9295333333333333,87.62333333333332,13.353333333333333,6.250666666666666,107.22733333333333,,21.964444444444442
2018-07-02 09:15:00,0.9788,84.97466666666666,13.397333333333334,6.268666666666666,104.64066666666666,,21.87777777777778
2018-07-02 09:30:00,0.9533333333333333,89.24266666666666,13.136,5.873333333333333,108.252,,21.730555555555554
2018-07-02 09:45:00,0.9504666666666667,95.85733333333333,13.002,5.944,114.80333333333333,,21.866888888888887
2018-07-02 10:00:00,0.9497333333333332,72.37533333333334,13.062666666666667,5.867999999999999,91.306,,22.011666666666667
2018-07-02 10:15:00,0.9506666666666667,77.78466666666667,13.409999999999998,5.616666666666666,96.81133333333332,,22.5245
2018-07-02 10:30:00,0.9442666666666667,78.50266666666667,12.660666666666666,6.179333333333333,97.34266666666666,,22.19516666666667
2018-07-02 10:45:00,0.9139333333333333,81.74266666666668,12.495333333333333,5.716666666666667,99.95466666666667,,22.353166666666667
2018-07-02 11:00:00,0.9091333333333333,73.60933333333332,12.485999999999999,5.632000000000001,91.72733333333332,,22.204166666666666
2018-07-02 11:15:00,0.9328000000000001,70.38066666666667,12.919333333333332,5.672666666666667,88.97266666666665,,22.429666666666666
2018-07-02 11:30:00,0.9141333333333334,65.2,12.587333333333333,5.633333333333334,83.42066666666666,,22.5175
2018-07-02 11:45:00,0.8994,0.0,12.422,5.500666666666667,17.922666666666665,,23.632333333333335
2018-07-02 12:00:00,0.7988,0.0,10.421333333333333,5.496666666666667,15.918,,25.923111111111112
2018-07-02 12:15:00,0.7494666666666667,0.0,10.053333333333335,4.881333333333333,14.934666666666667,,27.08211111111111
2018-07-02 12:30:00,0.7288666666666667,0.0,9.687333333333333,4.8373333333333335,14.524666666666667,,27.839666666666666
2018-07-02 12:45:00,0.7658,1.2873333333333334,10.207333333333334,5.054,16.54866666666667,,28.45427777777778
2018-07-02 13:00:00,0.8492666666666666,93.17933333333333,11.903333333333334,5.0233333333333325,110.106,,27.382555555555555
2018-07-02 13:15:00,0.9126666666666666,103.06533333333333,12.772,5.434,121.27133333333333,,24.567
2018-07-02 13:30:00,0.9137333333333333,95.25666666666666,12.725333333333333,5.484,113.466,,23.153555555555556
2018-07-02 13:45:00,0.9406666666666667,84.81400000000001,12.910666666666666,5.837999999999999,103.56266666666667,,22.575833333333332
2018-07-02 14:00:00,0.9422666666666667,55.687333333333335,12.803333333333335,5.978,74.46866666666666,,22.919500000000003
2018-07-02 14:15:00,0.9288666666666666,67.69466666666666,12.814666666666664,5.696,86.20533333333333,,23.36433333333333
2018-07-02 14:30:00,0.9145333333333333,87.4,12.892666666666665,5.333333333333333,105.62599999999999,,22.825
2018-07-02 14:45:00,0.9211333333333334,78.20533333333333,12.851999999999999,5.957333333333334,97.01466666666667,,22.317999999999998
2018-07-02 15:00:00,0.9299999999999999,64.56400000000001,12.745333333333331,5.790666666666667,83.1,,22.47727777777778
2018-07-02 15:15:00,0.9601333333333333,67.61999999999999,13.304,5.8773333333333335,86.80133333333333,,22.9045
2018-07-02 15:30:00,0.9548666666666666,64.28066666666668,13.27,5.797333333333333,83.348,,22.611666666666668
2018-07-02 15:45:00,0.9354,41.099333333333334,13.065333333333333,5.576666666666667,59.74133333333334,,22.402444444444445
2018-07-02 16:00:00,0.9335333333333333,48.34733333333334,12.981333333333334,5.624666666666667,66.95333333333333,,22.98
2018-07-02 16:15:00,0.9163333333333334,51.59866666666667,12.859333333333334,5.404,69.86200000000001,,22.9285
2018-07-02 16:30:00,0.8933333333333333,0.0,12.642,5.158666666666666,17.800666666666665,,23.781
2018-07-02 16:45:00,0.8344666666666666,0.0,12.247333333333334,4.383333333333334,16.630666666666666,,25.44333333333333
2018-07-02 17:00:00,0.7498666666666666,0.0,11.448666666666666,3.494,14.942666666666666,,26.28494444444444
2018-07-02 17:15:00,0.6790666666666667,0.0,10.783333333333333,2.753333333333333,13.536666666666667,,26.820833333333333
2018-07-02 17:30:00,0.6237333333333334,0.0,9.933333333333334,2.498666666666667,12.431999999999999,,27.015111111111114
2018-07-02 17:45:00,0.591,0.0,9.598,2.177333333333334,11.775333333333334,,27.08688888888889
2018-07-02 18:00:00,0.5338666666666666,0.0,8.76,1.8820000000000001,10.642000000000001,,27.186444444444444
2018-07-02 18:15:00,0.5177333333333334,0.0,8.257333333333333,2.0613333333333332,10.318666666666667,,27.319333333333336
2018-07-02 18:30:00,0.5149333333333334,0.0,8.253333333333334,2.0100000000000002,10.263333333333334,,27.387
2018-07-02 18:45:00,0.5229333333333333,0.0,8.555333333333333,1.8653333333333333,10.420666666666667,,27.36988888888889
2018-07-02 19:00:00,0.47486666666666666,0.0,7.710666666666667,1.7526666666666666,9.463333333333333,,27.39711111111111
2018-07-02 19:15:00,0.3674,0.0,5.771333333333334,1.5519999999999998,7.323333333333334,,27.218888888888888
2018-07-02 19:30:00,0.3211333333333333,0.0,4.838666666666667,1.5579999999999998,6.3966666666666665,,27.458666666666662
2018-07-02 19:45:00,0.2962666666666667,0.0,4.372,1.5306666666666664,5.902666666666666,,27.451777777777775
2018-07-02 20:00:00,0.255,0.0,3.9193333333333333,1.166,5.085333333333334,,27.479111111111113
2018-07-02 20:15:00,0.24373333333333333,0.0,3.662666666666667,1.1986666666666668,4.8613333333333335,,27.688444444444443
2018-07-02 20:30:00,0.11786666666666666,0.0,1.3233333333333335,1.0253333333333332,2.3486666666666665,,27.511222222222223
2018-07-02 20:45:00,0.06993333333333333,0.0,0.4553333333333333,0.9359999999999999,1.3913333333333333,,27.497333333333337
2018-07-02 21:00:00,0.06533333333333333,0.0,0.34,0.9600000000000001,1.3,,27.490444444444446
2018-07-02 21:15:00,0.05673333333333333,0.0,0.09733333333333333,1.0333333333333332,1.1306666666666665,,27.467777777777776
2018-07-02 21:30:00,0.05106666666666667,0.0,0.052000000000000005,0.9646666666666666,1.0166666666666666,,27.526555555555554
2018-07-02 21:45:00,0.051000000000000004,0.0,0.134,0.8813333333333333,1.0153333333333334,,27.5645
2018-07-02 22:00:00,0.04833333333333333,0.0,0.12133333333333333,0.8413333333333333,0.9626666666666667,,27.509500000000003
2018-07-02 22:15:00,0.05046666666666667,0.0,0.054000000000000006,0.952,1.006,,27.592166666666667
2018-07-02 22:30:00,0.05633333333333333,0.0,0.052000000000000005,1.0726666666666664,1.1246666666666665,,27.8275
2018-07-02 22:45:00,0.06766666666666667,0.0,0.20266666666666666,1.148,1.3506666666666665,,27.6435
2018-07-02 23:00:00,0.046,0.0,0.08333333333333333,0.8326666666666667,0.916,,27.781444444444446
2018-07-02 23:15:00,0.0486,0.0,0.164,0.8033333333333332,0.9673333333333333,,27.61127777777778
2018-07-02 23:30:00,0.05733333333333333,0.0,0.16733333333333336,0.9760000000000001,1.1433333333333333,,27.543166666666664
2018-07-02 23:45:00,0.0528,0.0,0.09400000000000001,0.9566666666666667,1.0506666666666666,,27.556499999999996
2018-07-03 00:00:00,0.0572,0.0,0.20733333333333334,0.9313333333333333,1.1386666666666667,,27.712833333333332
2018-07-03 00:15:00,0.04986666666666666,0.0,0.05333333333333334,0.9373333333333334,0.9906666666666667,,27.86411111111111
2018-07-03 00:30:00,0.055,0.0,0.052000000000000005,1.0439999999999998,1.0959999999999999,,27.756944444444443
2018-07-03 00:45:00,0.05493333333333333,0.0,0.05333333333333334,1.0393333333333332,1.0926666666666667,,27.766444444444446
2018-07-03 01:00:00,0.052866666666666666,0.0,0.20733333333333334,0.8426666666666667,1.05,,27.82488888888889
2018-07-03 01:15:00,0.04386666666666667,0.0,0.051333333333333335,0.8213333333333334,0.8726666666666667,,27.77161111111111
2018-07-03 01:30:00,0.05173333333333333,0.0,0.05266666666666667,0.9766666666666666,1.0293333333333332,,27.641222222222222
2018-07-03 01:45:00,0.05006666666666667,0.0,0.05333333333333334,0.9413333333333332,0.9946666666666667,,27.776999999999997
2018-07-03 02:00:00,0.05333333333333334,0.0,0.1406666666666667,0.922,1.0626666666666666,,27.604666666666667
2018-07-03 02:15:00,0.056,0.0,0.11533333333333333,1.0033333333333332,1.1186666666666667,,27.578444444444447
2018-07-03 02:30:00,0.049133333333333334,0.0,0.05266666666666667,0.9226666666666666,0.9753333333333334,,27.55377777777778
2018-07-03 02:45:00,0.052866666666666666,0.0,0.05600000000000001,0.998,1.054,,27.443555555555555
2018-07-03 03:00:00,0.0516,0.0,0.051333333333333335,0.9746666666666666,1.026,,27.55311111111111
2018-07-03 03:15:00,0.05773333333333333,0.0,0.21000000000000002,0.9413333333333332,1.1513333333333333,,27.56011111111111
2018-07-03 03:30:00,0.0508,0.0,0.15866666666666665,0.8513333333333333,1.01,,27.58511111111111
2018-07-03 03:45:00,0.046266666666666664,0.0,0.16333333333333336,0.756,0.9193333333333334,,27.57911111111111
2018-07-03 04:00:00,0.05653333333333333,0.0,0.11400000000000002,1.0093333333333332,1.1233333333333333,,27.576
2018-07-03 04:15:00,0.05926666666666667,0.0,0.05266666666666667,1.1253333333333333,1.178,,27.592888888888886
2018-07-03 04:30:00,0.0588,0.0,0.2046666666666667,0.968,1.1726666666666667,,27.63422222222222
2018-07-03 04:45:00,0.0452,0.0,0.052000000000000005,0.8486666666666666,0.9006666666666666,,27.659555555555553
2018-07-03 05:00:00,0.04933333333333333,0.0,0.051333333333333335,0.9326666666666666,0.984,,27.672666666666665
2018-07-03 05:15:00,0.05573333333333333,0.0,0.14466666666666667,0.9653333333333334,1.1099999999999999,,27.67311111111111
2018-07-03 05:30:00,0.3906,0.0,5.654,2.134,7.787999999999999,,27.701
2018-07-03 05:45:00,0.33399999999999996,0.0,4.280666666666667,2.374,6.654666666666667,,27.886666666666667
2018-07-03 06:00:00,0.39493333333333336,0.0,5.792666666666666,2.082,7.874666666666667,,27.962333333333333
2018-07-03 06:15:00,0.38153333333333334,0.0,5.951333333333334,1.653333333333333,7.604666666666668,,27.750555555555554
2018-07-03 06:30:00,0.38780000000000003,0.0,6.153333333333334,1.5766666666666667,7.73,,27.832222222222224
2018-07-03 06:45:00,0.4000666666666667,0.0,6.186666666666667,1.7873333333333334,7.974,,27.890666666666668
2018-07-03 07:00:00,0.48800000000000004,0.0,7.321333333333333,2.405333333333333,9.726666666666667,,28.058222222222224
2018-07-03 07:15:00,0.5663333333333334,0.0,8.144,3.1446666666666663,11.288666666666666,,28.31977777777778
2018-07-03 07:30:00,0.5886666666666667,1.392,9.13,2.6026666666666665,13.124666666666666,,28.279333333333334
2018-07-03 07:45:00,0.6147333333333334,83.10533333333333,9.418000000000001,2.8313333333333333,95.35466666666666,,27.219333333333335
2018-07-03 08:00:00,0.7196,93.896,10.563333333333334,3.778,108.23733333333332,,24.73977777777778
2018-07-03 08:15:00,0.8193333333333334,90.53666666666666,11.563333333333333,4.768666666666666,106.86866666666667,,23.634
2018-07-03 08:30:00,0.8724666666666666,82.904,12.081333333333333,5.303333333333333,100.28866666666666,,23.180555555555554
2018-07-03 08:45:00,0.8904666666666666,65.09733333333334,11.923333333333334,5.820666666666667,82.84133333333332,,22.86933333333333
2018-07-03 09:00:00,0.8900666666666667,69.94200000000001,11.865333333333332,5.871333333333334,87.67866666666667,,23.044888888888888
2018-07-03 09:15:00,0.9071333333333332,67.774,12.300666666666668,5.777333333333333,85.852,,23.415
2018-07-03 09:30:00,0.9204000000000001,73.07466666666667,12.73,5.613333333333333,91.41799999999999,,23.34477777777778
2018-07-03 09:45:00,0.9517333333333333,53.87,12.943333333333333,6.024666666666667,72.838,,23.420666666666666
2018-07-03 10:00:00,0.9545333333333333,50.30133333333333,12.844666666666665,6.180666666666666,69.32666666666667,,23.812
2018-07-03 10:15:00,0.8942666666666667,63.852,11.948666666666666,5.875333333333333,81.67599999999999,,23.925444444444445
2018-07-03 10:30:00,0.9095333333333334,70.062,12.18,5.945333333333333,88.18733333333333,,23.513333333333332
2018-07-03 10:45:00,0.9094666666666666,66.12266666666667,12.520666666666667,5.6033333333333335,84.24666666666667,,23.25766666666667
2018-07-03 11:00:00,0.9541333333333333,55.96266666666667,12.572666666666667,6.441999999999999,74.97733333333333,,23.597555555555555
2018-07-03 11:15:00,0.9736666666666667,65.78733333333334,12.826666666666666,6.604666666666668,85.21866666666666,,23.338
2018-07-03 11:30:00,0.9582666666666666,60.89333333333333,12.908,6.260000000000001,80.06133333333334,,23.12222222222222
2018-07-03 11:45:00,0.9524,0.0,13.195333333333334,5.801333333333333,18.996666666666666,,23.86911111111111
2018-07-03 12:00:00,0.8002666666666667,0.0,11.272666666666668,5.441999999999999,16.714666666666666,,25.666222222222224
2018-07-03 12:15:00,0.773,0.0,10.590000000000002,4.8133333333333335,15.403333333333334,,26.521333333333335
2018-07-03 12:30:00,0.7131333333333333,0.0,9.657333333333332,4.553333333333333,14.210666666666667,,27.009999999999998
2018-07-03 12:45:00,0.7667333333333333,1.1586666666666665,10.756666666666666,4.524,16.439333333333334,,27.402444444444445
2018-07-03 13:00:00,0.8667333333333332,87.09066666666666,12.334,4.940666666666667,104.36533333333334,,26.613333333333333
2018-07-03 13:15:00,0.969,89.43733333333333,13.936666666666666,5.448666666666667,108.82266666666666,,24.165555555555557
2018-07-03 13:30:00,0.9697333333333333,76.33133333333333,13.54,5.892666666666667,95.764,,23.280444444444445
2018-07-03 13:45:00,0.9845333333333334,65.40466666666667,13.698,5.956666666666666,85.05933333333333,,23.069000000000003
2018-07-03 14:00:00,0.9936666666666666,56.72733333333334,13.741999999999999,6.148666666666667,76.618,,23.494222222222223
2018-07-03 14:15:00,0.9984,66.374,14.004,6.232666666666666,86.61066666666666,,23.529555555555554
2018-07-03 14:30:00,0.9926666666666667,63.974000000000004,13.713999999999999,6.152666666666666,83.84066666666668,,23.46311111111111
2018-07-03 14:45:00,0.9898666666666666,66.53533333333333,13.706,6.063999999999999,86.30533333333332,,23.24877777777778
2018-07-03 15:00:00,0.9945333333333333,49.82133333333333,14.169333333333332,6.750666666666667,70.74133333333333,,23.27888888888889
2018-07-03 15:15:00,0.9620666666666666,64.748,14.054,6.255333333333334,85.05733333333333,,23.868888888888886
2018-07-03 15:30:00,0.9793333333333333,61.49933333333333,13.344,6.190666666666667,81.034,,23.526
2018-07-03 15:45:00,0.9704666666666667,54.88533333333333,13.208,6.34,74.43333333333334,,23.62622222222222
2018-07-03 16:00:00,0.9244666666666667,59.89933333333333,13.687333333333333,6.6626666666666665,80.24933333333334,,24.002333333333333
2018-07-03 16:15:00,0.9383333333333332,66.42133333333334,13.012,5.796,85.22933333333334,,23.616
2018-07-03 16:30:00,0.9157333333333334,0.0,12.571333333333333,5.679333333333333,18.250666666666667,,24.015777777777778
2018-07-03 16:45:00,0.8967333333333334,0.0,12.330000000000002,5.539333333333333,17.869333333333334,,25.492444444444445
2018-07-03 17:00:00,0.778,0.0,11.542666666666667,3.963333333333333,15.506,,26.374555555555556
2018-07-03 17:15:00,0.6720666666666666,0.0,10.262,3.1333333333333333,13.395333333333333,,26.759888888888888
2018-07-03 17:30:00,0.6364,0.0,10.177333333333333,2.5046666666666666,12.681999999999999,,26.89488888888889
2018-07-03 17:45:00,0.6359333333333334,0.0,10.235999999999999,2.4366666666666665,12.672666666666666,,27.139555555555557
2018-07-03 18:00:00,0.572,0.0,9.1,2.298,11.398,,27.18605555555555
2018-07-03 18:15:00,0.4966,0.0,7.547333333333333,2.35,9.897333333333334,,27.48483333333333
2018-07-03 18:30:00,0.4722,0.0,7.392666666666667,2.0526666666666666,9.445333333333334,,27.546499999999998
2018-07-03 18:45:00,0.44626666666666664,0.0,6.883333333333334,2.0073333333333334,8.890666666666668,,27.4955
2018-07-03 19:00:00,0.43966666666666665,0.0,6.788666666666667,1.972,8.760666666666667,,27.607722222222222
2018-07-03 19:15:00,0.40186666666666665,0.0,6.281333333333333,1.7293333333333332,8.010666666666667,,27.556
2018-07-03 19:30:00,0.2778,0.0,3.966,1.5726666666666669,5.538666666666667,,27.672722222222223
2018-07-03 19:45:00,0.2524666666666667,0.0,3.4093333333333335,1.6239999999999999,5.033333333333333,,27.557333333333336
2018-07-03 20:00:00,0.2578,0.0,3.4739999999999998,1.6666666666666667,5.140666666666666,,27.559166666666666
2018-07-03 20:15:00,0.2551333333333333,0.0,3.586,1.4993333333333334,5.085333333333334,,27.44333333333333
2018-07-03 20:30:00,0.253,0.0,3.5046666666666666,1.54,5.044666666666667,,27.448777777777778
2018-07-03 20:45:00,0.24286666666666665,0.0,3.3066666666666666,1.536,4.842666666666667,,27.259888888888888
2018-07-03 21:00:00,0.23173333333333332,0.0,3.3819999999999997,1.2366666666666668,4.618666666666667,,27.295333333333335
2018-07-03 21:15:00,0.233,0.0,3.405333333333333,1.2393333333333334,4.644666666666667,,27.279666666666667
2018-07-03 21:30:00,0.22053333333333333,0.0,3.1940000000000004,1.2006666666666665,4.394666666666667,,27.331166666666665
2018-07-03 21:45:00,0.1536,0.0,1.9860000000000002,1.076,3.0620000000000003,,27.139555555555553
2018-07-03 22:00:00,0.06573333333333334,0.0,0.18666666666666665,1.1253333333333333,1.312,,27.365166666666664
2018-07-03 22:15:00,0.06493333333333334,0.0,0.20600000000000002,1.0873333333333333,1.2933333333333332,,27.35561111111111
2018-07-03 22:30:00,0.05853333333333333,0.0,0.052000000000000005,1.1146666666666667,1.1666666666666667,,27.371888888888886
2018-07-03 22:45:00,0.06319999999999999,0.0,0.09266666666666667,1.1653333333333333,1.258,,27.455
2018-07-03 23:00:00,0.058666666666666666,0.0,0.16133333333333333,1.0046666666666666,1.166,,27.445944444444443
2018-07-03 23:15:00,0.06873333333333334,0.0,0.19066666666666668,1.178,1.3686666666666665,,27.33
2018-07-03 23:30:00,0.064,0.0,0.19066666666666668,1.0853333333333335,1.276,,27.27211111111111
2018-07-03 23:45:00,0.05633333333333333,0.0,0.051333333333333335,1.072,1.1233333333333335,,27.283444444444445
2018-07-04 00:00:00,0.05486666666666666,0.0,0.05333333333333334,1.042,1.0953333333333333,,27.24288888888889
2018-07-04 00:15:00,0.060533333333333335,0.0,0.052000000000000005,1.1553333333333333,1.2073333333333334,,27.241777777777777
2018-07-04 00:30:00,0.0666,0.0,0.20266666666666666,1.1233333333333333,1.326,,27.284888888888887
2018-07-04 00:45:00,0.059333333333333335,0.0,0.054000000000000006,1.126,1.18,,27.292444444444445
2018-07-04 01:00:00,0.052866666666666666,0.0,0.051333333333333335,1.0013333333333334,1.0526666666666666,,27.277
2018-07-04 01:15:00,0.05593333333333333,0.0,0.05333333333333334,1.0613333333333335,1.114666666666667,,27.290444444444447
2018-07-04 01:30:00,0.06473333333333334,0.0,0.12466666666666668,1.1646666666666667,1.2893333333333337,,27.298222222222225
2018-07-04 01:45:00,0.06820000000000001,0.0,0.13933333333333336,1.22,1.3593333333333333,,27.229666666666667
2018-07-04 02:00:00,0.062266666666666665,0.0,0.098,1.144,1.242,,27.433555555555554
2018-07-04 02:15:00,0.06346666666666666,0.0,0.16266666666666665,1.1019999999999999,1.2646666666666664,,27.46622222222222
2018-07-04 02:30:00,0.063,0.0,0.17,1.0866666666666664,1.2566666666666666,,27.430000000000003
2018-07-04 02:45:00,0.056133333333333334,0.0,0.11733333333333333,1.0,1.1173333333333333,,27.43288888888889
2018-07-04 03:00:00,0.0618,0.0,0.14733333333333334,1.086,1.2333333333333336,,27.461722222222225
2018-07-04 03:15:00,0.0614,0.0,0.051333333333333335,1.1713333333333333,1.2226666666666666,,27.46933333333333
2018-07-04 03:30:00,0.061000000000000006,0.0,0.05333333333333334,1.1606666666666667,1.214,,27.447166666666664
2018-07-04 03:45:00,0.0614,0.0,0.051333333333333335,1.1733333333333331,1.2246666666666668,,27.39911111111111
2018-07-04 04:00:00,0.0644,0.0,0.20600000000000002,1.0779999999999998,1.284,,27.492444444444445
2018-07-04 04:15:00,0.050666666666666665,0.0,0.052000000000000005,0.956,1.008,,27.398611111111112
2018-07-04 04:30:00,0.059133333333333336,0.0,0.05600000000000001,1.1226666666666667,1.1786666666666668,,27.356499999999997
2018-07-04 04:45:00,0.05486666666666666,0.0,0.051333333333333335,1.0439999999999998,1.0953333333333333,,27.407166666666665
2018-07-04 05:00:00,0.059666666666666666,0.0,0.058666666666666666,1.128,1.1866666666666668,,27.357000000000003
2018-07-04 05:15:00,0.0824,0.0,0.5613333333333334,1.0833333333333333,1.6446666666666667,,27.309277777777776
2018-07-04 05:30:00,0.3098666666666666,0.0,4.0713333333333335,2.104,6.175333333333334,,27.333777777777776
2018-07-04 05:45:00,0.36166666666666664,0.0,4.492,2.716666666666667,7.208666666666667,,27.376166666666666
2018-07-04 06:00:00,0.35046666666666665,0.0,5.249333333333333,1.7353333333333334,6.9846666666666675,,27.404833333333332
2018-07-04 06:15:00,0.41026666666666667,0.0,6.702,1.474,8.176,,27.535666666666668
2018-07-04 06:30:00,0.4341333333333333,0.0,6.887333333333333,1.7646666666666666,8.652,,27.646944444444443
2018-07-04 06:45:00,0.48793333333333333,0.0,7.331333333333333,2.3913333333333333,9.722666666666667,,27.70438888888889
2018-07-04 07:00:00,0.5454666666666667,0.0,7.875333333333334,2.997333333333333,10.872666666666667,,27.881444444444448
2018-07-04 07:15:00,0.5944,0.0,8.847333333333333,2.997333333333333,11.844666666666665,,28.138333333333332
2018-07-04 07:30:00,0.6512,1.3746666666666667,9.934666666666665,3.0433333333333334,14.352666666666666,,28.17666666666667
2018-07-04 07:45:00,0.6672666666666667,84.588,10.027999999999999,3.271333333333333,97.88733333333333,,27.15972222222222
2018-07-04 08:00:00,0.7577333333333333,91.38799999999999,11.355333333333334,4.530666666666666,107.27399999999999,,24.428055555555556
2018-07-04 08:15:00,0.8665333333333333,92.99866666666667,11.998666666666669,5.271333333333333,110.26866666666666,,23.042944444444444
2018-07-04 08:30:00,0.8717333333333334,73.622,12.698,5.640000000000001,91.96000000000001,,22.53483333333333
2018-07-04 08:45:00,0.8879333333333334,56.704,12.743333333333334,5.839333333333333,75.28666666666666,,22.606611111111114
2018-07-04 09:00:00,0.9305333333333333,71.07466666666667,12.610666666666667,5.934666666666667,89.61999999999999,,22.91283333333333
2018-07-04 09:15:00,0.9585333333333333,67.458,12.846,6.296666666666667,86.60066666666667,,22.843833333333333
2018-07-04 09:30:00,0.9904666666666666,68.10666666666667,13.740666666666666,6.468,88.31533333333333,,22.916
2018-07-04 09:45:00,0.9708666666666665,54.37266666666667,13.377999999999998,6.054666666666666,73.80533333333332,,22.959333333333333
2018-07-04 10:00:00,0.9742,62.361999999999995,13.222666666666667,6.216666666666667,81.80133333333333,,23.272666666666666
2018-07-04 10:15:00,0.9581333333333333,58.117333333333335,13.118666666666666,5.978666666666666,77.21466666666667,,23.297388888888886
2018-07-04 10:30:00,0.871,66.06400000000001,13.359333333333334,6.192666666666667,85.616,,23.285500000000003
2018-07-04 10:45:00,0.9360666666666667,55.848,12.944666666666667,5.712000000000001,74.50466666666667,,22.926833333333335
2018-07-04 11:00:00,0.9424666666666667,62.734,12.775333333333334,6.016,81.52533333333334,,22.90716666666667
2018-07-04 11:15:00,0.9541999999999999,66.56400000000001,12.813333333333333,6.206666666666666,85.584,,22.388444444444442
2018-07-04 11:30:00,0.956,50.266666666666666,12.738666666666667,6.366,69.37133333333333,,23.122555555555554
2018-07-04 11:45:00,0.9377333333333333,0.0,12.434666666666667,6.268,18.70266666666667,,24.28088888888889
2018-07-04 12:00:00,0.7553333333333333,0.0,9.304666666666666,5.748,15.052666666666665,,25.762222222222224
2018-07-04 12:15:00,0.7086,0.0,8.918666666666667,5.203333333333333,14.122000000000002,,26.604
2018-07-04 12:30:00,0.6963333333333334,0.0,8.960666666666667,4.918666666666667,13.879333333333333,,27.208666666666666
2018-07-04 12:45:00,0.7162000000000001,1.1713333333333333,9.258000000000001,5.016000000000001,15.445333333333334,,27.404999999999998
2018-07-04 13:00:00,0.8612666666666667,86.02666666666667,11.925333333333333,5.2379999999999995,103.19,,26.550555555555555
2018-07-04 13:15:00,0.9456666666666665,85.41466666666666,12.632,6.214666666666667,104.26133333333334,,23.91138888888889
2018-07-04 13:30:00,0.9546666666666667,68.39333333333335,12.867333333333333,6.160666666666667,87.42133333333332,,22.776
2018-07-04 13:45:00,0.9866666666666667,64.89533333333334,13.413333333333332,6.635999999999999,84.94466666666668,,23.041999999999998
2018-07-04 14:00:00,0.9520666666666666,55.45333333333333,13.638,6.616,75.70733333333332,,23.226
2018-07-04 14:15:00,0.9687333333333332,64.744,13.242666666666667,6.175333333333333,84.162,,23.192
2018-07-04 14:30:00,0.9814,42.830000000000005,13.228000000000002,6.352666666666666,62.410666666666664,,23.108833333333333
2018-07-04 14:45:00,0.9833333333333333,61.84466666666666,13.416,6.202,81.46266666666666,,23.487166666666667
2018-07-04 15:00:00,0.9745333333333334,55.49933333333333,13.161333333333335,6.266666666666667,74.92733333333334,,23.286833333333334
2018-07-04 15:15:00,0.9782,70.47,13.224,6.3566666666666665,90.05066666666667,,23.243555555555556
2018-07-04 15:30:00,0.9880666666666666,64.876,13.502,6.3133333333333335,84.69133333333333,,22.910833333333333
2018-07-04 15:45:00,0.9676666666666667,55.062,13.346,6.0153333333333325,74.42333333333333,,22.852833333333333
2018-07-04 16:00:00,0.9652666666666666,67.67466666666667,13.277333333333333,6.5,87.452,,22.862666666666666
2018-07-04 16:15:00,0.9186,67.6,12.479333333333333,5.8293333333333335,85.90866666666666,,22.561111111111114
2018-07-04 16:30:00,0.9012666666666667,0.0,12.383999999999999,5.578666666666667,17.962666666666667,,23.306222222222225
2018-07-04 16:45:00,0.8716,0.0,12.714666666666666,5.692666666666667,18.407333333333334,,25.251777777777775
2018-07-04 17:00:00,0.7570666666666667,0.0,11.271333333333333,4.3,15.571333333333333,,26.372833333333332
2018-07-04 17:15:00,0.6607333333333333,0.0,9.763333333333332,3.405333333333333,13.168666666666667,,26.7895
2018-07-04 17:30:00,0.6546000000000001,0.0,9.555333333333332,3.491333333333333,13.046666666666665,,27.218666666666664
2018-07-04 17:45:00,0.6557333333333334,0.0,10.16,3.3040000000000003,13.464,,27.437055555555556
2018-07-04 18:00:00,0.6032,0.0,9.168666666666667,2.852,12.020666666666667,,27.53111111111111
2018-07-04 18:15:00,0.6043999999999999,0.0,9.007333333333333,3.036,12.043333333333333,,27.49272222222222
2018-07-04 18:30:00,0.5887999999999999,0.0,9.052666666666665,2.677333333333334,11.729999999999999,,27.545944444444444
2018-07-04 18:45:00,0.5810666666666666,0.0,9.054666666666666,2.528,11.582666666666666,,27.675055555555556
2018-07-04 19:00:00,0.5536666666666666,0.0,8.614666666666666,2.4193333333333333,11.033999999999999,,27.445888888888888
2018-07-04 19:15:00,0.5143333333333333,0.0,8.143333333333334,2.1086666666666662,10.252,,27.579833333333333
2018-07-04 19:30:00,0.45766666666666667,0.0,7.02,2.0973333333333333,9.117333333333333,,27.569555555555556
2018-07-04 19:45:00,0.444,0.0,7.046666666666667,1.8,8.846666666666668,,27.36311111111111
2018-07-04 20:00:00,0.3433333333333333,0.0,5.240666666666667,1.6,6.8406666666666665,,27.483555555555554
2018-07-04 20:15:00,0.23993333333333336,0.0,3.2766666666666664,1.506,4.782666666666667,,27.45555555555556
2018-07-04 20:30:00,0.20800000000000002,0.0,2.522,1.6219999999999999,4.144,,27.4485
2018-07-04 20:45:00,0.19926666666666665,0.0,2.4386666666666668,1.5333333333333334,3.972,,27.484666666666666
2018-07-04 21:00:00,0.13500000000000004,0.0,1.1273333333333333,1.568,2.695333333333333,,27.384666666666664
2018-07-04 21:15:00,0.13306666666666667,0.0,1.2340000000000002,1.4233333333333331,2.6573333333333333,,27.357833333333335
2018-07-04 21:30:00,0.07726666666666666,0.0,0.4726666666666667,1.0699999999999998,1.5426666666666664,,27.38288888888889
2018-07-04 21:45:00,0.067,0.0,0.2700000000000001,1.0633333333333332,1.3333333333333333,,27.403555555555556
2018-07-04 22:00:00,0.05386666666666666,0.0,0.07266666666666667,0.9986666666666667,1.0713333333333332,,27.291999999999998
2018-07-04 22:15:00,0.05106666666666667,0.0,0.05333333333333334,0.962,1.0153333333333334,,27.35288888888889
2018-07-04 22:30:00,0.050666666666666665,0.0,0.054000000000000006,0.9546666666666667,1.0086666666666668,,27.18938888888889
2018-07-04 22:45:00,0.05173333333333333,0.0,0.05333333333333334,0.9760000000000001,1.0293333333333334,,27.14038888888889
2018-07-04 23:00:00,0.0596,0.0,0.21133333333333332,0.9753333333333333,1.1866666666666668,,27.161166666666666
2018-07-04 23:15:00,0.0598,0.0,0.05533333333333334,1.1353333333333333,1.1906666666666665,,27.241
2018-07-04 23:30:00,0.05506666666666667,0.0,0.051333333333333335,1.0426666666666664,1.0939999999999999,,27.145888888888887
2018-07-04 23:45:00,0.05306666666666667,0.0,0.050666666666666665,1.0059999999999998,1.0566666666666666,,27.137944444444443
2018-07-05 00:00:00,0.053933333333333326,0.0,0.13,0.9433333333333334,1.0733333333333335,,27.165
2018-07-05 00:15:00,0.0594,0.0,0.3186666666666667,0.8633333333333334,1.182,,27.22311111111111
2018-07-05 00:30:00,0.0562,0.0,0.16933333333333334,0.9493333333333334,1.1186666666666665,,27.240666666666662
2018-07-05 00:45:00,0.05506666666666667,0.0,0.06266666666666668,1.0326666666666666,1.0953333333333333,,27.14611111111111
2018-07-05 01:00:00,0.054599999999999996,0.0,0.051333333333333335,1.0379999999999998,1.0893333333333333,,27.18433333333333
2018-07-05 01:15:00,0.051133333333333336,0.0,0.05266666666666667,0.9646666666666666,1.0173333333333334,,27.229
2018-07-05 01:30:00,0.059333333333333335,0.0,0.20533333333333334,0.9773333333333333,1.1826666666666665,,27.337611111111112
2018-07-05 01:45:00,0.05046666666666667,0.0,0.051333333333333335,0.954,1.0053333333333332,,27.247
2018-07-05 02:00:00,0.049466666666666666,0.0,0.05266666666666667,0.9326666666666665,0.9853333333333333,,27.24088888888889
2018-07-05 02:15:00,0.050666666666666665,0.0,0.05333333333333334,0.9553333333333333,1.0086666666666666,,27.243944444444445
2018-07-05 02:30:00,0.04653333333333333,0.0,0.062000000000000006,0.866,0.9280000000000002,,27.23472222222222
2018-07-05 02:45:00,0.05773333333333333,0.0,0.19333333333333336,0.9546666666666667,1.148,,27.296722222222222
2018-07-05 03:00:00,0.0522,0.0,0.05266666666666667,0.9873333333333333,1.04,,27.179055555555557
2018-07-05 03:15:00,0.0494,0.0,0.054000000000000006,0.928,0.982,,27.216
2018-07-05 03:30:00,0.05486666666666666,0.0,0.05333333333333334,1.0373333333333334,1.0906666666666667,,27.215833333333332
2018-07-05 03:45:00,0.061000000000000006,0.0,0.20266666666666666,1.012,1.2146666666666666,,27.262333333333334
2018-07-05 04:00:00,0.05279999999999999,0.0,0.07133333333333333,0.98,1.0513333333333332,,27.18616666666667
2018-07-05 04:15:00,0.0564,0.0,0.16466666666666668,0.9573333333333333,1.1219999999999999,,27.183
2018-07-05 04:30:00,0.04933333333333333,0.0,0.17266666666666666,0.8093333333333333,0.982,,27.282722222222223
2018-07-05 04:45:00,0.049466666666666666,0.0,0.10066666666666667,0.8813333333333334,0.982,,27.177
2018-07-05 05:00:00,0.06813333333333334,0.0,0.20600000000000002,1.1513333333333333,1.3573333333333333,,27.174166666666668
2018-07-05 05:15:00,0.08473333333333333,0.0,0.4573333333333333,1.2313333333333332,1.6886666666666665,,27.182666666666663
2018-07-05 05:30:00,0.44139999999999996,0.0,6.078,2.720666666666667,8.798666666666666,,27.189666666666668
2018-07-05 05:45:00,0.36926666666666663,0.0,5.522,1.8353333333333333,7.357333333333333,,27.176666666666666
2018-07-05 06:00:00,0.3043333333333333,0.0,4.855333333333333,1.2086666666666666,6.063999999999999,,27.205
2018-07-05 06:15:00,0.3674,0.0,5.656666666666666,1.665333333333333,7.322,,27.305777777777777
2018-07-05 06:30:00,0.37753333333333333,0.0,5.8066666666666675,1.7193333333333334,7.526,,27.496777777777776
2018-07-05 06:45:00,0.386,0.0,5.946666666666667,1.7493333333333334,7.696,,27.770555555555557
2018-07-05 07:00:00,0.48733333333333334,0.0,7.3,2.414,9.713999999999999,,27.941111111111113
2018-07-05 07:15:00,0.6076666666666667,0.0,8.588,3.520666666666666,12.108666666666666,,28.00011111111111
2018-07-05 07:30:00,0.6498,1.413333333333333,9.916,3.036,14.365333333333332,,28.308555555555554
2018-07-05 07:45:00,0.7158,86.07666666666667,10.67,3.594,100.34066666666666,,27.049666666666667
2018-07-05 08:00:00,0.7909333333333334,96.64666666666668,11.425333333333333,4.3406666666666665,112.41266666666667,,24.006555555555558
2018-07-05 08:15:00,0.84,80.98266666666667,12.153333333333334,4.591333333333334,97.72733333333333,,22.51311111111111
2018-07-05 08:30:00,0.8393333333333334,74.37666666666668,11.998666666666667,4.733333333333333,91.10866666666666,,22.28611111111111
2018-07-05 08:45:00,0.8605333333333333,64.94733333333333,12.193333333333333,4.984666666666667,82.12533333333333,,22.46988888888889
2018-07-05 09:00:00,0.9414666666666667,55.268,13.037333333333333,5.727333333333333,74.03266666666667,,22.515555555555558
2018-07-05 09:15:00,0.9561333333333333,68.28666666666666,12.890666666666668,6.166666666666667,87.34400000000001,,22.67711111111111
2018-07-05 09:30:00,0.9716,65.95866666666667,12.776666666666667,6.59,85.32533333333332,,22.489555555555555
2018-07-05 09:45:00,0.9390666666666667,51.54933333333334,12.459333333333332,6.256666666666666,70.26533333333333,,22.656444444444446
2018-07-05 10:00:00,0.9312,52.44266666666667,13.33,6.612,72.38466666666666,,23.222555555555555
2018-07-05 10:15:00,0.9471333333333333,67.73466666666667,12.578666666666667,6.439333333333334,86.75266666666667,,23.42788888888889
2018-07-05 10:30:00,0.9403333333333334,62.553333333333335,12.278666666666664,6.462,81.29400000000001,,22.999777777777776
2018-07-05 10:45:00,0.9263999999999999,61.690666666666665,12.908666666666667,6.492666666666667,81.092,,22.890222222222224
2018-07-05 11:00:00,0.9270666666666666,58.769333333333336,13.157333333333332,6.436666666666667,78.36333333333333,,23.06711111111111
2018-07-05 11:15:00,0.9674666666666667,61.3,12.868666666666664,6.416666666666667,80.58533333333334,,23.272444444444442
2018-07-05 11:30:00,0.9396,62.32333333333334,13.186,6.611999999999999,82.12133333333333,,23.102
2018-07-05 11:45:00,0.9380666666666666,0.0,12.793333333333333,5.9,18.69333333333333,,23.766666666666666
2018-07-05 12:00:00,0.7904,0.0,10.4,5.351333333333333,15.751333333333333,,25.593555555555557
2018-07-05 12:15:00,0.7508,0.0,9.732000000000001,5.228666666666666,14.960666666666667,,26.591333333333335
2018-07-05 12:30:00,0.7398,0.0,9.586,5.156000000000001,14.741999999999999,,27.100666666666665
2018-07-05 12:45:00,0.7436,1.1073333333333333,9.591333333333333,5.227333333333333,15.925999999999998,,27.400222222222222
2018-07-05 13:00:00,0.8472000000000001,84.55466666666666,11.604000000000001,5.281333333333333,101.44000000000001,,26.46488888888889
2018-07-05 13:15:00,0.9218666666666666,79.92266666666666,12.621333333333332,5.75,98.294,,23.662222222222223
2018-07-05 13:30:00,0.9505333333333332,66.578,12.807333333333334,6.14,85.52533333333334,,22.862666666666666
2018-07-05 13:45:00,0.9615333333333334,60.996,12.882000000000001,6.284666666666667,80.16266666666667,,22.793333333333333
2018-07-05 14:00:00,0.9466666666666667,58.63466666666667,12.581333333333333,6.2860000000000005,77.502,,23.06511111111111
2018-07-05 14:15:00,0.9638666666666666,60.84733333333334,13.067333333333332,6.1979999999999995,80.11266666666667,,23.223555555555556
2018-07-05 14:30:00,0.9799333333333333,63.20733333333333,13.198,6.489333333333334,82.89466666666667,,22.84722222222222
2018-07-05 14:45:00,0.9765333333333334,63.537333333333336,13.443333333333333,6.371333333333334,83.352,,22.90822222222222
2018-07-05 15:00:00,0.9793999999999999,57.244,13.4,6.156666666666666,76.80066666666667,,22.882
2018-07-05 15:15:00,0.9562666666666666,58.94533333333333,13.731333333333334,6.901333333333333,79.578,,23.142666666666667
2018-07-05 15:30:00,0.9906666666666666,60.168,13.311333333333334,6.5120000000000005,79.99133333333334,,23.11444444444444
2018-07-05 15:45:00,0.9676666666666667,63.59666666666667,14.078000000000001,6.512,84.18666666666667,,22.869777777777777
2018-07-05 16:00:00,0.9588666666666666,61.94333333333334,13.188666666666666,6.043333333333334,81.17533333333334,,22.700333333333333
2018-07-05 16:15:00,0.9692666666666666,60.936666666666675,13.266666666666667,6.088,80.29133333333334,,22.077333333333335
2018-07-05 16:30:00,0.9242,0.0,12.908,5.513333333333334,18.421333333333333,,23.493777777777776
2018-07-05 16:45:00,0.9239999999999999,0.0,12.654,5.761333333333334,18.415333333333333,,25.522333333333332
2018-07-05 17:00:00,0.7977333333333334,0.0,12.157333333333334,4.528666666666667,16.686,,26.39688888888889
2018-07-05 17:15:00,0.7344666666666666,0.0,11.383333333333333,3.7299999999999995,15.113333333333333,,26.82988888888889
2018-07-05 17:30:00,0.6492,0.0,10.094666666666667,3.3146666666666667,13.409333333333334,,27.066111111111113
2018-07-05 17:45:00,0.6179333333333333,0.0,9.180666666666667,3.135333333333333,12.316,,27.265777777777778
2018-07-05 18:00:00,0.6104666666666667,0.0,9.778666666666664,2.7266666666666666,12.505333333333333,,27.448222222222224
2018-07-05 18:15:00,0.5332666666666667,0.0,8.01,2.62,10.629999999999999,,27.516666666666666
2018-07-05 18:30:00,0.4911333333333333,0.0,7.593333333333333,2.192,9.785333333333332,,27.477555555555558
2018-07-05 18:45:00,0.4810666666666667,0.0,7.620666666666666,1.9646666666666668,9.585333333333333,,27.589444444444446
2018-07-05 19:00:00,0.4786,0.0,7.374666666666667,2.23,9.604666666666667,,27.616222222222223
2018-07-05 19:15:00,0.4344,0.0,6.541333333333333,2.116,8.657333333333334,,27.592444444444443
2018-07-05 19:30:00,0.3572666666666667,0.0,5.229333333333333,1.8906666666666667,7.12,,27.686222222222224
2018-07-05 19:45:00,0.30546666666666666,0.0,4.492,1.594,6.086,,27.56988888888889
2018-07-05 20:00:00,0.23379999999999998,0.0,3.243333333333333,1.4173333333333333,4.660666666666667,,27.537333333333333
2018-07-05 20:15:00,0.23073333333333335,0.0,3.0660000000000003,1.5353333333333334,4.601333333333333,,27.506888888888888
2018-07-05 20:30:00,0.20393333333333336,0.0,2.466666666666667,1.596,4.062666666666667,,27.402222222222225
2018-07-05 20:45:00,0.19866666666666666,0.0,2.518666666666667,1.4386666666666668,3.957333333333333,,27.31811111111111
2018-07-05 21:00:00,0.16820000000000002,0.0,1.9493333333333331,1.3986666666666667,3.348,,27.314222222222224
2018-07-05 21:15:00,0.16140000000000002,0.0,1.8399999999999999,1.3726666666666667,3.2126666666666663,,27.230555555555554
2018-07-05 21:30:00,0.16173333333333334,0.0,1.815333333333333,1.4053333333333333,3.2206666666666663,,27.2
2018-07-05 21:45:00,0.16873333333333335,0.0,1.8946666666666665,1.4646666666666666,3.3593333333333333,,27.252
2018-07-05 22:00:00,0.16760000000000003,0.0,1.8,1.5373333333333332,3.3373333333333335,,27.179777777777776
2018-07-05 22:15:00,0.15506666666666666,0.0,1.6526666666666665,1.436,3.0886666666666667,,27.227555555555558
2018-07-05 22:30:00,0.1524,0.0,1.762,1.2713333333333334,3.033333333333333,,27.22533333333333
2018-07-05 22:45:00,0.10033333333333334,0.0,1.1253333333333333,0.8780000000000001,2.0033333333333334,,27.228666666666665
2018-07-05 23:00:00,0.0702,0.0,0.5526666666666668,0.8473333333333333,1.4,,27.22888888888889
2018-07-05 23:15:00,0.052533333333333335,0.0,0.052000000000000005,0.994,1.046,,27.228222222222218
2018-07-05 23:30:00,0.05453333333333333,0.0,0.05466666666666667,1.028,1.0826666666666667,,27.215777777777777
2018-07-05 23:45:00,0.05226666666666666,0.0,0.051333333333333335,0.9893333333333333,1.0406666666666666,,27.21044444444444
2018-07-06 00:00:00,0.0522,0.0,0.05466666666666667,0.9846666666666667,1.0393333333333332,,27.211777777777783
2018-07-06 00:15:00,0.06133333333333334,0.0,0.20666666666666667,1.0146666666666666,1.2213333333333334,,27.218666666666664
2018-07-06 00:30:00,0.049133333333333334,0.0,0.05466666666666667,0.9246666666666667,0.9793333333333334,,27.224222222222224
2018-07-06 00:45:00,0.0518,0.0,0.054000000000000006,0.9753333333333333,1.0293333333333334,,27.18311111111111
2018-07-06 01:00:00,0.05046666666666667,0.0,0.052000000000000005,0.9506666666666667,1.0026666666666668,,27.212777777777777
2018-07-06 01:15:00,0.05373333333333333,0.0,0.156,0.916,1.072,,27.215333333333334
2018-07-06 01:30:00,0.05506666666666667,0.0,0.20400000000000001,0.892,1.096,,27.336444444444446
2018-07-06 01:45:00,0.06106666666666667,0.0,0.164,1.0539999999999998,1.2179999999999997,,27.21622222222222
2018-07-06 02:00:00,0.05593333333333333,0.0,0.13533333333333336,0.9766666666666667,1.1119999999999999,,27.205166666666667
2018-07-06 02:15:00,0.05653333333333333,0.0,0.052000000000000005,1.0726666666666667,1.1246666666666667,,27.180555555555554
2018-07-06 02:30:00,0.057133333333333335,0.0,0.20400000000000001,0.9326666666666668,1.1366666666666667,,27.086444444444446
2018-07-06 02:45:00,0.0502,0.0,0.04933333333333333,0.9500000000000001,0.9993333333333333,,27.33288888888889
2018-07-06 03:00:00,0.0484,0.0,0.05533333333333334,0.9093333333333333,0.9646666666666667,,27.241833333333332
2018-07-06 03:15:00,0.0474,0.0,0.05266666666666667,0.8880000000000001,0.9406666666666668,,27.13383333333333
2018-07-06 03:30:00,0.04873333333333333,0.0,0.05266666666666667,0.9153333333333333,0.9680000000000001,,27.110833333333336
2018-07-06 03:45:00,0.06733333333333333,0.0,0.20666666666666667,1.136,1.3426666666666667,,27.19038888888889
2018-07-06 04:00:00,0.05286666666666666,0.0,0.054000000000000006,0.9973333333333334,1.0513333333333332,,27.12538888888889
2018-07-06 04:15:00,0.0508,0.0,0.05266666666666667,0.9566666666666667,1.0093333333333334,,27.137
2018-07-06 04:30:00,0.052733333333333327,0.0,0.05266666666666667,0.9973333333333333,1.05,,27.133166666666668
2018-07-06 04:45:00,0.0608,0.0,0.2546666666666667,0.9580000000000001,1.2126666666666668,,27.104333333333333
2018-07-06 05:00:00,0.057466666666666666,0.0,0.16,0.9853333333333333,1.1453333333333333,,27.168166666666664
2018-07-06 05:15:00,0.06213333333333334,0.0,0.2833333333333333,0.9546666666666667,1.238,,27.130166666666664
2018-07-06 05:30:00,0.0744,0.0,0.518,0.9666666666666668,1.4846666666666668,,27.115555555555556
2018-07-06 05:45:00,0.2843333333333333,0.0,3.5813333333333333,2.087333333333333,5.668666666666667,,27.096333333333334
2018-07-06 06:00:00,0.425,0.0,5.929999999999999,2.5420000000000003,8.472,,27.132833333333334
2018-07-06 06:15:00,0.36920000000000003,0.0,5.496666666666667,1.8619999999999999,7.358666666666667,,27.281
2018-07-06 06:30:00,0.36606666666666665,0.0,5.8,1.4966666666666666,7.296666666666667,,27.23483333333333
2018-07-06 06:45:00,0.41226666666666667,0.0,6.1160000000000005,2.102,8.218,,27.331666666666667
2018-07-06 07:00:00,0.4996,0.0,7.4399999999999995,2.5186666666666664,9.958666666666666,,27.551277777777777
2018-07-06 07:15:00,0.5696,0.0,8.274666666666667,3.0773333333333337,11.352,,27.762777777777778
2018-07-06 07:30:00,0.6158,1.389333333333333,9.373333333333333,3.1300000000000003,13.892666666666665,,27.778000000000002
2018-07-06 07:45:00,0.6572666666666667,83.926,9.822,3.277333333333333,97.02533333333332,,26.69816666666667
2018-07-06 08:00:00,0.7303333333333334,79.35,10.221333333333332,4.333333333333333,93.90466666666666,,24.141166666666667
2018-07-06 08:15:00,0.7872666666666667,70.72599999999998,11.357333333333335,4.941999999999999,87.02533333333334,,23.071166666666667
2018-07-06 08:30:00,0.8965333333333334,65.00533333333333,12.432666666666668,5.434666666666667,82.87266666666666,,22.97377777777778
2018-07-06 08:45:00,0.9284,51.275333333333336,13.899333333333333,5.788666666666667,70.96333333333334,,22.859222222222222
2018-07-06 09:00:00,0.9062,61.498000000000005,12.967333333333332,5.091333333333334,79.55666666666666,,23.304333333333332
2018-07-06 09:15:00,0.9050666666666667,64.23733333333332,12.594,5.441999999999999,82.27333333333333,,23.141333333333332
2018-07-06 09:30:00,0.9408,65.80466666666666,12.887333333333334,5.864000000000001,84.556,,22.997833333333332
2018-07-06 09:45:00,0.9521999999999999,62.294666666666664,13.226666666666667,5.752,81.27333333333333,,22.958166666666667
2018-07-06 10:00:00,0.9727333333333333,55.426,13.330000000000002,6.102666666666666,74.85866666666666,,22.98483333333333
2018-07-06 10:15:00,0.943,59.09133333333333,12.934000000000001,5.941333333333334,77.96666666666667,,23.10694444444444
2018-07-06 10:30:00,0.9382666666666667,64.40333333333334,12.85,5.849333333333333,83.10266666666666,,23.06577777777778
2018-07-06 10:45:00,0.9536666666666667,62.769999999999996,13.040666666666665,5.967333333333333,81.778,,22.86927777777778
2018-07-06 11:00:00,0.9543999999999999,64.79066666666667,13.104666666666667,5.916666666666667,83.812,,22.711222222222222
2018-07-06 11:15:00,0.9740666666666666,58.378,13.312666666666667,6.124666666666667,77.81533333333333,,22.744333333333334
2018-07-06 11:30:00,0.9675999999999999,57.20733333333333,13.469333333333333,5.926666666666666,76.60333333333332,,23.02766666666667
2018-07-06 11:45:00,0.9879333333333332,0.8646666666666667,13.564,6.192666666666667,20.621333333333332,,23.871388888888887
2018-07-06 12:00:00,0.9418000000000001,0.8640000000000001,12.889999999999999,5.885999999999999,19.64,,25.61411111111111
2018-07-06 12:15:00,0.878,0.0026666666666666666,12.003333333333334,5.494666666666666,17.500666666666667,,26.762
2018-07-06 12:30:00,0.872,0.6246666666666667,12.430666666666667,5.742,18.797333333333334,,27.346166666666665
2018-07-06 12:45:00,0.8816,1.512,12.31,5.261333333333334,19.083333333333332,,27.508111111111113
2018-07-06 13:00:00,0.9024,85.498,12.606,5.376,103.48,,26.461555555555556
2018-07-06 13:15:00,0.9318666666666666,77.83066666666667,12.998,5.575333333333333,96.404,,24.08888888888889
2018-07-06 13:30:00,0.9586666666666666,63.785333333333334,13.137333333333334,6.025333333333333,82.94800000000001,,23.487555555555556
2018-07-06 13:45:00,0.9688666666666667,63.983333333333334,13.177999999999999,6.286,83.44733333333333,,23.450499999999998
2018-07-06 14:00:00,0.9359999999999999,62.64066666666666,13.274666666666667,6.501333333333333,82.41666666666667,,23.221333333333334
2018-07-06 14:15:00,0.9299999999999999,56.912,13.477333333333332,6.319999999999999,76.70933333333332,,23.210166666666666
2018-07-06 14:30:00,0.9705999999999999,57.542,13.209333333333332,6.1353333333333335,76.88666666666667,,22.97338888888889
2018-07-06 14:45:00,0.9918666666666667,64.964,13.788,6.094666666666667,84.84666666666666,,22.97533333333333
2018-07-06 15:00:00,0.9936,62.84533333333333,13.729333333333333,6.214666666666667,82.78933333333333,,22.874333333333333
2018-07-06 15:15:00,0.9725333333333332,60.26866666666667,13.335333333333333,6.162000000000001,79.766,,22.753444444444444
2018-07-06 15:30:00,0.9911333333333334,53.242666666666665,13.955333333333334,6.568666666666667,73.76666666666667,,22.910666666666668
2018-07-06 15:45:00,1.0,57.593333333333334,14.154,6.352,78.09933333333333,,22.958666666666666
2018-07-06 16:00:00,0.9388000000000001,58.175333333333334,13.245333333333333,5.701333333333333,77.122,,22.698833333333333
2018-07-06 16:15:00,0.9427333333333333,62.52733333333333,12.928,5.860666666666666,81.316,,22.730888888888888
2018-07-06 16:30:00,0.9112000000000001,0.0,12.477333333333332,5.682,18.159333333333333,,23.271
2018-07-06 16:45:00,0.9035333333333334,0.0,12.480666666666666,5.524,18.004666666666665,,25.122666666666667
2018-07-06 17:00:00,0.7799333333333334,0.0,11.056000000000001,4.486000000000001,15.542,,26.09177777777778
2018-07-06 17:15:00,0.7445333333333333,0.0,10.328000000000001,4.509333333333333,14.837333333333333,,26.72088888888889
2018-07-06 17:30:00,0.7379333333333332,0.0,10.35,4.354666666666666,14.704666666666666,,27.011333333333333
2018-07-06 17:45:00,0.6688666666666666,0.0006666666666666666,9.866666666666667,3.464,13.331333333333333,,27.171777777777777
2018-07-06 18:00:00,0.6378666666666667,0.0,9.459333333333332,3.251333333333333,12.710666666666667,,27.34877777777778
2018-07-06 18:15:00,0.6221333333333334,0.0,9.198,3.201333333333333,12.399333333333335,,27.604444444444443
2018-07-06 18:30:00,0.609,0.0,9.029333333333334,3.1039999999999996,12.133333333333331,,27.492555555555555
2018-07-06 18:45:00,0.5963999999999999,0.0,9.779333333333334,3.0766666666666667,12.856,,27.660444444444444
2018-07-06 19:00:00,0.5543333333333333,0.0,8.512666666666666,2.534,11.046666666666665,,27.878777777777778
2018-07-06 19:15:00,0.48893333333333333,0.0,7.331333333333333,2.4113333333333333,9.742666666666668,,27.676333333333332
2018-07-06 19:30:00,0.4533333333333333,0.0,6.940666666666668,2.0893333333333333,9.03,,27.625999999999998
2018-07-06 19:45:00,0.44606666666666667,0.0,6.9206666666666665,1.9653333333333334,8.886,,27.438388888888888
2018-07-06 20:00:00,0.37420000000000003,0.0,5.584666666666666,1.8713333333333333,7.4559999999999995,,27.268388888888886
2018-07-06 20:15:00,0.3190666666666667,0.0,4.669999999999999,1.686,6.355999999999999,,27.34777777777778
2018-07-06 20:30:00,0.2643333333333333,0.0,3.6453333333333333,1.6186666666666667,5.264,,27.208666666666666
2018-07-06 20:45:00,0.1836,0.0,2.0746666666666664,1.5833333333333333,3.658,,27.136666666666667
2018-07-06 21:00:00,0.1762,0.0,1.924,1.5853333333333335,3.509333333333333,,27.185499999999998
2018-07-06 21:15:00,0.1718,0.0,1.9713333333333332,1.4520000000000002,3.4233333333333333,,27.046333333333333
2018-07-06 21:30:00,0.1532,0.0,1.8246666666666664,1.224,3.0486666666666666,,26.989833333333333
2018-07-06 21:45:00,0.09333333333333332,0.0,1.0346666666666668,0.8273333333333334,1.8619999999999999,,26.9695
2018-07-06 22:00:00,0.06293333333333333,0.0,0.29800000000000004,0.9573333333333334,1.2553333333333334,,26.96833333333333
2018-07-06 22:15:00,0.05006666666666667,0.0,0.02333333333333333,0.9733333333333334,0.9966666666666667,,27.07922222222222
2018-07-06 22:30:00,0.05706666666666667,0.0,0.022000000000000002,1.1146666666666667,1.1366666666666665,,27.106888888888886
2018-07-06 22:45:00,0.0454,0.0,0.024,0.8813333333333334,0.9053333333333333,,27.104888888888887
2018-07-06 23:00:00,0.04253333333333333,0.0,0.08066666666666666,0.766,0.8466666666666666,,27.08822222222222
2018-07-06 23:15:00,0.054000000000000006,0.0,0.11866666666666667,0.9566666666666667,1.0753333333333333,,27.17877777777778
2018-07-06 23:30:00,0.044399999999999995,0.0,0.022000000000000002,0.8626666666666666,0.8846666666666666,,27.116444444444443
2018-07-06 23:45:00,0.04653333333333333,0.0,0.024,0.9006666666666666,0.9246666666666667,,27.10577777777778
2018-07-07 00:00:00,0.0514,0.0,0.021333333333333333,1.004,1.0253333333333334,,27.10822222222222
2018-07-07 00:15:00,0.059666666666666666,0.0,0.22733333333333333,0.9633333333333334,1.1906666666666665,,27.119555555555557
2018-07-07 00:30:00,0.05346666666666666,0.0,0.13933333333333336,0.9246666666666667,1.064,,27.21888888888889
2018-07-07 00:45:00,0.05573333333333333,0.0,0.14266666666666666,0.9686666666666667,1.1113333333333335,,27.256444444444448
2018-07-07 01:00:00,0.04546666666666666,0.0,0.07266666666666667,0.8313333333333333,0.904,,27.171777777777777
2018-07-07 01:15:00,0.04386666666666667,0.0,0.02333333333333333,0.8506666666666667,0.8740000000000001,,27.253333333333334
2018-07-07 01:30:00,0.05773333333333333,0.0,0.18133333333333335,0.9686666666666668,1.15,,27.17
2018-07-07 01:45:00,0.0514,0.0,0.02333333333333333,0.9986666666666667,1.022,,27.142444444444443
2018-07-07 02:00:00,0.05213333333333334,0.0,0.022000000000000002,1.0153333333333334,1.0373333333333334,,27.126666666666665
2018-07-07 02:15:00,0.0536,0.0,0.02266666666666667,1.0446666666666669,1.0673333333333335,,27.175333333333334
2018-07-07 02:30:00,0.053,0.0,0.02266666666666667,1.0333333333333334,1.056,,27.186666666666667
2018-07-07 02:45:00,0.06273333333333334,0.0,0.1686666666666667,1.0793333333333335,1.248,,27.203666666666667
2018-07-07 03:00:00,0.04986666666666666,0.0,0.02266666666666667,0.9713333333333334,0.994,,27.248222222222225
2018-07-07 03:15:00,0.04453333333333333,0.0,0.021333333333333333,0.8640000000000001,0.8853333333333334,,27.26311111111111
2018-07-07 03:30:00,0.04646666666666666,0.0,0.022000000000000002,0.9,0.922,,27.268444444444448
2018-07-07 03:45:00,0.056266666666666666,0.0,0.17400000000000002,0.946,1.12,,27.260833333333334
2018-07-07 04:00:00,0.05006666666666667,0.0,0.02266666666666667,0.9733333333333333,0.996,,27.28955555555556
2018-07-07 04:15:00,0.0492,0.0,0.02333333333333333,0.9526666666666668,0.9760000000000002,,27.412333333333333
2018-07-07 04:30:00,0.055266666666666665,0.0,0.07600000000000001,1.0213333333333334,1.0973333333333335,,27.263333333333332
2018-07-07 04:45:00,0.056266666666666666,0.0,0.136,0.982,1.1179999999999999,,27.35822222222222
2018-07-07 05:00:00,0.057466666666666666,0.0,0.30066666666666664,0.8413333333333334,1.142,,27.404444444444444
2018-07-07 05:15:00,0.0446,0.0,0.028,0.8580000000000001,0.886,,27.439333333333334
2018-07-07 05:30:00,0.04926666666666667,0.0,0.024666666666666667,0.9533333333333334,0.978,,27.319555555555556
2018-07-07 05:45:00,0.047466666666666664,0.0,0.02333333333333333,0.9213333333333334,0.9446666666666668,,27.101333333333336
2018-07-07 06:00:00,0.048266666666666666,0.0,0.022000000000000002,0.9406666666666667,0.9626666666666667,,27.221333333333334
2018-07-07 06:15:00,0.05853333333333333,0.0,0.18333333333333332,0.9819999999999999,1.1653333333333333,,27.217277777777777
2018-07-07 06:30:00,0.055266666666666665,0.0,0.1913333333333333,0.908,1.0993333333333335,,27.367555555555555
2018-07-07 06:45:00,0.048799999999999996,0.0,0.02266666666666667,0.9480000000000001,0.9706666666666667,,27.329166666666666
2018-07-07 07:00:00,0.050866666666666664,0.0,0.02266666666666667,0.99,1.0126666666666668,,27.232222222222223
2018-07-07 07:15:00,0.052333333333333336,0.0,0.198,0.8433333333333334,1.0413333333333332,,27.215833333333332
2018-07-07 07:30:00,0.046933333333333334,1.226,0.13266666666666668,0.8033333333333333,2.162,,27.197055555555554
2018-07-07 07:45:00,0.13506666666666664,67.822,1.7533333333333334,0.9380000000000001,70.51333333333334,,26.560666666666666
2018-07-07 08:00:00,0.23320000000000002,59.10333333333334,3.029333333333333,1.6219999999999999,63.754666666666665,,23.968555555555554
2018-07-07 08:15:00,0.24960000000000002,33.506,3.6839999999999997,1.292,38.482,,23.678833333333333
2018-07-07 08:30:00,0.2518,19.586666666666666,3.686,1.3339999999999999,24.606666666666666,,24.349777777777778
2018-07-07 08:45:00,0.24533333333333335,19.68,3.616,1.276,24.572000000000003,,26.039333333333335
2018-07-07 09:00:00,0.227,19.724666666666668,3.464,1.0613333333333335,24.25,,26.407333333333334
2018-07-07 09:15:00,0.24126666666666668,19.720000000000002,3.758666666666667,1.0526666666666666,24.531333333333333,,26.64911111111111
2018-07-07 09:30:00,0.25386666666666663,19.817333333333334,3.7479999999999998,1.3113333333333332,24.876666666666665,,26.765333333333334
2018-07-07 09:45:00,0.23773333333333332,19.843333333333337,3.64,1.0986666666666667,24.582,,26.881777777777778
2018-07-07 10:00:00,0.24993333333333334,19.948666666666668,3.6766666666666667,1.3066666666666669,24.932000000000002,,26.905555555555555
2018-07-07 10:15:00,0.2718666666666667,20.040000000000003,4.042666666666666,1.3786666666666665,25.461333333333332,,27.016222222222222
2018-07-07 10:30:00,0.26333333333333336,20.123333333333335,3.8793333333333333,1.3719999999999999,25.374666666666666,,27.05622222222222
2018-07-07 10:45:00,0.2564666666666667,20.128666666666668,3.9,1.2113333333333334,25.24,,27.09888888888889
2018-07-07 11:00:00,0.26466666666666666,20.264000000000003,4.0600000000000005,1.2166666666666666,25.540666666666667,,27.232000000000003
2018-07-07 11:15:00,0.2674,20.326,3.996666666666667,1.3373333333333333,25.66,,27.221666666666668
2018-07-07 11:30:00,0.2734666666666667,19.745333333333335,4.066666666666666,1.3853333333333333,25.197333333333333,,27.135111111111108
2018-07-07 11:45:00,0.2484,0.0,3.8026666666666666,1.15,4.9526666666666666,,27.294
2018-07-07 12:00:00,0.255,0.0,3.8266666666666667,1.2573333333333332,5.0840000000000005,,27.41177777777778
2018-07-07 12:15:00,0.25726666666666664,0.0,3.8400000000000003,1.29,5.13,,27.529833333333332
2018-07-07 12:30:00,0.2687333333333334,0.0,4.066,1.292,5.358,,27.613999999999997
2018-07-07 12:45:00,0.2596,0.42933333333333334,3.8113333333333332,1.3653333333333333,5.606,,27.643166666666666
2018-07-07 13:00:00,0.2567333333333333,20.899333333333335,3.8160000000000003,1.3046666666666666,26.02,,27.190333333333335
2018-07-07 13:15:00,0.24613333333333334,25.551333333333332,3.746666666666667,1.1613333333333336,30.459333333333333,,26.124166666666667
2018-07-07 13:30:00,0.2673333333333333,20.266666666666666,3.984,1.3466666666666667,25.59733333333333,,25.859055555555553
2018-07-07 13:45:00,0.2664666666666667,20.281333333333336,3.8526666666666665,1.4593333333333334,25.59333333333333,,25.958166666666667
2018-07-07 14:00:00,0.2632,20.246666666666666,3.829333333333333,1.4166666666666667,25.492666666666665,,25.916611111111113
2018-07-07 14:15:00,0.26293333333333335,20.219333333333335,3.7226666666666666,1.52,25.462,,26.049500000000002
2018-07-07 14:30:00,0.269,20.092666666666666,3.6813333333333333,1.6846666666666665,25.458666666666666,,25.93616666666667
2018-07-07 14:45:00,0.27326666666666666,19.836000000000002,3.8819999999999997,1.5646666666666667,25.282666666666668,,25.87027777777778
2018-07-07 15:00:00,0.26433333333333336,19.89,3.741333333333333,1.5286666666666668,25.16,,25.797
2018-07-07 15:15:00,0.26406666666666667,19.976666666666667,3.732666666666667,1.5333333333333334,25.242666666666665,,25.782222222222224
2018-07-07 15:30:00,0.2648,20.06,3.6893333333333334,1.5919999999999999,25.341333333333335,,25.930333333333337
2018-07-07 15:45:00,0.2747333333333334,20.180666666666664,3.970666666666667,1.5100000000000002,25.661333333333335,,26.10061111111111
2018-07-07 16:00:00,0.28220000000000006,20.072666666666667,3.8340000000000005,1.7913333333333332,25.697999999999997,,26.257722222222224
2018-07-07 16:15:00,0.27266666666666667,19.40666666666667,3.836666666666667,1.6,24.84333333333333,,25.805166666666665
2018-07-07 16:30:00,0.2687333333333334,0.0,3.8,1.5566666666666669,5.3566666666666665,,26.143500000000003
2018-07-07 16:45:00,0.26366666666666666,0.0,3.786,1.4706666666666666,5.256666666666666,,26.84711111111111
2018-07-07 17:00:00,0.26353333333333334,0.0,3.7199999999999998,1.5333333333333334,5.253333333333333,,27.298833333333334
2018-07-07 17:15:00,0.0786,0.0,0.332,1.2346666666666666,1.5666666666666667,,27.444166666666668
2018-07-07 17:30:00,0.047799999999999995,0.0,0.022000000000000002,0.9293333333333333,0.9513333333333333,,27.491833333333332
2018-07-07 17:45:00,0.04446666666666667,0.0,0.03866666666666666,0.8466666666666666,0.8853333333333333,,27.494833333333336
2018-07-07 18:00:00,0.055200000000000006,0.0,0.182,0.9179999999999999,1.1,,27.549111111111113
2018-07-07 18:15:00,0.04926666666666667,0.0,0.024666666666666667,0.9586666666666667,0.9833333333333333,,27.480833333333333
2018-07-07 18:30:00,0.05486666666666667,0.0,0.02333333333333333,1.0673333333333332,1.0906666666666667,,27.371111111111112
2018-07-07 18:45:00,0.04986666666666666,0.0,0.024,0.9713333333333334,0.9953333333333333,,27.42388888888889
2018-07-07 19:00:00,0.051666666666666666,0.0,0.11066666666666668,0.918,1.0286666666666668,,27.395722222222222
2018-07-07 19:15:00,0.05806666666666667,0.0,0.18800000000000003,0.9686666666666668,1.1566666666666667,,27.31977777777778
2018-07-07 19:30:00,0.05006666666666667,0.0,0.138,0.856,0.994,,27.33
2018-07-07 19:45:00,0.046599999999999996,0.0,0.10133333333333334,0.8260000000000001,0.9273333333333333,,27.366333333333333
2018-07-07 20:00:00,0.04886666666666666,0.0,0.024,0.9480000000000002,0.9720000000000001,,27.416166666666665
2018-07-07 20:15:00,0.05533333333333333,0.0,0.17933333333333332,0.9233333333333333,1.1026666666666667,,27.400333333333332
2018-07-07 20:30:00,0.0448,0.0,0.022000000000000002,0.8693333333333333,0.8913333333333334,,27.41444444444444
2018-07-07 20:45:00,0.046733333333333335,0.0,0.02333333333333333,0.9066666666666667,0.93,,27.479388888888888
2018-07-07 21:00:00,0.05106666666666667,0.0,0.022000000000000002,0.9946666666666667,1.0166666666666666,,27.443833333333334
2018-07-07 21:15:00,0.0536,0.0,0.022000000000000002,1.0446666666666666,1.0666666666666667,,27.469555555555555
2018-07-07 21:30:00,0.05146666666666667,0.0,0.18333333333333332,0.8433333333333334,1.0266666666666666,,27.543333333333333
2018-07-07 21:45:00,0.04426666666666667,0.0,0.02266666666666667,0.856,0.8786666666666668,,27.443555555555555
2018-07-07 22:00:00,0.048,0.0,0.02333333333333333,0.93,0.9533333333333334,,27.499111111111112
2018-07-07 22:15:00,0.04393333333333334,0.0,0.024,0.8506666666666667,0.8746666666666667,,27.38888888888889
2018-07-07 22:30:00,0.0392,0.0,0.02266666666666667,0.7533333333333334,0.776,,27.56855555555556
2018-07-07 22:45:00,0.0656,0.0,0.17733333333333334,1.129333333333333,1.3066666666666669,,27.51688888888889
2018-07-07 23:00:00,0.053933333333333326,0.0,0.02333333333333333,1.0479999999999998,1.0713333333333332,,27.535166666666665
2018-07-07 23:15:00,0.0434,0.0,0.022000000000000002,0.8400000000000001,0.8620000000000001,,27.532500000000002
2018-07-07 23:30:00,0.04413333333333334,0.0,0.021333333333333333,0.8546666666666667,0.876,,27.572666666666667
2018-07-07 23:45:00,0.053733333333333334,0.0,0.14400000000000002,0.9233333333333335,1.0673333333333335,,27.50111111111111
2018-07-08 00:00:00,0.0528,0.0,0.16733333333333336,0.8840000000000001,1.0513333333333335,,27.555833333333332
2018-07-08 00:15:00,0.048666666666666664,0.0,0.13866666666666666,0.8300000000000001,0.9686666666666668,,27.611722222222223
2018-07-08 00:30:00,0.04873333333333333,0.0,0.07933333333333334,0.8906666666666666,0.9700000000000001,,27.69888888888889
2018-07-08 00:45:00,0.049933333333333337,0.0,0.02266666666666667,0.9706666666666667,0.9933333333333334,,27.679666666666666
2018-07-08 01:00:00,0.055799999999999995,0.0,0.18133333333333335,0.9313333333333335,1.1126666666666667,,27.536833333333334
2018-07-08 01:15:00,0.045200000000000004,0.0,0.02266666666666667,0.878,0.9006666666666667,,27.564166666666665
2018-07-08 01:30:00,0.053733333333333334,0.0,0.022000000000000002,1.0479999999999998,1.07,,27.54483333333333
2018-07-08 01:45:00,0.046,0.0,0.02266666666666667,0.8953333333333334,0.918,,27.553333333333335
2018-07-08 02:00:00,0.04573333333333333,0.0,0.022000000000000002,0.886,0.908,,27.523444444444443
2018-07-08 02:15:00,0.055066666666666673,0.0,0.17933333333333332,0.916,1.0953333333333333,,27.572611111111108
2018-07-08 02:30:00,0.04713333333333333,0.0,0.024666666666666667,0.9133333333333334,0.9380000000000001,,27.560499999999998
2018-07-08 02:45:00,0.043533333333333334,0.0,0.020666666666666667,0.8420000000000001,0.8626666666666668,,27.54761111111111
2018-07-08 03:00:00,0.05773333333333333,0.0,0.02266666666666667,1.1273333333333333,1.15,,27.5175
2018-07-08 03:15:00,0.0552,0.0,0.062000000000000006,1.0366666666666666,1.0986666666666667,,27.532500000000002
2018-07-08 03:30:00,0.05286666666666666,0.0,0.13799999999999998,0.9133333333333336,1.0513333333333335,,27.541888888888888
2018-07-08 03:45:00,0.047933333333333335,0.0,0.024,0.9313333333333333,0.9553333333333335,,27.53072222222222
2018-07-08 04:00:00,0.047266666666666665,0.0,0.02266666666666667,0.9186666666666667,0.9413333333333334,,27.536833333333334
2018-07-08 04:15:00,0.04393333333333334,0.0,0.022000000000000002,0.8520000000000001,0.8740000000000001,,27.5405
2018-07-08 04:30:00,0.05246666666666667,0.0,0.20733333333333331,0.838,1.0453333333333334,,27.504666666666665
2018-07-08 04:45:00,0.05346666666666666,0.0,0.134,0.9313333333333333,1.0653333333333335,,27.564611111111113
2018-07-08 05:00:00,0.056799999999999996,0.0,0.14400000000000002,0.9873333333333334,1.1313333333333333,,27.553166666666666
2018-07-08 05:15:00,0.048666666666666664,0.0,0.054000000000000006,0.9160000000000001,0.9700000000000002,,27.555333333333333
2018-07-08 05:30:00,0.045599999999999995,0.0,0.022000000000000002,0.8846666666666666,0.9066666666666667,,27.470277777777778
2018-07-08 05:45:00,0.08446666666666666,0.0,0.632,1.0506666666666666,1.6826666666666665,,27.622166666666665
2018-07-08 06:00:00,0.14113333333333333,0.0,1.8526666666666667,0.9613333333333335,2.814,,27.608666666666668
2018-07-08 06:15:00,0.14013333333333333,0.0,1.834,0.9593333333333334,2.793333333333334,,27.611666666666668
2018-07-08 06:30:00,0.14926666666666666,0.0,2.0273333333333334,0.9506666666666667,2.978,,27.640666666666668
2018-07-08 06:45:00,0.14400000000000002,0.0,1.9420000000000002,0.9306666666666668,2.872666666666667,,27.70788888888889
2018-07-08 07:00:00,0.16106666666666666,0.0,2.186666666666667,1.0186666666666668,3.205333333333334,,27.755833333333335
2018-07-08 07:15:00,0.14926666666666666,0.0,1.85,1.1193333333333333,2.969333333333333,,27.75911111111111
2018-07-08 07:30:00,0.14766666666666667,0.0,1.9453333333333334,0.996,2.9413333333333336,,27.85205555555556
2018-07-08 07:45:00,0.1434666666666667,0.0,1.9166666666666667,0.9406666666666668,2.8573333333333335,,27.865666666666666
2018-07-08 08:00:00,0.15433333333333332,0.0,2.0953333333333335,0.9760000000000001,3.0713333333333335,,27.95622222222222
2018-07-08 08:15:00,0.14006666666666667,0.0,1.842,0.9486666666666665,2.7906666666666666,,27.908333333333335
2018-07-08 08:30:00,0.0498,0.0,0.024666666666666667,0.9680000000000001,0.9926666666666667,,27.942888888888888
2018-07-08 08:45:00,0.051666666666666666,0.0,0.024666666666666667,1.0026666666666668,1.0273333333333334,,28.088
2018-07-08 09:00:00,0.056466666666666665,0.0,0.178,0.9440000000000001,1.122,,28.117166666666666
2018-07-08 09:15:00,0.0524,0.0,0.02333333333333333,1.022,1.0453333333333332,,28.15377777777778
2018-07-08 09:30:00,0.05386666666666666,0.0,0.026000000000000002,1.046,1.072,,28.1945
2018-07-08 09:45:00,0.05126666666666667,0.0,0.024666666666666667,0.9953333333333334,1.02,,28.208166666666667
2018-07-08 10:00:00,0.055799999999999995,0.0,0.12000000000000001,0.99,1.11,,28.381500000000003
2018-07-08 10:15:00,0.0464,0.0,0.09266666666666667,0.8326666666666667,0.9253333333333333,,28.233
2018-07-08 10:30:00,0.05293333333333334,0.0,0.14133333333333334,0.914,1.0553333333333332,,28.24438888888889
2018-07-08 10:45:00,0.051666666666666666,0.0,0.14933333333333335,0.8806666666666667,1.03,,28.382444444444445
2018-07-08 11:00:00,0.10466666666666667,0.0,1.2173333333333334,0.872,2.0893333333333337,,28.436333333333334
2018-07-08 11:15:00,0.11933333333333333,0.0,1.3893333333333333,0.9920000000000001,2.381333333333333,,28.447
2018-07-08 11:30:00,0.11946666666666667,0.0,1.2420000000000002,1.1426666666666667,2.384666666666667,,28.506500000000003
2018-07-08 11:45:00,0.11566666666666667,0.0,1.3006666666666669,1.0086666666666668,2.3093333333333335,,28.555166666666665
2018-07-08 12:00:00,0.1016,0.0,1.02,1.0073333333333334,2.0273333333333334,,28.584777777777777
2018-07-08 12:15:00,0.11873333333333334,0.0,1.3233333333333335,1.0466666666666666,2.37,,28.78627777777778
2018-07-08 12:30:00,0.10873333333333333,0.0,1.276,0.8926666666666667,2.1686666666666667,,28.715722222222222
2018-07-08 12:45:00,0.1252,0.0,1.4893333333333334,1.0093333333333334,2.498666666666667,,28.584555555555553
2018-07-08 13:00:00,0.12793333333333334,0.0,1.4920000000000002,1.0613333333333332,2.5533333333333337,,28.86411111111111
2018-07-08 13:15:00,0.12646666666666667,0.0,1.4946666666666668,1.0293333333333334,2.524,,28.831
2018-07-08 13:30:00,0.12986666666666666,0.0,1.5680000000000003,1.0206666666666666,2.5886666666666667,,28.852277777777775
2018-07-08 13:45:00,0.12613333333333332,0.0,1.4206666666666667,1.0986666666666667,2.5193333333333334,,28.893666666666665
2018-07-08 14:00:00,0.1242,0.0,1.4460000000000002,1.0326666666666666,2.478666666666667,,28.79733333333333
2018-07-08 14:15:00,0.12040000000000001,0.0,1.2473333333333334,1.1573333333333333,2.4046666666666665,,28.77766666666667
2018-07-08 14:30:00,0.11826666666666667,0.0,1.296,1.0626666666666666,2.3586666666666667,,28.8245
2018-07-08 14:45:00,0.18319999999999997,0.0,2.564,1.0853333333333335,3.6493333333333333,,28.884666666666664
2018-07-08 15:00:00,0.17519999999999997,0.0,2.510666666666667,0.9806666666666667,3.491333333333334,,28.83372222222222
2018-07-08 15:15:00,0.1812,0.0,2.541333333333333,1.068,3.6093333333333333,,28.66933333333333
2018-07-08 15:30:00,0.18826666666666667,0.0,2.631333333333333,1.1173333333333333,3.7486666666666664,,28.804277777777777
2018-07-08 15:45:00,0.19373333333333334,0.0,2.7813333333333334,1.0773333333333333,3.8586666666666662,,28.75766666666667
2018-07-08 16:00:00,0.178,0.0,2.5900000000000003,0.9566666666666668,3.546666666666667,,28.702833333333334
2018-07-08 16:15:00,0.14806666666666668,0.0,1.8826666666666667,1.0646666666666667,2.9473333333333334,,28.705333333333332
2018-07-08 16:30:00,0.13673333333333335,0.0,1.7040000000000002,1.0186666666666666,2.722666666666667,,28.696166666666667
2018-07-08 16:45:00,0.14826666666666669,0.0,1.9766666666666668,0.9786666666666667,2.9553333333333334,,28.702666666666666
2018-07-08 17:00:00,0.14513333333333334,0.0,1.906,0.9866666666666667,2.8926666666666665,,28.706333333333337
2018-07-08 17:15:00,0.12053333333333334,0.0,1.522,0.8833333333333333,2.405333333333333,,28.729666666666667
2018-07-08 17:30:00,0.04653333333333333,0.0,0.024,0.902,0.926,,28.698500000000003
2018-07-08 17:45:00,0.04206666666666667,0.0,0.02266666666666667,0.8160000000000001,0.8386666666666668,,28.667944444444444
2018-07-08 18:00:00,0.056666666666666664,0.0,0.17733333333333334,0.9506666666666667,1.1280000000000001,,28.639222222222223
2018-07-08 18:15:00,0.0516,0.0,0.02266666666666667,1.0033333333333334,1.026,,28.656055555555557
2018-07-08 18:30:00,0.051133333333333336,0.0,0.022000000000000002,0.9926666666666667,1.0146666666666666,,28.63533333333333
2018-07-08 18:45:00,0.04853333333333333,0.0,0.022000000000000002,0.9420000000000001,0.9640000000000001,,28.59333333333333
2018-07-08 19:00:00,0.05793333333333333,0.0,0.18000000000000002,0.9753333333333334,1.1553333333333335,,28.575499999999998
2018-07-08 19:15:00,0.0412,0.0,0.02266666666666667,0.794,0.8166666666666667,,28.73072222222222
2018-07-08 19:30:00,0.043333333333333335,0.0,0.02333333333333333,0.8366666666666667,0.8600000000000001,,28.69183333333333
2018-07-08 19:45:00,0.05693333333333333,0.0,0.12533333333333335,1.0093333333333334,1.134666666666667,,28.638444444444442
2018-07-08 20:00:00,0.05346666666666666,0.0,0.14,0.9226666666666666,1.0626666666666666,,28.619166666666665
2018-07-08 20:15:00,0.054400000000000004,0.0,0.25,0.8326666666666667,1.0826666666666669,,28.572666666666667
2018-07-08 20:30:00,0.04786666666666666,0.0,0.021333333333333333,0.9293333333333335,0.9506666666666668,,28.731555555555556
2018-07-08 20:45:00,0.052333333333333336,0.0,0.024666666666666667,1.0173333333333334,1.042,,28.698666666666668
2018-07-08 21:00:00,0.053399999999999996,0.0,0.024,1.0393333333333332,1.0633333333333332,,28.776888888888887
2018-07-08 21:15:00,0.05173333333333333,0.0,0.17266666666666666,0.8553333333333334,1.028,,28.791999999999998
2018-07-08 21:30:00,0.04653333333333333,0.0,0.037333333333333336,0.8893333333333333,0.9266666666666666,,28.583333333333332
2018-07-08 21:45:00,0.04973333333333333,0.0,0.021333333333333333,0.9713333333333334,0.9926666666666667,,28.787333333333333
2018-07-08 22:00:00,0.0478,0.0,0.022000000000000002,0.9299999999999999,0.952,,28.775
2018-07-08 22:15:00,0.046599999999999996,0.0,0.022000000000000002,0.9046666666666667,0.9266666666666666,,28.432666666666666
2018-07-08 22:30:00,0.0598,0.0,0.178,1.0146666666666666,1.1926666666666668,,28.674666666666667
2018-07-08 22:45:00,0.05279999999999999,0.0,0.02266666666666667,1.03,1.0526666666666666,,28.62022222222222
2018-07-08 23:00:00,0.051933333333333324,0.0,0.02333333333333333,1.0113333333333334,1.0346666666666666,,28.672
2018-07-08 23:15:00,0.05,0.0,0.02266666666666667,0.9713333333333334,0.994,,28.678333333333335
2018-07-08 23:30:00,0.047933333333333335,0.0,0.18400000000000002,0.7666666666666667,0.9506666666666667,,28.642444444444443
2018-07-08 23:45:00,0.0504,0.0,0.02333333333333333,0.9793333333333334,1.0026666666666668,,28.621333333333332
2018-07-09 00:00:00,0.050133333333333335,0.0,0.022000000000000002,0.978,1.0,,28.62388888888889
2018-07-09 00:15:00,0.048799999999999996,0.0,0.09333333333333332,0.8786666666666668,0.9720000000000001,,28.592
2018-07-09 00:30:00,0.04053333333333333,0.0,0.12466666666666668,0.6813333333333333,0.8059999999999999,,28.59911111111111
2018-07-09 00:45:00,0.06593333333333333,0.0,0.2806666666666667,1.0353333333333334,1.316,,28.62911111111111
2018-07-09 01:00:00,0.0528,0.0,0.02266666666666667,1.0266666666666666,1.0493333333333335,,28.548222222222225
2018-07-09 01:15:00,0.05366666666666666,0.0,0.02333333333333333,1.0433333333333334,1.0666666666666667,,28.58088888888889
2018-07-09 01:30:00,0.04973333333333333,0.0,0.022000000000000002,0.9673333333333335,0.9893333333333334,,28.65688888888889
2018-07-09 01:45:00,0.053933333333333326,0.0,0.13733333333333334,0.936,1.0733333333333335,,28.636444444444447
2018-07-09 02:00:00,0.047066666666666666,0.0,0.06266666666666668,0.8740000000000001,0.9366666666666668,,28.579111111111114
2018-07-09 02:15:00,0.0444,0.0,0.02266666666666667,0.8580000000000001,0.8806666666666667,,28.623333333333335
2018-07-09 02:30:00,0.051133333333333336,0.0,0.02266666666666667,0.9920000000000001,1.0146666666666666,,28.57777777777778
2018-07-09 02:45:00,0.048133333333333334,0.0,0.022000000000000002,0.936,0.9580000000000001,,28.572000000000003
2018-07-09 03:00:00,0.057133333333333335,0.0,0.18533333333333332,0.9513333333333335,1.1366666666666667,,28.577555555555552
2018-07-09 03:15:00,0.05233333333333333,0.0,0.022000000000000002,1.02,1.042,,28.607333333333333
2018-07-09 03:30:00,0.048666666666666664,0.0,0.02266666666666667,0.9433333333333334,0.966,,28.641333333333332
2018-07-09 03:45:00,0.0432,0.0,0.02266666666666667,0.8360000000000001,0.8586666666666667,,28.598666666666666
2018-07-09 04:00:00,0.05633333333333333,0.0,0.10466666666666667,1.0166666666666666,1.1213333333333333,,28.618444444444446
2018-07-09 04:15:00,0.051333333333333335,0.0,0.09666666666666666,0.9246666666666667,1.0213333333333334,,28.628444444444444
2018-07-09 04:30:00,0.0422,0.0,0.020666666666666667,0.8160000000000001,0.8366666666666667,,28.618000000000002
2018-07-09 04:45:00,0.04393333333333334,0.0,0.07133333333333333,0.8019999999999999,0.8733333333333333,,28.57888888888889
2018-07-09 05:00:00,0.0562,0.0,0.14466666666666667,0.9753333333333334,1.12,,28.597555555555555
2018-07-09 05:15:00,0.12806666666666666,0.0,1.2666666666666666,1.2853333333333334,2.552,,28.679777777777776
2018-07-09 05:30:00,0.4408666666666667,0.0,5.914000000000001,2.872,8.786,,28.66577777777778
2018-07-09 05:45:00,0.33673333333333333,0.0,4.929333333333333,1.782,6.711333333333333,,28.717277777777777
2018-07-09 06:00:00,0.33986666666666665,0.0,5.572,1.2020000000000002,6.774,,28.716833333333334
2018-07-09 06:15:00,0.33659999999999995,0.0,5.471333333333333,1.2353333333333334,6.706666666666666,,28.638166666666667
2018-07-09 06:30:00,0.367,0.0,5.851333333333333,1.4633333333333334,7.314666666666667,,28.641444444444446
2018-07-09 06:45:00,0.3936,0.0,6.260666666666666,1.5853333333333335,7.846,,28.6665
2018-07-09 07:00:00,0.44173333333333337,0.0,6.946666666666667,1.858,8.804666666666666,,28.715333333333334
2018-07-09 07:15:00,0.565,0.0,8.174,3.0833333333333335,11.257333333333332,,28.801
2018-07-09 07:30:00,0.6096666666666667,1.3066666666666669,9.104666666666667,3.046666666666667,13.458,,28.87633333333333
2018-07-09 07:45:00,0.6888000000000001,85.83999999999999,10.094666666666665,3.6366666666666663,99.57133333333333,,28.03783333333333
2018-07-09 08:00:00,0.8050666666666667,106.09866666666667,11.457333333333333,4.588666666666667,122.14466666666667,,25.366
2018-07-09 08:15:00,0.8196666666666667,90.23933333333335,12.437333333333333,5.4093333333333335,108.086,,23.349444444444444
2018-07-09 08:30:00,0.8794000000000001,76.78266666666667,12.552666666666669,4.971333333333334,94.30666666666667,,22.643555555555555
2018-07-09 08:45:00,0.9042666666666667,81.894,12.481333333333335,5.538666666666668,99.914,,22.13711111111111
2018-07-09 09:00:00,0.8836666666666667,71.42466666666665,12.727333333333332,4.956666666666667,89.10866666666666,,22.43777777777778
2018-07-09 09:15:00,0.8536666666666667,72.38533333333334,12.181999999999999,4.8306666666666676,89.398,,22.470333333333333
2018-07-09 09:30:00,0.8948666666666667,70.90466666666666,12.308666666666666,5.551333333333333,88.76466666666667,,22.55666666666667
2018-07-09 09:45:00,0.8872,75.95533333333333,12.365333333333332,5.3133333333333335,93.634,,22.566111111111113
2018-07-09 10:00:00,0.9154,66.85733333333333,13.02,5.2219999999999995,85.09933333333333,,22.645944444444446
2018-07-09 10:15:00,0.9019333333333334,61.18066666666666,12.523333333333333,5.452666666666667,79.15666666666667,,22.8335
2018-07-09 10:30:00,0.8954000000000001,80.25133333333333,12.593333333333334,5.636,98.48066666666666,,23.022666666666666
2018-07-09 10:45:00,0.8911333333333334,66.908,12.931999999999999,4.824,84.664,,22.506666666666668
2018-07-09 11:00:00,0.9005333333333334,66.66533333333334,12.822000000000001,5.125333333333333,84.61266666666667,,22.832
2018-07-09 11:15:00,0.9323333333333333,67.27533333333334,12.962,5.6226666666666665,85.86,,23.016666666666666
2018-07-09 11:30:00,0.9235333333333333,67.60066666666667,12.761333333333333,5.646,86.00800000000001,,22.872055555555555
2018-07-09 11:45:00,0.8972666666666667,0.0,12.616000000000001,5.263333333333334,17.87933333333333,,23.66
2018-07-09 12:00:00,0.8572666666666666,0.0,11.853333333333333,5.228666666666667,17.082,,25.672666666666665
2018-07-09 12:15:00,0.7462,0.0,9.793333333333333,5.346,15.139333333333333,,26.732388888888888
2018-07-09 12:30:00,0.7096,0.0,9.01,5.134666666666666,14.144666666666668,,27.3085
2018-07-09 12:45:00,0.7146,1.0346666666666666,9.066666666666666,5.174666666666667,15.276,,27.828
2018-07-09 13:00:00,0.8035333333333333,88.20599999999999,11.389333333333333,5.136666666666667,104.732,,26.940388888888886
2018-07-09 13:15:00,0.8962666666666668,91.032,12.886,5.926666666666667,109.84466666666667,,23.972611111111114
2018-07-09 13:30:00,0.9304,74.41266666666667,12.620666666666667,5.9206666666666665,92.954,,23.01361111111111
2018-07-09 13:45:00,0.9300666666666667,62.45333333333333,12.765999999999998,6.298666666666666,81.518,,23.385833333333334
2018-07-09 14:00:00,0.9188666666666666,76.72800000000001,12.71,6.506,95.944,,23.170666666666666
2018-07-09 14:15:00,0.9526,62.720666666666666,12.844,6.141333333333334,81.70599999999999,,22.753333333333334
2018-07-09 14:30:00,0.9210666666666667,67.92533333333333,13.452666666666666,6.222666666666667,87.60066666666667,,23.029055555555555
2018-07-09 14:45:00,0.9204666666666667,69.36333333333333,12.898,5.947333333333334,88.20866666666666,,23.587333333333333
2018-07-09 15:00:00,0.9446666666666667,67.05133333333333,12.834666666666667,5.992666666666667,85.87866666666667,,23.703
2018-07-09 15:15:00,0.9359333333333333,59.058,12.584,6.069333333333334,77.71133333333334,,23.826
2018-07-09 15:30:00,0.9425333333333333,64.33333333333333,12.757333333333332,6.028666666666667,83.11933333333333,,24.135333333333335
2018-07-09 15:45:00,0.9504666666666667,63.462,12.814666666666666,6.129333333333333,82.40599999999999,,23.936666666666667
2018-07-09 16:00:00,0.9477999999999999,64.14533333333334,12.783333333333333,6.108,83.03666666666666,,23.851999999999997
2018-07-09 16:15:00,0.9478666666666666,61.72533333333333,12.877333333333333,6.014666666666667,80.61733333333333,,23.9425
2018-07-09 16:30:00,0.8882,0.0,12.626666666666667,6.082666666666666,18.709333333333333,,24.78166666666667
2018-07-09 16:45:00,0.8977333333333334,0.0,12.466000000000001,5.425333333333333,17.891333333333332,,26.122999999999998
2018-07-09 17:00:00,0.7706666666666667,0.0,11.204,4.155333333333333,15.359333333333332,,26.741777777777777
2018-07-09 17:15:00,0.6374,0.0,10.012666666666666,2.691333333333333,12.704,,26.929
2018-07-09 17:30:00,0.6353333333333333,0.0,9.752,2.9093333333333335,12.661333333333333,,27.101888888888887
2018-07-09 17:45:00,0.6235999999999999,0.0,9.766666666666667,2.6599999999999997,12.426666666666666,,27.25911111111111
2018-07-09 18:00:00,0.6178,0.0,9.613999999999999,2.698,12.312000000000001,,27.314222222222224
2018-07-09 18:15:00,0.6073333333333333,0.0,10.027333333333333,2.3993333333333333,12.426666666666666,,27.448777777777778
2018-07-09 18:30:00,0.5631333333333334,0.0,9.298,1.926,11.224,,27.659666666666666
2018-07-09 18:45:00,0.5627333333333334,0.0,9.674,1.7126666666666666,11.386666666666665,,27.551333333333332
2018-07-09 19:00:00,0.5319333333333334,0.0,8.831999999999999,1.7706666666666666,10.602666666666666,,27.589555555555556
2018-07-09 19:15:00,0.4454,0.0,7.005999999999999,1.8706666666666663,8.876666666666665,,27.602555555555554
2018-07-09 19:30:00,0.42879999999999996,0.0,6.77,1.7746666666666664,8.544666666666666,,27.56533333333333
2018-07-09 19:45:00,0.4242666666666667,0.0,6.780666666666666,1.6726666666666667,8.453333333333333,,27.721055555555555
2018-07-09 20:00:00,0.364,0.0,5.656000000000001,1.5973333333333337,7.253333333333333,,27.531944444444445
2018-07-09 20:15:00,0.3606,0.0,5.510000000000001,1.6766666666666667,7.1866666666666665,,27.629166666666666
2018-07-09 20:30:00,0.3602666666666667,0.0,5.524666666666667,1.6553333333333335,7.180000000000001,,27.624666666666666
2018-07-09 20:45:00,0.2886666666666667,0.0,4.195333333333333,1.56,5.755333333333334,,27.632166666666667
2018-07-09 21:00:00,0.14159999999999998,0.0,1.3433333333333335,1.4839999999999998,2.8273333333333337,,27.631333333333334
2018-07-09 21:15:00,0.1408,0.0,1.3393333333333333,1.4726666666666666,2.812,,27.616
2018-07-09 21:30:00,0.1152,0.0,1.218,1.0806666666666667,2.298666666666667,,27.59455555555555
2018-07-09 21:45:00,0.06706666666666666,0.0,0.35400000000000004,0.9813333333333334,1.3353333333333335,,27.564500000000002
2018-07-09 22:00:00,0.0642,0.0,0.18066666666666667,1.0986666666666667,1.2793333333333334,,27.5455
2018-07-09 22:15:00,0.05266666666666667,0.0,0.022000000000000002,1.026,1.048,,27.5355
2018-07-09 22:30:00,0.05653333333333333,0.0,0.02666666666666667,1.0979999999999999,1.1246666666666665,,27.55816666666667
2018-07-09 22:45:00,0.054799999999999995,0.0,0.02333333333333333,1.0673333333333332,1.0906666666666667,,27.523111111111113
2018-07-09 23:00:00,0.04686666666666666,0.0,0.02266666666666667,0.908,0.9306666666666668,,27.53511111111111
2018-07-09 23:15:00,0.0594,0.0,0.17666666666666667,1.0053333333333334,1.182,,27.588277777777776
2018-07-09 23:30:00,0.056133333333333334,0.0,0.022000000000000002,1.0939999999999999,1.1159999999999999,,27.52838888888889
2018-07-09 23:45:00,0.04666666666666666,0.0,0.02266666666666667,0.9066666666666667,0.9293333333333335,,27.518444444444444
2018-07-10 00:00:00,0.05446666666666667,0.0,0.10733333333333334,0.9766666666666667,1.084,,27.517666666666667
2018-07-10 00:15:00,0.06146666666666667,0.0,0.14200000000000002,1.0799999999999998,1.222,,27.506166666666665
2018-07-10 00:30:00,0.06406666666666667,0.0,0.2733333333333334,1.0033333333333334,1.2766666666666666,,27.508166666666668
2018-07-10 00:45:00,0.05506666666666667,0.0,0.024,1.0719999999999998,1.096,,27.556166666666666
2018-07-10 01:00:00,0.05346666666666667,0.0,0.02266666666666667,1.0426666666666666,1.0653333333333335,,27.646
2018-07-10 01:15:00,0.04613333333333333,0.0,0.022000000000000002,0.898,0.92,,27.766666666666666
2018-07-10 01:30:00,0.04873333333333333,0.0,0.042666666666666665,0.9293333333333335,0.9720000000000001,,27.77
2018-07-10 01:45:00,0.05366666666666666,0.0,0.15866666666666665,0.9106666666666666,1.0693333333333335,,27.756777777777778
2018-07-10 02:00:00,0.04573333333333333,0.0,0.02333333333333333,0.8846666666666667,0.908,,27.68188888888889
2018-07-10 02:15:00,0.05266666666666667,0.0,0.021333333333333333,1.026,1.0473333333333332,,27.639166666666668
2018-07-10 02:30:00,0.056133333333333334,0.0,0.02266666666666667,1.0959999999999999,1.1186666666666667,,27.55227777777778
2018-07-10 02:45:00,0.06206666666666667,0.0,0.178,1.0566666666666666,1.2346666666666666,,27.635833333333334
2018-07-10 03:00:00,0.0556,0.0,0.034,1.074,1.1079999999999999,,27.606499999999997
2018-07-10 03:15:00,0.0596,0.0,0.13466666666666666,1.0539999999999998,1.1886666666666665,,27.634999999999998
2018-07-10 03:30:00,0.05466666666666666,0.0,0.14133333333333334,0.9466666666666667,1.088,,27.6605
2018-07-10 03:45:00,0.06046666666666667,0.0,0.14600000000000002,1.0593333333333332,1.2053333333333331,,27.60622222222222
2018-07-10 04:00:00,0.0554,0.0,0.11666666666666667,0.9860000000000001,1.1026666666666667,,27.67866666666667
2018-07-10 04:15:00,0.041,0.0,0.02266666666666667,0.794,0.8166666666666667,,27.7045
2018-07-10 04:30:00,0.052533333333333335,0.0,0.021333333333333333,1.024,1.0453333333333332,,27.72733333333333
2018-07-10 04:45:00,0.05653333333333333,0.0,0.02266666666666667,1.1019999999999999,1.1246666666666665,,27.710277777777776
2018-07-10 05:00:00,0.060866666666666666,0.0,0.17866666666666667,1.0353333333333332,1.214,,27.69538888888889
2018-07-10 05:15:00,0.05993333333333333,0.0,0.16333333333333336,1.0293333333333334,1.1926666666666668,,27.79711111111111
2018-07-10 05:30:00,0.07626666666666668,0.0,0.478,1.0413333333333332,1.5193333333333332,,27.82133333333333
2018-07-10 05:45:00,0.3638,0.0,4.992666666666667,2.2606666666666664,7.253333333333334,,27.730833333333333
2018-07-10 06:00:00,0.3544,0.0,4.590000000000001,2.4726666666666666,7.062666666666668,,27.696444444444445
2018-07-10 06:15:00,0.3300666666666666,0.0,4.831333333333333,1.7446666666666666,6.576,,27.640222222222224
2018-07-10 06:30:00,0.39166666666666666,0.0,5.968666666666667,1.8373333333333335,7.806,,27.633666666666667
2018-07-10 06:45:00,0.4364,0.0,6.321333333333333,2.3713333333333333,8.692666666666666,,27.71333333333333
2018-07-10 07:00:00,0.44653333333333334,0.0,6.823333333333333,2.0753333333333335,8.898666666666665,,27.98033333333333
2018-07-10 07:15:00,0.47933333333333333,0.0,7.463333333333334,2.086666666666667,9.55,,28.041055555555555
2018-07-10 07:30:00,0.5787333333333334,1.2373333333333332,8.739333333333333,2.792666666666667,12.769333333333332,,27.99127777777778
2018-07-10 07:45:00,0.6128,82.29866666666666,9.192666666666666,3.021333333333333,94.51266666666668,,27.09466666666667
2018-07-10 08:00:00,0.7018,82.20333333333333,10.389999999999999,3.5959999999999996,96.18933333333332,,24.324722222222224
2018-07-10 08:15:00,0.7452666666666666,71.054,10.650666666666666,4.202,85.90666666666667,,23.154888888888888
2018-07-10 08:30:00,0.761,64.31933333333333,11.262666666666666,4.622,80.204,,22.850166666666667
2018-07-10 08:45:00,0.8839333333333333,59.02333333333333,12.526666666666667,5.826,77.376,,23.236833333333333
2018-07-10 09:00:00,0.8754000000000001,67.38466666666666,11.889999999999999,5.556666666666667,84.83133333333333,,23.33388888888889
2018-07-10 09:15:00,0.8944,65.65066666666667,12.018666666666666,5.804666666666666,83.47399999999999,,23.014333333333337
2018-07-10 09:30:00,0.9456666666666667,61.395999999999994,12.512,6.362666666666667,80.27066666666666,,23.213
2018-07-10 09:45:00,0.9537333333333334,57.80733333333333,13.202666666666666,5.807333333333333,76.81733333333334,,23.21516666666667
2018-07-10 10:00:00,0.9474666666666667,62.294,13.042,5.842666666666667,81.17866666666666,,23.171166666666668
2018-07-10 10:15:00,0.9299333333333333,62.715333333333334,12.747333333333334,5.788666666666667,81.25133333333333,,23.0835
2018-07-10 10:30:00,0.9528,65.272,13.172666666666666,5.9446666666666665,84.38933333333333,,23.225666666666665
2018-07-10 10:45:00,0.9632000000000001,54.367333333333335,13.114,6.172666666666667,73.654,,23.144833333333334
2018-07-10 11:00:00,0.9569333333333333,61.334666666666664,13.356,5.718666666666667,80.40933333333334,,23.125888888888888
2018-07-10 11:15:00,0.9332666666666666,64.69933333333333,13.770666666666667,5.890666666666666,84.36066666666667,,23.16488888888889
2018-07-10 11:30:00,0.9526,58.687999999999995,13.522666666666664,5.464,77.67466666666665,,23.312833333333334
2018-07-10 11:45:00,0.9614666666666666,0.31799999999999995,13.697333333333331,5.505333333333334,19.520666666666667,,24.000999999999998
2018-07-10 12:00:00,0.9134,1.0886666666666664,12.710666666666667,5.494,19.293333333333333,,25.703166666666668
2018-07-10 12:15:00,0.8378666666666666,1.094,11.642,5.057333333333333,17.793333333333333,,26.7365
2018-07-10 12:30:00,0.8124666666666668,1.3726666666666667,11.477333333333332,4.998666666666667,17.848666666666666,,27.392999999999997
2018-07-10 12:45:00,0.8340666666666666,2.306,11.577333333333334,5.05,18.933333333333334,,27.81433333333333
2018-07-10 13:00:00,0.8692666666666666,91.44933333333333,12.219333333333333,5.105333333333333,108.77400000000002,,26.8945
2018-07-10 13:15:00,0.975,87.33733333333333,13.498,6.077333333333333,106.91266666666667,,24.1655
2018-07-10 13:30:00,0.9779333333333333,69.63000000000001,13.309333333333333,6.247333333333333,89.18666666666667,,23.080499999999997
2018-07-10 13:45:00,0.9822000000000001,60.40266666666666,13.304,6.485333333333333,80.192,,23.16783333333333
2018-07-10 14:00:00,0.9758666666666667,64.53666666666668,13.303333333333333,6.158666666666666,83.99866666666667,,23.233999999999998
2018-07-10 14:15:00,0.9956666666666667,64.276,13.921333333333333,6.0,84.19733333333333,,23.24377777777778
2018-07-10 14:30:00,0.9807333333333333,65.90866666666666,13.357333333333333,6.204666666666666,85.47066666666666,,23.147499999999997
2018-07-10 14:45:00,0.9514,59.88733333333333,13.966666666666667,6.260666666666666,80.11466666666666,,23.2695
2018-07-10 15:00:00,0.9548,65.24533333333333,13.178666666666667,5.935333333333333,84.35933333333332,,23.228
2018-07-10 15:15:00,0.9531333333333333,63.70533333333333,13.050666666666666,5.947333333333334,82.70333333333333,,22.87172222222222
2018-07-10 15:30:00,0.9408666666666666,61.218666666666664,13.080000000000002,5.69,79.98866666666666,,22.893555555555555
2018-07-10 15:45:00,0.9527333333333333,63.66733333333333,13.355333333333334,5.632666666666666,82.65533333333333,,22.729333333333333
2018-07-10 16:00:00,0.9261333333333333,57.27133333333333,12.982,5.536666666666666,75.78999999999999,,22.995555555555555
2018-07-10 16:15:00,0.935,57.40599999999999,12.960666666666667,5.674,76.04066666666667,,23.259888888888888
2018-07-10 16:30:00,0.94,1.2806666666666666,13.075333333333333,5.6593333333333335,20.01533333333333,,23.80011111111111
2018-07-10 16:45:00,0.9374,1.046,13.331999999999999,5.364000000000001,19.742,,25.637
2018-07-10 17:00:00,0.8506,0.7766666666666667,12.346666666666666,4.605333333333333,17.728666666666665,,26.52466666666667
2018-07-10 17:15:00,0.7536,0.0,11.264666666666667,3.7539999999999996,15.018666666666666,,26.95177777777778
2018-07-10 17:30:00,0.7062666666666666,0.0,10.846,3.2306666666666666,14.076666666666666,,27.392666666666667
2018-07-10 17:45:00,0.7196666666666667,0.0,11.132666666666667,3.208666666666667,14.341333333333333,,27.705222222222222
2018-07-10 18:00:00,0.6566666666666666,0.0,9.950666666666667,3.138,13.088666666666667,,27.87711111111111
2018-07-10 18:15:00,0.5988666666666667,0.0,8.972,2.96,11.931999999999999,,27.944111111111113
2018-07-10 18:30:00,0.6025333333333334,0.0,9.382,2.838,12.22,,28.034666666666666
2018-07-10 18:45:00,0.5817333333333333,0.0,9.173333333333334,2.4186666666666667,11.592,,28.228333333333335
2018-07-10 19:00:00,0.5342666666666668,0.0,8.395333333333333,2.2546666666666666,10.65,,27.988888888888887
2018-07-10 19:15:00,0.5170666666666667,0.0,7.959999999999999,2.3453333333333335,10.305333333333332,,28.002
2018-07-10 19:30:00,0.4958666666666666,0.0,7.8180000000000005,2.0626666666666664,9.880666666666666,,28.026444444444444
2018-07-10 19:45:00,0.40173333333333333,0.0,6.148666666666667,1.8593333333333333,8.008000000000001,,28.004444444444445
2018-07-10 20:00:00,0.39026666666666665,0.0,5.957333333333334,1.8213333333333332,7.778666666666667,,27.994777777777777
2018-07-10 20:15:00,0.31193333333333334,0.0,4.52,1.6966666666666665,6.216666666666667,,27.888222222222222
2018-07-10 20:30:00,0.2788,0.0,4.009333333333333,1.5426666666666666,5.5520000000000005,,27.82766666666667
2018-07-10 20:45:00,0.23086666666666666,0.0,2.9506666666666663,1.6493333333333335,4.6,,27.797777777777778
2018-07-10 21:00:00,0.17600000000000002,0.0,1.8306666666666667,1.6720000000000002,3.502666666666667,,27.788333333333334
2018-07-10 21:15:00,0.12506666666666666,0.0,1.3299999999999998,1.1633333333333333,2.493333333333333,,27.783
2018-07-10 21:30:00,0.09979999999999999,0.0,0.9960000000000001,0.9933333333333334,1.9893333333333334,,27.73911111111111
2018-07-10 21:45:00,0.09333333333333332,0.0,0.7806666666666667,1.0806666666666664,1.8613333333333333,,27.764000000000003
2018-07-10 22:00:00,0.06373333333333334,0.0,0.17133333333333337,1.0966666666666667,1.268,,27.72877777777778
2018-07-10 22:15:00,0.0604,0.0,0.18533333333333335,1.0179999999999998,1.2033333333333331,,27.621111111111112
2018-07-10 22:30:00,0.04953333333333333,0.0,0.02266666666666667,0.9633333333333334,0.9860000000000001,,27.625333333333334
2018-07-10 22:45:00,0.04713333333333333,0.0,0.02266666666666667,0.916,0.9386666666666668,,27.60511111111111
2018-07-10 23:00:00,0.0496,0.0,0.024,0.9640000000000001,0.988,,27.677388888888892
2018-07-10 23:15:00,0.05673333333333333,0.0,0.02733333333333333,1.1026666666666667,1.13,,27.804666666666666
2018-07-10 23:30:00,0.0556,0.0,0.18333333333333332,0.9233333333333333,1.1066666666666667,,27.90911111111111
2018-07-10 23:45:00,0.053533333333333336,0.0,0.10866666666666668,0.9553333333333334,1.064,,27.996444444444442
2018-07-11 00:00:00,0.060533333333333335,0.0,0.14200000000000002,1.0626666666666664,1.2046666666666668,,27.834666666666667
2018-07-11 00:15:00,0.05573333333333333,0.0,0.128,0.9826666666666667,1.1106666666666667,,27.650888888888893
2018-07-11 00:30:00,0.05193333333333334,0.0,0.03933333333333334,0.9933333333333333,1.0326666666666666,,27.512999999999998
2018-07-11 00:45:00,0.05853333333333333,0.0,0.17866666666666667,0.988,1.1666666666666667,,27.712
2018-07-11 01:00:00,0.047,0.0,0.02266666666666667,0.912,0.9346666666666668,,27.705777777777776
2018-07-11 01:15:00,0.04753333333333333,0.0,0.02266666666666667,0.9233333333333335,0.9460000000000001,,27.613555555555553
2018-07-11 01:30:00,0.049933333333333337,0.0,0.02333333333333333,0.9686666666666668,0.9920000000000001,,27.529333333333334
2018-07-11 01:45:00,0.0572,0.0,0.14466666666666667,0.9946666666666667,1.1393333333333333,,27.516222222222222
2018-07-11 02:00:00,0.052866666666666666,0.0,0.058,0.9933333333333334,1.0513333333333332,,27.615555555555556
2018-07-11 02:15:00,0.059000000000000004,0.0,0.025333333333333333,1.1473333333333333,1.1726666666666667,,27.90222222222222
2018-07-11 02:30:00,0.05513333333333333,0.0,0.02333333333333333,1.0713333333333332,1.0946666666666665,,27.672444444444448
2018-07-11 02:45:00,0.05053333333333333,0.0,0.024,0.98,1.004,,27.802666666666667
2018-07-11 03:00:00,0.0554,0.0,0.17933333333333332,0.9226666666666666,1.102,,27.576444444444444
2018-07-11 03:15:00,0.045599999999999995,0.0,0.020666666666666667,0.8886666666666667,0.9093333333333333,,27.58288888888889
2018-07-11 03:30:00,0.052599999999999994,0.0,0.022000000000000002,1.026,1.0479999999999998,,27.564888888888888
2018-07-11 03:45:00,0.04906666666666667,0.0,0.04733333333333333,0.9293333333333333,0.9766666666666667,,27.458222222222222
2018-07-11 04:00:00,0.057866666666666663,0.0,0.13333333333333333,1.0206666666666666,1.154,,27.651555555555554
2018-07-11 04:15:00,0.062400000000000004,0.0,0.294,0.9506666666666667,1.2446666666666668,,27.62777777777778
2018-07-11 04:30:00,0.054599999999999996,0.0,0.068,1.02,1.088,,27.67988888888889
2018-07-11 04:45:00,0.06013333333333334,0.0,0.11333333333333334,1.0859999999999999,1.1993333333333331,,27.625999999999998
2018-07-11 05:00:00,0.05633333333333333,0.0,0.08933333333333333,1.032,1.1213333333333333,,27.58888888888889
2018-07-11 05:15:00,0.0504,0.0,0.084,0.9193333333333334,1.0033333333333334,,27.553555555555555
2018-07-11 05:30:00,0.392,0.0,5.724666666666667,2.0926666666666667,7.817333333333334,,27.597555555555555
2018-07-11 05:45:00,0.376,0.0,4.96,2.5353333333333334,7.495333333333333,,27.78177777777778
2018-07-11 06:00:00,0.29446666666666665,0.0,4.423333333333334,1.4433333333333336,5.866666666666666,,27.595777777777776
2018-07-11 06:15:00,0.35860000000000003,0.0,5.62,1.5286666666666666,7.148666666666667,,27.525222222222222
2018-07-11 06:30:00,0.36306666666666665,0.0,5.760000000000001,1.4766666666666666,7.236666666666666,,27.505333333333333
2018-07-11 06:45:00,0.373,0.0,5.844666666666667,1.59,7.434666666666667,,27.503111111111107
2018-07-11 07:00:00,0.41646666666666665,0.0,6.527333333333333,1.776,8.303333333333335,,27.508555555555557
2018-07-11 07:15:00,0.5665333333333333,0.0,8.315333333333333,3.488,11.803333333333333,,27.790833333333335
2018-07-11 07:30:00,0.5913333333333334,1.346,8.645999999999999,3.1386666666666665,13.130666666666666,,27.96466666666667
2018-07-11 07:45:00,0.6496,84.38066666666667,9.716666666666667,3.2306666666666666,97.32799999999999,,27.011833333333335
2018-07-11 08:00:00,0.6980000000000001,80.97866666666667,10.35,3.5613333333333332,94.89,,24.130555555555553
2018-07-11 08:15:00,0.8523333333333334,69.98,12.091333333333333,4.894666666666667,86.966,,22.75777777777778
2018-07-11 08:30:00,0.8692,58.775333333333336,12.761333333333335,5.424666666666667,76.96133333333334,,22.769111111111112
2018-07-11 08:45:00,0.8808,64.27799999999999,12.180666666666667,5.374,81.83266666666667,,23.089444444444442
2018-07-11 09:00:00,0.8681333333333333,55.658,13.302666666666669,6.3646666666666665,75.32533333333335,,23.0815
2018-07-11 09:15:00,0.9550666666666666,59.787333333333336,12.864,6.172,78.82333333333334,,23.15
2018-07-11 09:30:00,0.9727333333333333,60.55533333333334,13.263333333333334,6.3839999999999995,80.20266666666666,,23.18088888888889
2018-07-11 09:45:00,0.9537333333333333,58.193999999999996,13.09,5.917333333333334,77.20133333333334,,23.087
2018-07-11 10:00:00,0.9481333333333333,65.09866666666667,13.204,5.6946666666666665,83.99733333333333,,23.040444444444447
2018-07-11 10:15:00,0.9808,57.89733333333333,13.12,6.464666666666667,77.482,,22.831777777777777
2018-07-11 10:30:00,0.9578666666666666,53.88933333333333,12.919333333333332,6.264666666666667,73.07333333333332,,23.03033333333333
2018-07-11 10:45:00,0.9708,59.426,13.234666666666666,6.236666666666666,78.89733333333334,,23.108666666666668
2018-07-11 11:00:00,0.9569333333333333,61.934666666666665,13.012,6.061333333333333,81.008,,22.94833333333333
2018-07-11 11:15:00,0.9505333333333332,60.818666666666665,12.991333333333333,5.957333333333334,79.76733333333333,,22.748833333333334
2018-07-11 11:30:00,0.9219333333333334,61.06066666666667,13.594,5.867333333333334,80.52199999999999,,22.746111111111112
2018-07-11 11:45:00,0.9433333333333334,0.0,12.950666666666667,5.851333333333333,18.802,,23.444555555555556
2018-07-11 12:00:00,0.9246,0.0,12.670666666666667,5.756666666666666,18.427333333333333,,25.250999999999998
2018-07-11 12:15:00,0.8652,0.0,11.392666666666667,5.850666666666667,17.243333333333332,,26.318777777777775
2018-07-11 12:30:00,0.8130666666666666,0.0,11.494,5.425333333333333,16.919333333333334,,26.9905
2018-07-11 12:45:00,0.8282,1.0466666666666666,10.985999999999999,5.521333333333333,17.554,,27.337666666666667
2018-07-11 13:00:00,0.8823333333333333,83.11866666666667,11.684666666666665,5.899333333333334,100.70266666666666,,26.432166666666667
2018-07-11 13:15:00,0.9320666666666667,75.58466666666666,12.598,5.98,94.16266666666667,,23.878444444444444
2018-07-11 13:30:00,0.9536666666666667,66.42733333333334,12.724666666666668,6.282666666666667,85.43466666666667,,23.207
2018-07-11 13:45:00,0.9355333333333333,58.31466666666667,12.472000000000001,6.180666666666666,76.96733333333333,,23.110666666666663
2018-07-11 14:00:00,0.9586666666666666,55.47933333333333,12.756666666666668,6.3660000000000005,74.602,,23.096
2018-07-11 14:15:00,0.9494,62.336,12.804,6.120666666666667,81.26066666666667,,23.136000000000003
2018-07-11 14:30:00,0.9847333333333332,60.682,13.679333333333334,5.96,80.32133333333333,,22.792166666666667
2018-07-11 14:45:00,0.9567333333333333,62.44666666666667,13.299333333333333,6.529333333333333,82.27533333333334,,22.81761111111111
2018-07-11 15:00:00,0.9483333333333334,62.09866666666667,13.58,6.5120000000000005,82.19066666666666,,22.648333333333333
2018-07-11 15:15:00,0.9760000000000001,50.066,13.269333333333332,6.199333333333333,69.53466666666667,,22.60983333333333
2018-07-11 15:30:00,0.9513333333333333,58.87533333333333,12.892666666666667,6.133333333333334,77.90133333333333,,23.00572222222222
2018-07-11 15:45:00,0.9762000000000001,62.084666666666664,13.287333333333333,6.227333333333333,81.59933333333333,,22.798333333333336
2018-07-11 16:00:00,0.9730666666666666,59.116,13.066666666666666,6.336,78.51866666666666,,22.70422222222222
2018-07-11 16:15:00,0.9660666666666666,64.57466666666667,13.038666666666666,6.219333333333333,83.83266666666667,,22.700722222222222
2018-07-11 16:30:00,0.9502666666666666,0.9666666666666667,13.118666666666666,5.844666666666667,19.93,,23.4585
2018-07-11 16:45:00,0.9136666666666666,0.0,12.926666666666668,5.278666666666666,18.205333333333332,,25.021333333333335
2018-07-11 17:00:00,0.8327333333333333,0.0,11.736666666666668,4.855333333333333,16.592,,25.931833333333334
2018-07-11 17:15:00,0.6549333333333334,0.0,10.016,3.036,13.052,,26.346722222222223
2018-07-11 17:30:00,0.5798,0.0,8.956,2.598,11.554,,26.75316666666667
2018-07-11 17:45:00,0.548,0.0,8.491999999999999,2.4313333333333333,10.923333333333334,,26.987166666666667
2018-07-11 18:00:00,0.5172,0.0,8.067333333333332,2.2426666666666666,10.309999999999999,,27.201666666666664
2018-07-11 18:15:00,0.5061333333333333,0.0,7.958,2.13,10.088,,27.301833333333335
2018-07-11 18:30:00,0.5151333333333333,0.0,8.204666666666666,2.1453333333333333,10.35,,27.288833333333333
2018-07-11 18:45:00,0.5008,0.0,7.884666666666666,2.0959999999999996,9.980666666666668,,27.393111111111114
2018-07-11 19:00:00,0.4714,0.0,7.404666666666667,1.9893333333333334,9.394,,27.382
2018-07-11 19:15:00,0.4418666666666667,0.0,7.0153333333333325,1.7873333333333332,8.802666666666665,,27.479666666666667
2018-07-11 19:30:00,0.431,0.0,6.626666666666666,1.9646666666666666,8.591333333333333,,27.425333333333334
2018-07-11 19:45:00,0.4254,0.0,6.638,1.8433333333333333,8.481333333333334,,27.4155
2018-07-11 20:00:00,0.39886666666666665,0.0,6.233333333333333,1.722,7.955333333333333,,27.410166666666665
2018-07-11 20:15:00,0.39446666666666663,0.0,6.1226666666666665,1.7426666666666668,7.865333333333334,,27.417333333333332
2018-07-11 20:30:00,0.3703333333333333,0.0,5.665333333333334,1.7186666666666668,7.384,,27.450222222222223
2018-07-11 20:45:00,0.274,0.0,3.832666666666667,1.6266666666666667,5.459333333333333,,27.439388888888892
2018-07-11 21:00:00,0.24366666666666667,0.0,3.0266666666666664,1.8293333333333335,4.856,,27.415333333333333
2018-07-11 21:15:00,0.11873333333333333,0.0,1.064,1.302,2.366,,27.319333333333336
2018-07-11 21:30:00,0.0598,0.0,0.07400000000000001,1.1179999999999999,1.192,,27.253333333333334
2018-07-11 21:45:00,0.058333333333333334,0.0,0.025333333333333333,1.136,1.1613333333333336,,27.375
2018-07-11 22:00:00,0.0636,0.0,0.186,1.0793333333333335,1.2653333333333334,,27.26138888888889
2018-07-11 22:15:00,0.05266666666666667,0.0,0.02333333333333333,1.0266666666666666,1.05,,27.196166666666667
2018-07-11 22:30:00,0.0572,0.0,0.02266666666666667,1.1166666666666667,1.1393333333333333,,27.200722222222222
2018-07-11 22:45:00,0.05173333333333333,0.0,0.02333333333333333,1.0066666666666666,1.03,,27.168166666666664
2018-07-11 23:00:00,0.04753333333333333,0.0,0.020666666666666667,0.9246666666666666,0.9453333333333334,,27.151166666666665
2018-07-11 23:15:00,0.06193333333333333,0.0,0.18133333333333335,1.052,1.2333333333333334,,27.159333333333333
2018-07-11 23:30:00,0.060000000000000005,0.0,0.022000000000000002,1.1713333333333333,1.1933333333333331,,27.156333333333333
2018-07-11 23:45:00,0.058666666666666666,0.0,0.12866666666666668,1.038,1.1666666666666667,,27.1075
2018-07-12 00:00:00,0.065,0.0,0.14133333333333334,1.1526666666666665,1.294,,27.132333333333335
2018-07-12 00:15:00,0.05926666666666667,0.0,0.11533333333333334,1.064,1.1793333333333333,,27.059166666666666
2018-07-12 00:30:00,0.056666666666666664,0.0,0.178,0.95,1.128,,27.0825
2018-07-12 00:45:00,0.04873333333333333,0.0,0.02266666666666667,0.948,0.9706666666666666,,27.100166666666667
2018-07-12 01:00:00,0.053733333333333334,0.0,0.021333333333333333,1.0466666666666666,1.068,,27.112166666666667
2018-07-12 01:15:00,0.05473333333333333,0.0,0.024,1.0653333333333335,1.0893333333333333,,27.10683333333333
2018-07-12 01:30:00,0.058333333333333334,0.0,0.07133333333333333,1.09,1.1613333333333336,,27.06433333333333
2018-07-12 01:45:00,0.0598,0.0,0.128,1.0626666666666666,1.1906666666666665,,27.096333333333334
2018-07-12 02:00:00,0.05653333333333333,0.0,0.024,1.1006666666666667,1.1246666666666667,,27.105166666666666
2018-07-12 02:15:00,0.05893333333333333,0.0,0.021333333333333333,1.1513333333333333,1.1726666666666667,,27.09
2018-07-12 02:30:00,0.048666666666666664,0.0,0.024,0.9433333333333332,0.9673333333333333,,27.096833333333333
2018-07-12 02:45:00,0.0626,0.0,0.174,1.0719999999999998,1.246,,27.0885
2018-07-12 03:00:00,0.056466666666666665,0.0,0.022000000000000002,1.102,1.1239999999999999,,27.1215
2018-07-12 03:15:00,0.049133333333333334,0.0,0.022000000000000002,0.9540000000000001,0.9760000000000001,,27.131333333333334
2018-07-12 03:30:00,0.053933333333333326,0.0,0.02266666666666667,1.0486666666666666,1.0713333333333332,,27.11116666666667
2018-07-12 03:45:00,0.058133333333333335,0.0,0.024,1.1333333333333333,1.1573333333333333,,27.146833333333333
2018-07-12 04:00:00,0.06793333333333333,0.0,0.26799999999999996,1.084666666666667,1.352666666666667,,27.12
2018-07-12 04:15:00,0.06973333333333334,0.0,0.13933333333333336,1.2506666666666668,1.3900000000000001,,27.092499999999998
2018-07-12 04:30:00,0.0654,0.0,0.10666666666666667,1.1966666666666665,1.3033333333333335,,27.133055555555554
2018-07-12 04:45:00,0.055600000000000004,0.0,0.021333333333333333,1.0853333333333335,1.1066666666666667,,27.094055555555556
2018-07-12 05:00:00,0.0576,0.0,0.07666666666666666,1.0706666666666669,1.1473333333333333,,27.136666666666667
2018-07-12 05:15:00,0.065,0.0,0.2866666666666667,1.008,1.2946666666666669,,27.201777777777775
2018-07-12 05:30:00,0.2018,0.0,2.3393333333333337,1.684,4.023333333333333,,27.223000000000003
2018-07-12 05:45:00,0.3676666666666667,0.0,4.5520000000000005,2.7746666666666666,7.326666666666667,,27.30511111111111
2018-07-12 06:00:00,0.327,0.0,4.592,1.9226666666666667,6.514666666666667,,27.33577777777778
2018-07-12 06:15:00,0.31133333333333335,0.0,4.648,1.5533333333333335,6.201333333333333,,27.37644444444444
2018-07-12 06:30:00,0.3637333333333333,0.0,5.733999999999999,1.5153333333333334,7.249333333333333,,27.404888888888888
2018-07-12 06:45:00,0.3842666666666667,0.0,5.992666666666667,1.6666666666666667,7.659333333333333,,27.503555555555558
2018-07-12 07:00:00,0.4690666666666667,0.0,7.200666666666667,2.1466666666666665,9.347333333333333,,27.76688888888889
2018-07-12 07:15:00,0.5617333333333333,0.0,8.380666666666666,2.814,11.194666666666667,,27.883333333333333
2018-07-12 07:30:00,0.5620666666666667,1.2826666666666666,8.665333333333333,2.538,12.485999999999999,,27.690333333333335
2018-07-12 07:45:00,0.7250666666666666,82.15533333333333,10.552666666666665,3.8953333333333333,96.60333333333332,,26.758666666666667
2018-07-12 08:00:00,0.8136,75.94866666666667,11.874666666666666,4.340000000000001,92.16333333333334,,23.82911111111111
2018-07-12 08:15:00,0.8404666666666666,68.16133333333333,11.782,4.973333333333334,84.91666666666667,,22.524444444444445
2018-07-12 08:30:00,0.8747333333333334,58.44466666666667,12.080666666666668,5.348666666666667,75.87400000000001,,22.744444444444447
2018-07-12 08:45:00,0.872,59.22666666666667,11.946,5.430666666666667,76.60333333333332,,22.814444444444444
2018-07-12 09:00:00,0.8562666666666666,55.26,12.278,5.697333333333333,73.23533333333333,,23.048
2018-07-12 09:15:00,0.8924000000000001,60.98466666666666,12.272,5.510666666666666,78.76733333333333,,23.101
2018-07-12 09:30:00,0.8862666666666666,61.96133333333333,12.253333333333334,5.407333333333333,79.622,,22.68522222222222
2018-07-12 09:45:00,0.9140666666666667,65.33933333333333,12.611333333333334,5.606,83.55666666666667,,22.74722222222222
2018-07-12 10:00:00,0.9049333333333334,51.73733333333334,12.350666666666667,5.682,69.77000000000001,,22.726
2018-07-12 10:15:00,0.8900666666666667,55.684666666666665,12.148,5.588666666666667,73.42133333333332,,23.285777777777778
2018-07-12 10:30:00,0.8795333333333333,65.66,12.483333333333333,5.979333333333333,84.12266666666666,,23.55633333333333
2018-07-12 10:45:00,0.9118666666666667,61.85466666666667,12.424000000000001,5.748,80.02666666666667,,23.350666666666665
2018-07-12 11:00:00,0.9255333333333334,58.36133333333333,12.454,5.995333333333334,76.81066666666666,,23.390333333333334
2018-07-12 11:15:00,0.9038666666666667,55.163333333333334,12.381333333333334,5.631333333333333,73.17599999999999,,23.74566666666667
2018-07-12 11:30:00,0.9225333333333334,59.33133333333333,12.566666666666666,5.819999999999999,77.718,,23.673333333333336
2018-07-12 11:45:00,0.9290666666666667,0.0,12.750666666666666,5.763999999999999,18.514666666666663,,24.196
2018-07-12 12:00:00,0.9215333333333333,0.0,12.868,5.496666666666667,18.36466666666667,,25.746333333333332
2018-07-12 12:15:00,0.8780666666666667,0.0,12.226666666666667,5.269333333333334,17.496,,26.577333333333332
2018-07-12 12:30:00,0.8684666666666666,0.0,12.094,5.213333333333334,17.307333333333336,,26.975666666666665
2018-07-12 12:45:00,0.8703333333333333,1.0213333333333334,12.498666666666667,4.843333333333334,18.363333333333333,,27.289666666666665
2018-07-12 13:00:00,0.8858666666666667,82.14066666666666,12.115333333333332,5.539333333333333,99.79533333333333,,26.322
2018-07-12 13:15:00,0.8864,76.33666666666666,12.334666666666667,5.34,94.01133333333334,,24.071666666666665
2018-07-12 13:30:00,0.8909333333333334,66.10266666666668,12.390666666666668,5.365333333333334,83.85866666666668,,23.747666666666667
2018-07-12 13:45:00,0.8974666666666666,60.78733333333333,13.086,5.938,79.81133333333334,,23.53966666666667
2018-07-12 14:00:00,0.9281333333333334,58.81733333333333,12.599333333333334,5.904666666666667,77.32133333333333,,23.575333333333333
2018-07-12 14:15:00,0.9086000000000001,61.59666666666667,12.357333333333333,5.749333333333334,79.70333333333333,,23.841333333333335
2018-07-12 14:30:00,0.9159333333333334,62.45066666666666,12.340666666666667,5.911333333333333,80.70266666666666,,23.764666666666663
2018-07-12 14:45:00,0.9269999999999999,63.84733333333334,12.555333333333332,5.922,82.32466666666667,,23.31711111111111
2018-07-12 15:00:00,0.9261333333333333,56.78,12.566666666666666,5.892666666666667,75.23933333333333,,22.888222222222222
2018-07-12 15:15:00,0.887,56.352000000000004,13.000666666666666,5.718666666666667,75.07133333333334,,22.671555555555553
2018-07-12 15:30:00,0.9173333333333333,58.808,12.8,5.480666666666666,77.08866666666667,,22.909222222222223
2018-07-12 15:45:00,0.9563333333333333,61.18066666666667,12.902,6.198666666666667,80.28133333333334,,22.490555555555556
2018-07-12 16:00:00,0.9151333333333334,60.52733333333333,12.706,5.532,78.76533333333333,,22.848
2018-07-12 16:15:00,0.9301999999999999,55.431333333333335,12.995333333333333,5.540666666666667,73.96733333333333,,23.201666666666664
2018-07-12 16:30:00,0.9324666666666667,0.0,12.96,5.624,18.584,,23.695666666666668
2018-07-12 16:45:00,0.9381333333333333,0.0,13.120000000000001,5.696,18.816,,25.2215
2018-07-12 17:00:00,0.8260000000000001,0.0,11.81,4.652666666666666,16.462666666666667,,25.915944444444445
2018-07-12 17:15:00,0.7406,0.0,10.949333333333334,3.8106666666666666,14.76,,26.390111111111114
2018-07-12 17:30:00,0.6338,0.0,10.072000000000001,2.5586666666666664,12.630666666666666,,26.48827777777778
2018-07-12 17:45:00,0.6047333333333333,0.0,9.714,2.336,12.05,,26.645
2018-07-12 18:00:00,0.5844,0.0,9.337333333333333,2.306,11.643333333333334,,26.785611111111113
2018-07-12 18:15:00,0.5785333333333332,0.0,9.342,2.186,11.528,,26.86616666666667
2018-07-12 18:30:00,0.5888666666666666,0.0,9.782,2.2053333333333334,11.987333333333334,,26.941222222222223
2018-07-12 18:45:00,0.5701999999999999,0.0,9.329333333333333,2.038,11.367333333333333,,26.987111111111112
2018-07-12 19:00:00,0.539,0.0,8.674666666666667,2.07,10.744666666666667,,27.024166666666666
2018-07-12 19:15:00,0.5296000000000001,0.0,8.531333333333333,2.0253333333333337,10.556666666666667,,27.100777777777775
2018-07-12 19:30:00,0.5265333333333334,0.0,8.468,2.026666666666667,10.494666666666667,,27.135499999999997
2018-07-12 19:45:00,0.5138666666666667,0.0,8.248000000000001,1.996,10.244,,27.170333333333335
2018-07-12 20:00:00,0.481,0.0,7.822666666666667,1.7653333333333334,9.588,,27.2065
2018-07-12 20:15:00,0.3581333333333333,0.0,5.715333333333334,1.4253333333333336,7.140666666666666,,27.159166666666668
2018-07-12 20:30:00,0.25333333333333335,0.0,3.6713333333333336,1.3813333333333333,5.052666666666667,,27.270722222222222
2018-07-12 20:45:00,0.15473333333333333,0.0,1.8013333333333332,1.282,3.0833333333333335,,27.22416666666667
2018-07-12 21:00:00,0.1568,0.0,1.8193333333333332,1.3026666666666669,3.122,,27.1665
2018-07-12 21:15:00,0.16853333333333334,0.0,1.8733333333333333,1.4813333333333332,3.3546666666666667,,27.107666666666667
2018-07-12 21:30:00,0.15946666666666667,0.0,1.7613333333333334,1.4133333333333336,3.174666666666667,,27.01516666666667
2018-07-12 21:45:00,0.15826666666666667,0.0,1.79,1.3606666666666667,3.1506666666666665,,27.059
2018-07-12 22:00:00,0.15153333333333335,0.0,1.72,1.2986666666666666,3.018666666666667,,27.051277777777777
2018-07-12 22:15:00,0.11086666666666667,0.0,1.116,1.0940000000000003,2.2100000000000004,,27.010166666666667
2018-07-12 22:30:00,0.09860000000000001,0.0,0.9413333333333334,1.0266666666666666,1.968,,26.982166666666668
2018-07-12 22:45:00,0.0996,0.0,0.9406666666666668,1.0466666666666666,1.9873333333333334,,27.0095
2018-07-12 23:00:00,0.10373333333333333,0.0,1.0466666666666666,1.022,2.0686666666666667,,26.992666666666665
2018-07-12 23:15:00,0.10579999999999999,0.0,1.0433333333333334,1.0693333333333332,2.1126666666666667,,26.927222222222223
2018-07-12 23:30:00,0.11446666666666666,0.0,1.214,1.0693333333333332,2.283333333333333,,27.019944444444445
2018-07-12 23:45:00,0.08513333333333332,0.0,0.628,1.07,1.698,,27.014833333333335
2018-07-13 00:00:00,0.0552,0.0,0.020666666666666667,1.0773333333333333,1.0979999999999999,,26.910833333333336
2018-07-13 00:15:00,0.05213333333333333,0.0,0.02266666666666667,1.0153333333333334,1.038,,26.941222222222223
2018-07-13 00:30:00,0.05453333333333333,0.0,0.022000000000000002,1.0646666666666667,1.0866666666666667,,26.96922222222222
2018-07-13 00:45:00,0.057,0.0,0.1753333333333333,0.9573333333333334,1.1326666666666667,,26.901777777777777
2018-07-13 01:00:00,0.0502,0.0,0.02333333333333333,0.9746666666666667,0.9980000000000001,,26.91488888888889
2018-07-13 01:15:00,0.05386666666666666,0.0,0.02333333333333333,1.05,1.0733333333333335,,26.797
2018-07-13 01:30:00,0.049933333333333337,0.0,0.02266666666666667,0.9720000000000001,0.9946666666666668,,26.842555555555556
2018-07-13 01:45:00,0.06626666666666667,0.0,0.12666666666666665,1.1946666666666668,1.3213333333333332,,26.954444444444444
2018-07-13 02:00:00,0.059133333333333336,0.0,0.07666666666666666,1.1019999999999999,1.1786666666666668,,26.858888888888888
2018-07-13 02:15:00,0.052199999999999996,0.0,0.021333333333333333,1.0166666666666666,1.038,,27.004444444444445
2018-07-13 02:30:00,0.05279999999999999,0.0,0.022000000000000002,1.0306666666666666,1.0526666666666666,,26.95266666666667
2018-07-13 02:45:00,0.048933333333333336,0.0,0.020666666666666667,0.9546666666666668,0.9753333333333334,,26.930222222222223
2018-07-13 03:00:00,0.0628,0.0,0.27066666666666667,0.9793333333333334,1.25,,26.885555555555552
2018-07-13 03:15:00,0.06366666666666666,0.0,0.15333333333333335,1.1166666666666667,1.2699999999999998,,26.946
2018-07-13 03:30:00,0.05146666666666667,0.0,0.08666666666666667,0.9366666666666668,1.0233333333333334,,27.026
2018-07-13 03:45:00,0.05486666666666667,0.0,0.021333333333333333,1.0693333333333332,1.0906666666666667,,27.224666666666668
2018-07-13 04:00:00,0.05566666666666666,0.0,0.020666666666666667,1.0873333333333333,1.108,,27.181
2018-07-13 04:15:00,0.061399999999999996,0.0,0.18266666666666664,1.0386666666666666,1.2213333333333334,,27.17866666666667
2018-07-13 04:30:00,0.059000000000000004,0.0,0.02333333333333333,1.154,1.1773333333333333,,26.997666666666664
2018-07-13 04:45:00,0.05326666666666667,0.0,0.032,1.0293333333333332,1.0613333333333332,,27.194
2018-07-13 05:00:00,0.050333333333333334,0.0,0.03866666666666667,0.9633333333333334,1.002,,27.196666666666665
2018-07-13 05:15:00,0.06686666666666667,0.0,0.30133333333333334,1.03,1.3313333333333333,,27.207
2018-07-13 05:30:00,0.37426666666666664,0.0,5.354666666666668,2.1053333333333333,7.46,,27.039333333333335
2018-07-13 05:45:00,0.34426666666666667,0.0,4.771999999999999,2.087333333333333,6.859333333333333,,27.240333333333336
2018-07-13 06:00:00,0.3675333333333333,0.0,5.471333333333333,1.853333333333333,7.324666666666666,,27.263333333333332
2018-07-13 06:15:00,0.4116666666666667,0.0,6.4879999999999995,1.72,8.208,,27.234888888888893
2018-07-13 06:30:00,0.4802666666666667,0.0,6.774,2.796666666666667,9.570666666666666,,27.151555555555554
2018-07-13 06:45:00,0.447,0.0,6.788666666666667,2.12,8.908666666666667,,27.287555555555556
2018-07-13 07:00:00,0.4554,0.0,7.251333333333333,1.824,9.075333333333333,,27.379555555555555
2018-07-13 07:15:00,0.5202666666666667,0.0,8.235333333333333,2.134,10.369333333333334,,27.25477777777778
2018-07-13 07:30:00,0.5957333333333333,1.3373333333333333,9.097333333333331,2.7746666666666666,13.209333333333332,,27.49511111111111
2018-07-13 07:45:00,0.6178666666666667,83.17666666666668,9.406666666666666,2.905333333333333,95.48866666666666,,26.565555555555555
2018-07-13 08:00:00,0.7651333333333333,76.69866666666667,11.524666666666667,3.7266666666666666,91.95,,24.17577777777778
2018-07-13 08:15:00,0.8636666666666667,69.172,12.328,4.882000000000001,86.382,,23.511555555555557
2018-07-13 08:30:00,0.8634666666666667,63.75466666666667,12.158666666666667,5.052666666666667,80.966,,23.43977777777778
2018-07-13 08:45:00,0.8734,52.63666666666666,12.179333333333334,5.223333333333334,70.03933333333333,,23.304444444444446
2018-07-13 09:00:00,0.904,60.826,12.478,5.537999999999999,78.842,,23.599333333333334
2018-07-13 09:15:00,0.9034666666666666,65.108,12.358666666666666,5.648666666666667,83.11533333333334,,23.409777777777776
2018-07-13 09:30:00,0.9077333333333333,61.958666666666666,12.437333333333333,5.654,80.05,,23.238222222222223
2018-07-13 09:45:00,0.9052666666666667,53.852666666666664,12.526666666666666,5.511333333333334,71.89066666666666,,23.138222222222222
2018-07-13 10:00:00,0.9020666666666667,57.94133333333333,12.428666666666665,5.546666666666667,75.91666666666667,,23.480666666666664
2018-07-13 10:15:00,0.9196666666666666,65.14733333333334,12.627333333333333,5.702666666666667,83.47733333333333,,23.394
2018-07-13 10:30:00,0.9040666666666667,62.98066666666667,12.156,5.86,80.99666666666667,,23.073111111111114
2018-07-13 10:45:00,0.8868666666666667,59.35933333333333,12.182666666666668,5.489333333333334,77.03133333333334,,22.978
2018-07-13 11:00:00,0.8874666666666666,57.17333333333333,12.096,5.5873333333333335,74.85666666666665,,23.052555555555557
2018-07-13 11:15:00,0.8802666666666668,55.54266666666667,12.113333333333333,5.429333333333333,73.08533333333334,,23.368222222222226
2018-07-13 11:30:00,0.8684,57.57666666666667,11.972666666666667,5.331333333333333,74.88066666666667,,23.328
2018-07-13 11:45:00,0.8366666666666667,0.0,12.418666666666667,5.160666666666667,17.579333333333334,,23.924222222222223
2018-07-13 12:00:00,0.8345333333333332,0.0,11.842666666666668,4.792666666666666,16.63533333333333,,25.388222222222222
2018-07-13 12:15:00,0.8359333333333333,0.0,11.962,4.702,16.664,,26.46333333333333
2018-07-13 12:30:00,0.8235333333333333,0.0,11.625333333333334,4.788,16.413333333333334,,26.982666666666667
2018-07-13 12:45:00,0.838,1.0253333333333332,11.682,5.021333333333334,17.728666666666665,,27.355999999999998
2018-07-13 13:00:00,0.8480666666666666,82.42133333333332,11.72,5.184666666666667,99.32600000000001,,26.566444444444446
2018-07-13 13:15:00,0.9089333333333334,76.42266666666666,12.485333333333333,5.708,94.616,,24.154666666666667
2018-07-13 13:30:00,0.8803333333333333,67.90266666666666,12.729999999999999,5.810666666666666,86.44333333333334,,23.45
2018-07-13 13:45:00,0.9076000000000001,59.95399999999999,12.427333333333333,5.661333333333333,78.04266666666666,,23.22377777777778
2018-07-13 14:00:00,0.9028666666666667,58.1,12.498,5.4959999999999996,76.09400000000001,,23.38422222222222
2018-07-13 14:15:00,0.911,58.152,12.502666666666666,5.652666666666667,76.30733333333335,,23.04988888888889
2018-07-13 14:30:00,0.9048666666666667,65.578,12.382,5.65,83.61,,22.865166666666667
2018-07-13 14:45:00,0.8998,60.73066666666667,12.328,5.604,78.66266666666667,,22.6295
2018-07-13 15:00:00,0.9069333333333334,62.122,12.426666666666668,5.6466666666666665,80.19533333333334,,22.58061111111111
2018-07-13 15:15:00,0.8967333333333334,52.65266666666666,12.384666666666668,5.484,70.52133333333333,,22.793055555555554
2018-07-13 15:30:00,0.8994,60.35466666666666,12.520666666666667,5.403333333333334,78.27866666666667,,23.334666666666667
2018-07-13 15:45:00,0.9074666666666666,63.5,12.627333333333333,5.458666666666667,81.586,,22.60222222222222
2018-07-13 16:00:00,0.908,62.26466666666667,12.710666666666667,5.3839999999999995,80.35933333333332,,22.487666666666666
2018-07-13 16:15:00,0.9050666666666667,49.42066666666666,12.636666666666665,5.398666666666667,67.456,,22.438222222222223
2018-07-13 16:30:00,0.9008,0.0,12.892666666666667,5.058000000000001,17.950666666666667,,23.471
2018-07-13 16:45:00,0.8675999999999999,0.0,12.241999999999999,5.050666666666667,17.292666666666666,,25.09772222222222
2018-07-13 17:00:00,0.7752,0.0,11.696666666666665,4.358666666666666,16.055333333333333,,26.033
2018-07-13 17:15:00,0.7149333333333333,0.0,10.603333333333333,3.6439999999999997,14.247333333333334,,26.6205
2018-07-13 17:30:00,0.6916,0.0,10.476,3.31,13.786000000000001,,26.729
2018-07-13 17:45:00,0.6377333333333334,0.0,9.934666666666665,2.774,12.708666666666666,,26.985833333333336
2018-07-13 18:00:00,0.5488666666666667,0.0,8.645999999999999,2.594,11.24,,27.03372222222222
2018-07-13 18:15:00,0.504,0.0,7.5200000000000005,2.5246666666666666,10.044666666666668,,27.091
2018-07-13 18:30:00,0.5053333333333333,0.0,7.560666666666666,2.513333333333333,10.074000000000002,,27.380444444444443
2018-07-13 18:45:00,0.49606666666666666,0.0,7.362,2.5226666666666664,9.884666666666668,,27.427777777777774
2018-07-13 19:00:00,0.491,0.0,7.264666666666667,2.518666666666667,9.783333333333333,,27.44888888888889
2018-07-13 19:15:00,0.5208666666666667,0.0,7.931333333333333,2.4493333333333336,10.380666666666666,,27.462666666666667
2018-07-13 19:30:00,0.4608666666666667,0.0,6.8853333333333335,2.296,9.181333333333333,,27.485333333333333
2018-07-13 19:45:00,0.42900000000000005,0.0,6.358666666666666,2.19,8.548666666666668,,27.471777777777778
2018-07-13 20:00:00,0.4284,0.0,6.434666666666667,2.1,8.534666666666665,,27.54866666666667
2018-07-13 20:15:00,0.30499999999999994,0.0,4.134666666666667,1.9413333333333334,6.076,,27.586222222222222
2018-07-13 20:30:00,0.29073333333333334,0.0,3.9033333333333338,1.8906666666666667,5.794,,27.612666666666666
2018-07-13 20:45:00,0.29606666666666664,0.0,4.122,1.7759999999999998,5.898,,27.575333333333333
2018-07-13 21:00:00,0.2512666666666667,0.0,3.5146666666666664,1.4933333333333332,5.008,,27.544666666666664
2018-07-13 21:15:00,0.09973333333333333,0.0,0.9606666666666667,1.028,1.9886666666666666,,27.48322222222222
2018-07-13 21:30:00,0.08426666666666667,0.0,0.6053333333333334,1.0746666666666664,1.68,,27.37011111111111
2018-07-13 21:45:00,0.06166666666666667,0.0,0.18133333333333335,1.0506666666666666,1.2319999999999998,,27.389555555555553
2018-07-13 22:00:00,0.0566,0.0,0.021333333333333333,1.106,1.1273333333333333,,27.352
2018-07-13 22:15:00,0.05006666666666667,0.0,0.022000000000000002,0.974,0.9960000000000001,,27.272555555555552
2018-07-13 22:30:00,0.04806666666666667,0.0,0.02266666666666667,0.934,0.9566666666666668,,27.253777777777778
2018-07-13 22:45:00,0.05593333333333333,0.0,0.16133333333333333,0.9513333333333335,1.1126666666666667,,27.295555555555556
2018-07-13 23:00:00,0.049666666666666665,0.0,0.037333333333333336,0.9520000000000001,0.9893333333333334,,27.303555555555555
2018-07-13 23:15:00,0.04853333333333333,0.0,0.021333333333333333,0.9460000000000001,0.9673333333333335,,27.244999999999997
2018-07-13 23:30:00,0.0614,0.0,0.07866666666666668,1.1446666666666667,1.2233333333333334,,27.274
2018-07-13 23:45:00,0.06079999999999999,0.0,0.13733333333333334,1.0713333333333332,1.2086666666666666,,27.255555555555553
2018-07-14 00:00:00,0.067,0.0,0.29133333333333333,1.044,1.3353333333333335,,27.125333333333334
2018-07-14 00:15:00,0.05386666666666666,0.0,0.05600000000000001,1.0166666666666666,1.0726666666666667,,27.11927777777778
2018-07-14 00:30:00,0.04793333333333334,0.0,0.02266666666666667,0.9293333333333335,0.9520000000000001,,27.072166666666664
2018-07-14 00:45:00,0.052000000000000005,0.0,0.024666666666666667,1.01,1.0346666666666668,,27.116944444444446
2018-07-14 01:00:00,0.06166666666666667,0.0,0.1753333333333333,1.0533333333333332,1.2286666666666666,,27.0845
2018-07-14 01:15:00,0.04933333333333333,0.0,0.021333333333333333,0.9600000000000002,0.9813333333333335,,27.084833333333336
2018-07-14 01:30:00,0.04933333333333333,0.0,0.020666666666666667,0.9620000000000001,0.9826666666666668,,27.11472222222222
2018-07-14 01:45:00,0.054266666666666664,0.0,0.022000000000000002,1.0566666666666666,1.0786666666666667,,27.123944444444444
2018-07-14 02:00:00,0.0502,0.0,0.020666666666666667,0.9766666666666666,0.9973333333333333,,27.100833333333334
2018-07-14 02:15:00,0.05873333333333333,0.0,0.17933333333333332,0.9886666666666667,1.168,,27.104333333333333
2018-07-14 02:30:00,0.0528,0.0,0.02333333333333333,1.028,1.0513333333333332,,27.118
2018-07-14 02:45:00,0.0492,0.0,0.020666666666666667,0.9573333333333334,0.9780000000000001,,27.112000000000002
2018-07-14 03:00:00,0.0506,0.0,0.02266666666666667,0.9853333333333334,1.008,,27.11883333333333
2018-07-14 03:15:00,0.052599999999999994,0.0,0.08600000000000001,0.962,1.048,,27.113333333333333
2018-07-14 03:30:00,0.05493333333333333,0.0,0.11066666666666668,0.9826666666666668,1.0933333333333335,,27.13
2018-07-14 03:45:00,0.054599999999999996,0.0,0.03133333333333333,1.0566666666666669,1.088,,27.14977777777778
2018-07-14 04:00:00,0.0576,0.0,0.13066666666666665,1.0133333333333334,1.144,,27.174944444444446
2018-07-14 04:15:00,0.056266666666666666,0.0,0.13933333333333336,0.9806666666666666,1.12,,27.122
2018-07-14 04:30:00,0.0618,0.0,0.20733333333333334,1.0233333333333332,1.2306666666666666,,27.136277777777778
2018-07-14 04:45:00,0.0536,0.0,0.064,1.0033333333333334,1.0673333333333335,,27.099666666666668
2018-07-14 05:00:00,0.04886666666666666,0.0,0.022000000000000002,0.9520000000000001,0.9740000000000001,,27.100833333333334
2018-07-14 05:15:00,0.05386666666666667,0.0,0.021333333333333333,1.0513333333333332,1.0726666666666667,,27.058777777777777
2018-07-14 05:30:00,0.05053333333333333,0.0,0.021333333333333333,0.9866666666666667,1.008,,27.101333333333333
2018-07-14 05:45:00,0.0574,0.0,0.18066666666666667,0.9640000000000001,1.1446666666666667,,27.10216666666667
2018-07-14 06:00:00,0.04526666666666667,0.0,0.02666666666666667,0.8713333333333334,0.898,,27.093833333333336
2018-07-14 06:15:00,0.04953333333333333,0.0,0.021333333333333333,0.9653333333333334,0.9866666666666667,,27.05166666666667
2018-07-14 06:30:00,0.055466666666666664,0.0,0.024,1.0806666666666667,1.1046666666666667,,27.052833333333336
2018-07-14 06:45:00,0.059000000000000004,0.0,0.048666666666666664,1.1286666666666667,1.1773333333333333,,27.06683333333333
2018-07-14 07:00:00,0.06493333333333333,0.0,0.2866666666666667,1.0066666666666666,1.2933333333333332,,27.089666666666666
2018-07-14 07:15:00,0.05506666666666667,0.0,0.14133333333333334,0.9573333333333334,1.0986666666666667,,27.1055
2018-07-14 07:30:00,0.05413333333333334,0.0,0.13,0.9460000000000001,1.076,,27.12161111111111
2018-07-14 07:45:00,0.10373333333333333,0.0,1.1813333333333333,0.8840000000000001,2.0653333333333332,,27.161166666666666
2018-07-14 08:00:00,0.1902,0.0,2.9006666666666665,0.888,3.7886666666666664,,27.177333333333333
2018-07-14 08:15:00,0.21073333333333333,6.52,3.112,1.0866666666666667,10.718666666666667,,27.162
2018-07-14 08:30:00,0.22126666666666667,26.153333333333332,3.1626666666666665,1.248,30.564,,27.11722222222222
2018-07-14 08:45:00,0.21786666666666665,26.404,3.1173333333333333,1.2266666666666666,30.748,,27.10533333333333
2018-07-14 09:00:00,0.24246666666666666,23.492,3.3073333333333332,1.5266666666666666,28.326,,27.124444444444446
2018-07-14 09:15:00,0.2582666666666667,19.873333333333335,3.5626666666666664,1.5866666666666667,25.022666666666666,,27.205111111111112
2018-07-14 09:30:00,0.23306666666666667,23.222666666666665,3.3893333333333335,1.2553333333333332,27.86733333333333,,27.59188888888889
2018-07-14 09:45:00,0.2326,19.939333333333334,3.3373333333333335,1.3013333333333332,24.578,,27.804333333333332
2018-07-14 10:00:00,0.23479999999999998,19.986,3.3460000000000005,1.3346666666666667,24.666666666666668,,27.608333333333334
2018-07-14 10:15:00,0.24020000000000002,19.99866666666667,3.437333333333333,1.3513333333333333,24.787333333333333,,25.690555555555555
2018-07-14 10:30:00,0.23286666666666667,19.978,3.2373333333333334,1.4046666666666667,24.62,,25.700222222222223
2018-07-14 10:45:00,0.232,20.006666666666668,3.1926666666666668,1.4333333333333333,24.63266666666667,,25.750777777777778
2018-07-14 11:00:00,0.24213333333333334,20.075333333333333,3.2479999999999998,1.5773333333333333,24.900666666666666,,26.002222222222223
2018-07-14 11:15:00,0.25146666666666667,20.162666666666667,3.5653333333333332,1.4493333333333331,25.177333333333333,,26.03066666666667
2018-07-14 11:30:00,0.24566666666666667,20.254,3.4886666666666666,1.4093333333333333,25.152,,25.93777777777778
2018-07-14 11:45:00,0.24153333333333332,20.230666666666664,3.392,1.4220000000000002,25.044666666666668,,25.653666666666666
2018-07-14 12:00:00,0.23826666666666665,18.158666666666665,3.4006666666666665,1.3506666666666667,22.91,,25.76488888888889
2018-07-14 12:15:00,0.269,0.0,4.037333333333334,1.3233333333333335,5.360666666666666,,25.913333333333334
2018-07-14 12:30:00,0.24233333333333332,0.0,3.527333333333333,1.3066666666666669,4.8340000000000005,,26.87644444444444
2018-07-14 12:45:00,0.22940000000000002,0.34400000000000003,3.231333333333333,1.3393333333333333,4.914666666666666,,27.273333333333333
2018-07-14 13:00:00,0.23846666666666666,20.102,3.259333333333333,1.494,24.85533333333333,,27.04088888888889
2018-07-14 13:15:00,0.23126666666666668,24.166666666666668,3.170666666666667,1.44,28.77733333333333,,24.592555555555556
2018-07-14 13:30:00,0.2537333333333333,20.234666666666666,3.445333333333333,1.6126666666666665,25.292666666666666,,25.58711111111111
2018-07-14 13:45:00,0.22453333333333333,19.97733333333333,3.1213333333333333,1.3539999999999999,24.452666666666666,,25.66322222222222
2018-07-14 14:00:00,0.22860000000000003,19.916666666666668,3.1886666666666668,1.3659999999999999,24.471333333333334,,25.741555555555557
2018-07-14 14:15:00,0.22053333333333333,19.882,3.1366666666666663,1.2586666666666668,24.277333333333335,,25.69688888888889
2018-07-14 14:30:00,0.23166666666666666,19.964666666666666,3.27,1.35,24.584666666666667,,25.772
2018-07-14 14:45:00,0.2352,20.00133333333333,3.322,1.3666666666666667,24.69,,25.866777777777777
2018-07-14 15:00:00,0.2382,19.98,3.291333333333333,1.4586666666666666,24.73,,27.872666666666664
2018-07-14 15:15:00,0.23093333333333332,19.857333333333333,3.1226666666666665,1.4813333333333332,24.461333333333336,,27.559
2018-07-14 15:30:00,0.22926666666666667,19.76066666666667,3.228,1.3419999999999999,24.330666666666666,,27.56833333333333
2018-07-14 15:45:00,0.23099999999999998,19.363333333333333,3.3953333333333333,1.2113333333333334,23.970000000000002,,27.534
2018-07-14 16:00:00,0.22613333333333333,19.383333333333333,3.336,1.1700000000000002,23.889333333333337,,26.144444444444442
2018-07-14 16:15:00,0.2242,19.38266666666667,3.3333333333333335,1.1373333333333333,23.853333333333335,,25.411111111111108
2018-07-14 16:30:00,0.21773333333333333,0.0,3.2306666666666666,1.1106666666666667,4.341333333333334,,26.12261111111111
2018-07-14 16:45:00,0.22813333333333335,0.0,3.3253333333333335,1.222,4.5473333333333334,,26.451166666666666
2018-07-14 17:00:00,0.1926,0.0,2.8473333333333333,0.9913333333333334,3.8386666666666667,,26.77588888888889
2018-07-14 17:15:00,0.047,0.0,0.02266666666666667,0.9093333333333333,0.932,,27.031333333333336
2018-07-14 17:30:00,0.04806666666666667,0.0,0.021333333333333333,0.9333333333333333,0.9546666666666667,,27.282222222222224
2018-07-14 17:45:00,0.049,0.0,0.02266666666666667,0.9546666666666667,0.9773333333333334,,27.30911111111111
2018-07-14 18:00:00,0.06273333333333334,0.0,0.18266666666666667,1.0659999999999998,1.2486666666666666,,27.650222222222222
2018-07-14 18:15:00,0.057666666666666665,0.0,0.02266666666666667,1.1253333333333333,1.148,,27.428555555555555
2018-07-14 18:30:00,0.04933333333333333,0.0,0.021333333333333333,0.9613333333333334,0.9826666666666667,,27.386000000000003
2018-07-14 18:45:00,0.053799999999999994,0.0,0.12333333333333334,0.9493333333333334,1.0726666666666667,,27.40088888888889
2018-07-14 19:00:00,0.054066666666666666,0.0,0.14133333333333334,0.9373333333333334,1.0786666666666667,,27.424666666666667
2018-07-14 19:15:00,0.05553333333333334,0.0,0.25266666666666665,0.8533333333333334,1.106,,27.443111111111115
2018-07-14 19:30:00,0.04646666666666666,0.0,0.02266666666666667,0.9033333333333334,0.926,,27.474666666666668
2018-07-14 19:45:00,0.052533333333333335,0.0,0.022000000000000002,1.0233333333333332,1.0453333333333332,,27.384999999999998
2018-07-14 20:00:00,0.053933333333333326,0.0,0.024,1.0473333333333332,1.0713333333333332,,27.54288888888889
2018-07-14 20:15:00,0.05373333333333333,0.0,0.02333333333333333,1.0453333333333332,1.0686666666666664,,27.498444444444445
2018-07-14 20:30:00,0.06266666666666666,0.0,0.184,1.0633333333333332,1.2473333333333332,,27.181444444444445
2018-07-14 20:45:00,0.052199999999999996,0.0,0.02333333333333333,1.0166666666666666,1.04,,27.373
2018-07-14 21:00:00,0.05446666666666666,0.0,0.024,1.0599999999999998,1.0839999999999999,,27.27388888888889
2018-07-14 21:15:00,0.0522,0.0,0.024,1.014,1.038,,27.291777777777778
2018-07-14 21:30:00,0.04886666666666666,0.0,0.022000000000000002,0.95,0.972,,27.500333333333334
2018-07-14 21:45:00,0.05806666666666667,0.0,0.18333333333333332,0.9720000000000001,1.1553333333333335,,27.34777777777778
2018-07-14 22:00:00,0.05126666666666667,0.0,0.02333333333333333,0.9986666666666667,1.022,,27.349777777777778
2018-07-14 22:15:00,0.05486666666666666,0.0,0.024,1.0693333333333332,1.0933333333333333,,27.19688888888889
2018-07-14 22:30:00,0.0584,0.0,0.022000000000000002,1.1393333333333333,1.1613333333333336,,27.322555555555553
2018-07-14 22:45:00,0.05366666666666666,0.0,0.030000000000000002,1.0373333333333332,1.0673333333333332,,27.48022222222222
2018-07-14 23:00:00,0.05806666666666667,0.0,0.17333333333333334,0.9833333333333333,1.1566666666666667,,27.537555555555556
2018-07-14 23:15:00,0.05273333333333333,0.0,0.10666666666666667,0.9433333333333334,1.05,,27.548055555555553
2018-07-14 23:30:00,0.0514,0.0,0.13933333333333336,0.8840000000000001,1.0233333333333334,,27.484333333333332
2018-07-14 23:45:00,0.05106666666666667,0.0,0.12000000000000002,0.8966666666666667,1.0166666666666666,,27.43277777777778
2018-07-15 00:00:00,0.051000000000000004,0.0,0.06466666666666666,0.9493333333333334,1.014,,27.399833333333333
2018-07-15 00:15:00,0.05606666666666667,0.0,0.14,0.9780000000000001,1.1179999999999999,,27.413666666666668
2018-07-15 00:30:00,0.054,0.0,0.021333333333333333,1.0533333333333332,1.0746666666666667,,27.370055555555556
2018-07-15 00:45:00,0.05353333333333333,0.0,0.02333333333333333,1.0439999999999998,1.0673333333333332,,27.501555555555555
2018-07-15 01:00:00,0.05313333333333333,0.0,0.021333333333333333,1.0353333333333332,1.0566666666666666,,27.529333333333334
2018-07-15 01:15:00,0.05846666666666667,0.0,0.13666666666666666,1.028,1.1646666666666665,,27.47511111111111
2018-07-15 01:30:00,0.047799999999999995,0.0,0.068,0.8826666666666667,0.9506666666666668,,27.566166666666668
2018-07-15 01:45:00,0.045066666666666665,0.0,0.024666666666666667,0.87,0.8946666666666668,,27.495166666666666
2018-07-15 02:00:00,0.04873333333333333,0.0,0.02266666666666667,0.9440000000000001,0.9666666666666668,,27.523944444444446
2018-07-15 02:15:00,0.0496,0.0,0.02266666666666667,0.9640000000000001,0.9866666666666667,,27.445833333333333
2018-07-15 02:30:00,0.059133333333333336,0.0,0.166,1.0093333333333334,1.1753333333333333,,27.4305
2018-07-15 02:45:00,0.059866666666666665,0.0,0.043333333333333335,1.1506666666666667,1.194,,27.43233333333333
2018-07-15 03:00:00,0.0518,0.0,0.02266666666666667,1.0106666666666666,1.0333333333333334,,27.487166666666667
2018-07-15 03:15:00,0.04806666666666667,0.0,0.02333333333333333,0.9333333333333333,0.9566666666666667,,27.521055555555556
2018-07-15 03:30:00,0.048,0.0,0.024,0.9306666666666668,0.9546666666666667,,27.537388888888888
2018-07-15 03:45:00,0.06126666666666667,0.0,0.228,0.9913333333333334,1.2193333333333336,,27.528666666666666
2018-07-15 04:00:00,0.05686666666666666,0.0,0.136,0.9973333333333334,1.1333333333333333,,27.500999999999998
2018-07-15 04:15:00,0.057666666666666665,0.0,0.14133333333333334,1.0073333333333332,1.1486666666666667,,27.6075
2018-07-15 04:30:00,0.051866666666666665,0.0,0.04133333333333333,0.988,1.0293333333333334,,27.631666666666668
2018-07-15 04:45:00,0.0482,0.0,0.02266666666666667,0.9366666666666668,0.9593333333333334,,27.619000000000003
2018-07-15 05:00:00,0.05673333333333333,0.0,0.17600000000000002,0.9546666666666667,1.1306666666666667,,27.589833333333335
2018-07-15 05:15:00,0.05,0.0,0.02266666666666667,0.9706666666666667,0.9933333333333334,,27.595333333333333
2018-07-15 05:30:00,0.1214,0.0,1.1099999999999999,1.3113333333333332,2.4213333333333336,,27.59333333333333
2018-07-15 05:45:00,0.2014,0.0,2.7066666666666666,1.3053333333333335,4.0120000000000005,,27.646277777777776
2018-07-15 06:00:00,0.1869333333333333,0.0,2.731333333333333,0.9920000000000001,3.7233333333333336,,27.611833333333333
2018-07-15 06:15:00,0.20286666666666667,0.0,3.0626666666666664,0.9793333333333334,4.042,,27.636000000000003
2018-07-15 06:30:00,0.16333333333333336,0.0,2.281333333333334,0.9740000000000001,3.2553333333333336,,27.70161111111111
2018-07-15 06:45:00,0.05773333333333333,0.0,0.30400000000000005,0.8460000000000001,1.15,,27.639166666666664
2018-07-15 07:00:00,0.05553333333333333,0.0,0.14333333333333337,0.9626666666666667,1.106,,27.59416666666667
2018-07-15 07:15:00,0.06306666666666666,0.0,0.218,1.0379999999999998,1.256,,27.674166666666668
2018-07-15 07:30:00,0.05566666666666666,0.394,0.05,1.0599999999999998,1.504,,27.72711111111111
2018-07-15 07:45:00,0.10913333333333333,9.35,1.1266666666666667,1.052,11.528666666666668,,27.391666666666666
2018-07-15 08:00:00,0.06906666666666667,0.0,0.34,1.0366666666666666,1.3766666666666665,,27.342777777777776
2018-07-15 08:15:00,0.054000000000000006,0.0,0.08933333333333333,0.9860000000000001,1.0753333333333335,,27.563444444444443
2018-07-15 08:30:00,0.052866666666666666,0.0,0.10400000000000001,0.9486666666666665,1.0526666666666666,,27.800444444444445
2018-07-15 08:45:00,0.04326666666666666,0.0,0.02266666666666667,0.8373333333333334,0.8600000000000001,,27.686555555555557
2018-07-15 09:00:00,0.047,0.0,0.03266666666666666,0.9046666666666668,0.9373333333333335,,27.71055555555556
2018-07-15 09:15:00,0.07513333333333333,0.0,0.43600000000000005,1.0606666666666666,1.4966666666666668,,27.97211111111111
2018-07-15 09:30:00,0.0888,0.0,0.61,1.16,1.77,,27.886333333333333
2018-07-15 09:45:00,0.09126666666666666,0.0,0.5506666666666667,1.2693333333333332,1.82,,27.982666666666667
2018-07-15 10:00:00,0.08753333333333332,0.0,0.5713333333333334,1.172,1.7433333333333334,,28.046444444444443
2018-07-15 10:15:00,0.08493333333333333,0.0,0.5506666666666667,1.144,1.6946666666666668,,28.12644444444444
2018-07-15 10:30:00,0.08553333333333332,0.0,0.6300000000000001,1.0753333333333333,1.7053333333333334,,28.159444444444443
2018-07-15 10:45:00,0.07673333333333333,0.0,0.4646666666666668,1.0673333333333335,1.532,,28.200777777777777
2018-07-15 11:00:00,0.07719999999999999,0.0,0.4613333333333334,1.078,1.5393333333333337,,28.210166666666666
2018-07-15 11:15:00,0.0808,0.0,0.4626666666666667,1.1486666666666667,1.6113333333333335,,28.3035
2018-07-15 11:30:00,0.08013333333333333,0.0,0.5206666666666667,1.0766666666666669,1.5973333333333335,,28.307944444444445
2018-07-15 11:45:00,0.08473333333333333,0.0,0.6106666666666667,1.0766666666666667,1.6873333333333334,,28.424666666666667
2018-07-15 12:00:00,0.06293333333333333,0.0,0.20333333333333334,1.052,1.2553333333333332,,28.492
2018-07-15 12:15:00,0.12193333333333335,0.0,1.3593333333333333,1.0726666666666667,2.4320000000000004,,28.456166666666668
2018-07-15 12:30:00,0.21193333333333333,0.0,3.0713333333333335,1.153333333333333,4.224666666666667,,28.4725
2018-07-15 12:45:00,0.2374666666666667,0.0,3.402,1.3326666666666669,4.734666666666667,,28.339166666666667
2018-07-15 13:00:00,0.24346666666666666,0.0,3.5926666666666667,1.2600000000000002,4.852666666666667,,28.592166666666667
2018-07-15 13:15:00,0.27373333333333333,0.0,4.132000000000001,1.328,5.46,,28.6425
2018-07-15 13:30:00,0.22653333333333334,0.0,3.3473333333333333,1.1673333333333333,4.514666666666667,,28.73644444444444
2018-07-15 13:45:00,0.2252,0.0,3.414,1.074,4.488,,28.677833333333332
2018-07-15 14:00:00,0.226,0.0,3.366,1.1366666666666667,4.502666666666667,,28.681166666666666
2018-07-15 14:15:00,0.22546666666666668,0.0,3.260666666666667,1.2346666666666668,4.495333333333334,,28.706666666666667
2018-07-15 14:30:00,0.26113333333333333,0.0,3.822,1.3853333333333333,5.207333333333334,,28.772833333333335
2018-07-15 14:45:00,0.25393333333333334,0.0,3.7526666666666673,1.312,5.064666666666667,,28.70516666666667
2018-07-15 15:00:00,0.2626666666666667,0.0,3.9613333333333336,1.2779999999999998,5.239333333333334,,28.75227777777778
2018-07-15 15:15:00,0.21386666666666668,0.0,3.122,1.1413333333333333,4.263333333333334,,28.730666666666668
2018-07-15 15:30:00,0.20353333333333332,0.0,2.9193333333333333,1.136,4.0553333333333335,,28.728666666666665
2018-07-15 15:45:00,0.2056,0.0,3.021333333333333,1.0746666666666667,4.096,,28.802388888888892
2018-07-15 16:00:00,0.18613333333333332,0.0,2.784,0.9266666666666669,3.710666666666667,,28.590222222222224
2018-07-15 16:15:00,0.1448,0.0,2.058,0.8300000000000001,2.888,,28.67983333333333
2018-07-15 16:30:00,0.050666666666666665,0.0,0.026000000000000002,0.9800000000000001,1.006,,28.656166666666664
2018-07-15 16:45:00,0.05853333333333333,0.0,0.06333333333333332,1.102,1.1653333333333333,,28.6615
2018-07-15 17:00:00,0.0588,0.0,0.13466666666666666,1.038,1.1726666666666667,,28.686555555555557
2018-07-15 17:15:00,0.06780000000000001,0.0,0.33399999999999996,1.0173333333333334,1.3513333333333333,,28.606166666666663
2018-07-15 17:30:00,0.051866666666666665,0.0,0.04066666666666666,0.9920000000000001,1.0326666666666666,,28.57561111111111
2018-07-15 17:45:00,0.046799999999999994,0.0,0.02266666666666667,0.9093333333333333,0.932,,28.534222222222223
2018-07-15 18:00:00,0.04533333333333334,0.0,0.021333333333333333,0.8786666666666666,0.9,,28.371555555555556
2018-07-15 18:15:00,0.0512,0.0,0.09066666666666667,0.93,1.0206666666666668,,28.461333333333336
2018-07-15 18:30:00,0.0484,0.0,0.11333333333333333,0.8506666666666667,0.9640000000000001,,28.518555555555558
2018-07-15 18:45:00,0.04593333333333334,0.0,0.02,0.892,0.912,,28.40666666666667
2018-07-15 19:00:00,0.05413333333333333,0.0,0.024666666666666667,1.052,1.0766666666666669,,28.76311111111111
2018-07-15 19:15:00,0.053066666666666665,0.0,0.024666666666666667,1.0313333333333334,1.0560000000000003,,28.586222222222222
2018-07-15 19:30:00,0.06293333333333334,0.0,0.17866666666666667,1.0766666666666667,1.2553333333333332,,28.545555555555556
2018-07-15 19:45:00,0.053266666666666664,0.0,0.021333333333333333,1.0386666666666666,1.06,,28.531555555555556
2018-07-15 20:00:00,0.0432,0.0,0.021333333333333333,0.8353333333333334,0.8566666666666668,,28.318444444444445
2018-07-15 20:15:00,0.04206666666666667,0.0,0.021333333333333333,0.8126666666666668,0.8340000000000001,,28.463666666666665
2018-07-15 20:30:00,0.051666666666666666,0.0,0.13866666666666666,0.8853333333333333,1.024,,28.423444444444442
2018-07-15 20:45:00,0.050333333333333334,0.0,0.06266666666666668,0.9373333333333334,1.0,,28.404888888888888
2018-07-15 21:00:00,0.052399999999999995,0.0,0.02266666666666667,1.0186666666666668,1.0413333333333334,,28.383777777777777
2018-07-15 21:15:00,0.053200000000000004,0.0,0.05733333333333333,1.0013333333333334,1.0586666666666666,,28.331111111111113
2018-07-15 21:30:00,0.05773333333333333,0.0,0.136,1.0146666666666666,1.1506666666666667,,28.34911111111111
2018-07-15 21:45:00,0.056666666666666664,0.0,0.1406666666666667,0.9853333333333334,1.1260000000000001,,28.300444444444445
2018-07-15 22:00:00,0.059333333333333335,0.0,0.17200000000000001,1.012,1.1840000000000002,,28.651888888888887
2018-07-15 22:15:00,0.053399999999999996,0.0,0.021333333333333333,1.042,1.0633333333333335,,28.772333333333332
2018-07-15 22:30:00,0.04953333333333333,0.0,0.02266666666666667,0.9613333333333334,0.984,,28.71211111111111
2018-07-15 22:45:00,0.04713333333333333,0.0,0.024,0.9126666666666666,0.9366666666666668,,28.439
2018-07-15 23:00:00,0.0486,0.0,0.07333333333333333,0.894,0.9673333333333333,,28.56888888888889
2018-07-15 23:15:00,0.052533333333333335,0.0,0.13066666666666665,0.9133333333333333,1.044,,28.660444444444447
2018-07-15 23:30:00,0.04833333333333333,0.0,0.022000000000000002,0.94,0.962,,28.421222222222223
2018-07-15 23:45:00,0.05686666666666666,0.0,0.02266666666666667,1.1093333333333333,1.1320000000000001,,28.49888888888889
2018-07-16 00:00:00,0.05313333333333333,0.0,0.023333333333333334,1.034,1.0573333333333335,,28.561555555555557
2018-07-16 00:15:00,0.05633333333333333,0.0,0.13333333333333333,0.99,1.1233333333333335,,28.567999999999998
2018-07-16 00:30:00,0.04833333333333333,0.0,0.06933333333333333,0.8926666666666667,0.9620000000000001,,28.639333333333333
2018-07-16 00:45:00,0.03813333333333333,0.0,0.020666666666666667,0.738,0.7586666666666666,,28.667555555555555
2018-07-16 01:00:00,0.0496,0.0,0.020666666666666667,0.968,0.9886666666666667,,28.642444444444443
2018-07-16 01:15:00,0.0502,0.0,0.02266666666666667,0.9760000000000001,0.9986666666666667,,28.574666666666666
2018-07-16 01:30:00,0.05606666666666667,0.0,0.18066666666666667,0.9380000000000001,1.1186666666666667,,28.566444444444446
2018-07-16 01:45:00,0.04953333333333333,0.0,0.07866666666666668,0.9073333333333333,0.986,,28.58461111111111
2018-07-16 02:00:00,0.057666666666666665,0.0,0.136,1.0113333333333334,1.1473333333333333,,28.424555555555553
2018-07-16 02:15:00,0.0562,0.0,0.14266666666666666,0.9773333333333335,1.12,,28.431277777777776
2018-07-16 02:30:00,0.05179999999999999,0.0,0.02666666666666667,1.0066666666666666,1.0333333333333334,,28.272
2018-07-16 02:45:00,0.057,0.0,0.18400000000000002,0.9506666666666668,1.134666666666667,,28.178833333333333
2018-07-16 03:00:00,0.0486,0.0,0.022000000000000002,0.9453333333333334,0.9673333333333333,,28.307888888888886
2018-07-16 03:15:00,0.04713333333333333,0.0,0.021333333333333333,0.9166666666666666,0.9380000000000001,,28.408944444444444
2018-07-16 03:30:00,0.047066666666666666,0.0,0.022000000000000002,0.914,0.936,,28.392888888888887
2018-07-16 03:45:00,0.0504,0.0,0.024,0.978,1.002,,28.174444444444443
2018-07-16 04:00:00,0.05853333333333333,0.0,0.17933333333333332,0.9866666666666667,1.1660000000000001,,28.343833333333336
2018-07-16 04:15:00,0.04426666666666667,0.0,0.022000000000000002,0.8606666666666667,0.8826666666666668,,28.33083333333333
2018-07-16 04:30:00,0.04733333333333333,0.0,0.02266666666666667,0.9186666666666667,0.9413333333333334,,28.330666666666666
2018-07-16 04:45:00,0.05073333333333333,0.0,0.02333333333333333,0.9846666666666668,1.008,,28.180666666666664
2018-07-16 05:00:00,0.05213333333333333,0.0,0.024,1.0146666666666666,1.0386666666666666,,28.360833333333336
2018-07-16 05:15:00,0.18746666666666664,0.0,2.1666666666666665,1.5693333333333335,3.7359999999999998,,28.336333333333336
2018-07-16 05:30:00,0.4351333333333333,0.0,5.884,2.786666666666667,8.670666666666667,,28.353944444444444
2018-07-16 05:45:00,0.357,0.0,5.323333333333333,1.7933333333333334,7.116666666666666,,28.39538888888889
2018-07-16 06:00:00,0.32880000000000004,0.0,5.368666666666667,1.1840000000000002,6.552666666666667,,28.465611111111112
2018-07-16 06:15:00,0.3999333333333333,0.0,6.77,1.206,7.976,,28.563055555555554
2018-07-16 06:30:00,0.40426666666666666,0.0,6.5953333333333335,1.4646666666666666,8.06,,28.56072222222222
2018-07-16 06:45:00,0.42119999999999996,0.0,6.373333333333333,2.0220000000000002,8.395333333333333,,28.51516666666667
2018-07-16 07:00:00,0.4638666666666667,0.0,6.628,2.618666666666667,9.246666666666666,,28.495055555555556
2018-07-16 07:15:00,0.43233333333333335,0.0,6.604666666666666,2.0126666666666666,8.617333333333333,,28.679333333333332
2018-07-16 07:30:00,0.5536666666666666,1.1073333333333333,8.154,2.8793333333333333,12.140666666666666,,28.54422222222222
2018-07-16 07:45:00,0.6122666666666666,83.64133333333334,8.912,3.289333333333333,95.84266666666667,,27.862222222222222
2018-07-16 08:00:00,0.7280666666666666,103.10600000000001,10.826666666666666,4.188,118.12066666666666,,25.088277777777776
2018-07-16 08:15:00,0.8350666666666666,86.35666666666665,11.535333333333334,5.105333333333333,102.99733333333333,,23.404999999999998
2018-07-16 08:30:00,0.8013333333333333,72.546,11.370000000000001,4.600666666666667,88.51666666666667,,22.859666666666666
2018-07-16 08:45:00,0.8476666666666667,66.00466666666667,12.258666666666667,4.636666666666667,82.9,,22.7805
2018-07-16 09:00:00,0.8943333333333334,71.264,12.661333333333333,5.16,89.08533333333334,,22.978166666666667
2018-07-16 09:15:00,0.8767999999999999,70.75933333333333,12.443999999999999,5.029333333333333,88.23266666666667,,22.793833333333335
2018-07-16 09:30:00,0.8778,65.22733333333333,12.437999999999999,5.053333333333333,82.71866666666666,,22.77466666666667
2018-07-16 09:45:00,0.8959333333333334,63.602,12.653333333333334,5.202,81.45733333333334,,22.9855
2018-07-16 10:00:00,0.8984666666666666,65.08866666666667,12.395333333333333,5.510666666666666,82.99466666666667,,23.082444444444445
2018-07-16 10:15:00,0.9061333333333333,66.78,12.67,5.548666666666667,84.99866666666667,,23.233166666666666
2018-07-16 10:30:00,0.8941333333333332,74.78666666666666,12.606666666666666,5.212666666666666,92.60600000000001,,22.952833333333334
2018-07-16 10:45:00,0.8741333333333333,66.454,12.375333333333336,5.043333333333334,83.87266666666666,,22.752166666666668
2018-07-16 11:00:00,0.9116666666666667,66.67066666666666,12.498000000000001,5.6706666666666665,84.83933333333333,,22.86588888888889
2018-07-16 11:15:00,0.8846666666666666,59.928,12.336666666666668,5.291333333333333,77.556,,23.029999999999998
2018-07-16 11:30:00,0.9106000000000001,56.998000000000005,12.613333333333333,5.533333333333333,75.14466666666665,,23.10538888888889
2018-07-16 11:45:00,0.8814,0.4366666666666667,12.206666666666667,5.357333333333333,18.000666666666667,,23.997666666666667
2018-07-16 12:00:00,0.7442666666666666,0.0,10.203333333333331,4.632000000000001,14.835333333333333,,25.871944444444445
2018-07-16 12:15:00,0.6490666666666667,0.0,8.585333333333333,4.351333333333333,12.936666666666667,,26.905277777777776
2018-07-16 12:30:00,0.6390666666666667,0.0,8.366666666666667,4.37,12.736666666666668,,27.464888888888886
2018-07-16 12:45:00,0.6424000000000001,0.8833333333333333,8.158666666666667,4.644,13.686000000000002,,27.829333333333334
2018-07-16 13:00:00,0.7921333333333334,83.712,10.834,4.954,99.5,,27.0975
2018-07-16 13:15:00,0.8619333333333333,85.33999999999999,11.814,5.3660000000000005,102.52,,24.25722222222222
2018-07-16 13:30:00,0.8766,71.06333333333333,12.048666666666666,5.418666666666667,88.53066666666668,,23.117
2018-07-16 13:45:00,0.8587333333333333,61.827999999999996,11.805333333333332,5.674666666666667,79.30799999999999,,23.072166666666664
2018-07-16 14:00:00,0.8777333333333334,56.91133333333333,11.697333333333335,5.792666666666666,74.40133333333333,,23.405944444444444
2018-07-16 14:15:00,0.854,65.13133333333333,12.142000000000001,5.876666666666666,83.15,,23.317833333333333
2018-07-16 14:30:00,0.8666666666666667,59.428,12.100666666666667,5.166666666666667,76.69533333333334,,23.062
2018-07-16 14:45:00,0.8762000000000001,62.42466666666667,12.114,5.342666666666667,79.88133333333333,,23.137333333333334
2018-07-16 15:00:00,0.8642666666666667,60.938,12.521999999999998,5.620666666666667,79.08066666666667,,23.080055555555553
2018-07-16 15:15:00,0.8739333333333333,54.422,12.159333333333334,5.254666666666667,71.836,,23.22338888888889
2018-07-16 15:30:00,0.89,59.25466666666667,12.085333333333333,5.65,76.99000000000001,,23.291
2018-07-16 15:45:00,0.8889333333333334,58.76466666666667,12.2,5.512666666666666,76.47733333333333,,23.080666666666666
2018-07-16 16:00:00,0.8842,63.32933333333334,12.139333333333333,5.48,80.94866666666667,,23.011555555555557
2018-07-16 16:15:00,0.8840666666666667,52.937999999999995,12.222666666666667,5.394666666666667,70.55533333333332,,23.223333333333336
2018-07-16 16:30:00,0.875,0.0033333333333333335,12.35,5.084666666666666,17.438,,23.696388888888887
2018-07-16 16:45:00,0.8576666666666667,0.0,12.106,4.988666666666666,17.09466666666667,,25.540666666666667
2018-07-16 17:00:00,0.7224666666666667,0.0,10.736666666666666,3.6639999999999997,14.400666666666666,,26.471833333333333
2018-07-16 17:15:00,0.5886666666666667,0.0,8.842666666666668,2.89,11.732666666666667,,26.921666666666667
2018-07-16 17:30:00,0.527,0.0,8.222666666666667,2.2813333333333334,10.504,,27.16466666666667
2018-07-16 17:45:00,0.5197333333333334,0.0,8.232,2.126,10.358,,27.3865
2018-07-16 18:00:00,0.5127333333333334,0.0,8.152,2.0686666666666667,10.220666666666666,,27.404555555555554
2018-07-16 18:15:00,0.5098666666666667,0.0,8.147333333333334,2.0126666666666666,10.16,,27.418055555555554
2018-07-16 18:30:00,0.48346666666666666,0.0,7.774666666666667,1.8606666666666667,9.635333333333334,,27.52255555555556
2018-07-16 18:45:00,0.49046666666666666,0.0,7.968000000000001,1.8066666666666664,9.774666666666667,,27.7165
2018-07-16 19:00:00,0.4628,0.0,7.602666666666667,1.6186666666666665,9.221333333333332,,27.708277777777777
2018-07-16 19:15:00,0.43306666666666666,0.0,6.925333333333333,1.7079999999999997,8.633333333333333,,27.88688888888889
2018-07-16 19:30:00,0.4122,0.0,6.788,1.4313333333333336,8.219333333333333,,27.87622222222222
2018-07-16 19:45:00,0.3996,0.0,6.546,1.4200000000000002,7.965999999999999,,27.907666666666668
2018-07-16 20:00:00,0.33846666666666664,0.0,5.565333333333333,1.18,6.745333333333333,,27.88266666666667
2018-07-16 20:15:00,0.3412666666666667,0.0,5.5233333333333325,1.2753333333333334,6.798666666666667,,27.91033333333333
2018-07-16 20:30:00,0.2274,0.0,3.426,1.1053333333333333,4.531333333333333,,28.013388888888887
2018-07-16 20:45:00,0.1218,0.0,1.404,1.026,2.4299999999999997,,27.9455
2018-07-16 21:00:00,0.12013333333333334,0.0,1.336,1.0613333333333332,2.3973333333333335,,28.08716666666667
2018-07-16 21:15:00,0.11726666666666666,0.0,1.368,0.9693333333333333,2.3373333333333335,,28.03516666666667
2018-07-16 21:30:00,0.11126666666666667,0.0,1.3820000000000001,0.8386666666666667,2.220666666666667,,27.704
2018-07-16 21:45:00,0.06933333333333333,0.0,0.49933333333333335,0.8813333333333334,1.3806666666666667,,27.73
2018-07-16 22:00:00,0.049666666666666665,0.0,0.12933333333333336,0.8566666666666667,0.9860000000000001,,27.66577777777778
2018-07-16 22:15:00,0.0494,0.0,0.02266666666666667,0.9593333333333334,0.982,,27.589555555555553
2018-07-16 22:30:00,0.05693333333333333,0.0,0.022000000000000002,1.1126666666666667,1.1346666666666667,,27.71066666666667
2018-07-16 22:45:00,0.0542,0.0,0.02266666666666667,1.0566666666666664,1.0793333333333333,,27.708666666666666
2018-07-16 23:00:00,0.059133333333333336,0.0,0.16333333333333336,1.0153333333333332,1.1786666666666668,,27.66466666666667
2018-07-16 23:15:00,0.05233333333333333,0.0,0.037333333333333336,1.0053333333333332,1.0426666666666666,,27.724222222222224
2018-07-16 23:30:00,0.047599999999999996,0.0,0.022666666666666665,0.9233333333333333,0.946,,27.755555555555553
2018-07-16 23:45:00,0.04413333333333333,0.0,0.020666666666666667,0.8580000000000001,0.8786666666666666,,27.682222222222222
2018-07-17 00:00:00,0.049466666666666666,0.0,0.05,0.9359999999999999,0.986,,27.254444444444445
2018-07-17 00:15:00,0.058,0.0,0.294,0.8613333333333333,1.1553333333333335,,27.572333333333333
2018-07-17 00:30:00,0.05333333333333334,0.0,0.1406666666666667,0.9213333333333333,1.062,,27.605
2018-07-17 00:45:00,0.055466666666666664,0.0,0.07933333333333334,1.0246666666666666,1.1039999999999999,,27.6225
2018-07-17 01:00:00,0.05266666666666667,0.0,0.022000000000000002,1.0266666666666666,1.0486666666666666,,27.659
2018-07-17 01:15:00,0.05573333333333333,0.0,0.024,1.0853333333333335,1.1093333333333333,,27.712833333333332
2018-07-17 01:30:00,0.06346666666666667,0.0,0.17466666666666666,1.0906666666666667,1.2653333333333334,,27.538999999999998
2018-07-17 01:45:00,0.04666666666666666,0.0,0.024,0.904,0.928,,27.530444444444445
2018-07-17 02:00:00,0.04653333333333333,0.0,0.02266666666666667,0.9019999999999999,0.9246666666666667,,27.50566666666667
2018-07-17 02:15:00,0.04353333333333333,0.0,0.022000000000000002,0.8426666666666667,0.8646666666666667,,27.66138888888889
2018-07-17 02:30:00,0.04379999999999999,0.0,0.02666666666666667,0.8446666666666667,0.8713333333333334,,27.672
2018-07-17 02:45:00,0.055600000000000004,0.0,0.17333333333333334,0.9333333333333333,1.1066666666666667,,27.68066666666667
2018-07-17 03:00:00,0.0526,0.0,0.021333333333333333,1.0253333333333332,1.0466666666666664,,27.664888888888886
2018-07-17 03:15:00,0.05333333333333333,0.0,0.021333333333333333,1.0406666666666664,1.0619999999999998,,27.661333333333335
2018-07-17 03:30:00,0.052733333333333327,0.0,0.02333333333333333,1.026,1.0493333333333332,,27.710666666666665
2018-07-17 03:45:00,0.059533333333333334,0.0,0.15133333333333335,1.0339999999999998,1.1853333333333331,,27.66711111111111
2018-07-17 04:00:00,0.05093333333333334,0.0,0.05266666666666667,0.9606666666666667,1.0133333333333332,,27.676222222222222
2018-07-17 04:15:00,0.0528,0.0,0.027333333333333334,1.0226666666666666,1.05,,27.673555555555552
2018-07-17 04:30:00,0.05366666666666667,0.0,0.13133333333333336,0.9373333333333334,1.0686666666666667,,27.728555555555555
2018-07-17 04:45:00,0.05046666666666667,0.0,0.13933333333333336,0.8626666666666666,1.002,,27.598000000000003
2018-07-17 05:00:00,0.05706666666666667,0.0,0.29333333333333333,0.8453333333333333,1.1386666666666665,,27.571555555555555
2018-07-17 05:15:00,0.06853333333333333,0.0,0.46,0.906,1.3659999999999999,,27.547500000000003
2018-07-17 05:30:00,0.3610666666666667,0.0,4.852,2.3473333333333333,7.199333333333334,,27.5505
2018-07-17 05:45:00,0.3144666666666666,0.0,3.8533333333333335,2.4126666666666665,6.266000000000001,,27.569166666666668
2018-07-17 06:00:00,0.4342666666666667,0.0,6.46,2.1933333333333334,8.653333333333334,,27.601499999999998
2018-07-17 06:15:00,0.4422,0.0,6.828666666666667,1.9866666666666668,8.815333333333335,,27.671
2018-07-17 06:30:00,0.42206666666666665,0.0,6.690666666666667,1.722,8.412666666666667,,27.795666666666666
2018-07-17 06:45:00,0.44133333333333336,0.0,6.966666666666667,1.8246666666666667,8.791333333333334,,27.819166666666668
2018-07-17 07:00:00,0.4698,0.0,7.438,1.9240000000000002,9.362,,27.826277777777776
2018-07-17 07:15:00,0.4580666666666666,0.0,7.205333333333333,1.9193333333333333,9.124666666666666,,27.873833333333334
2018-07-17 07:30:00,0.5192,1.1360000000000001,7.8726666666666665,2.476,11.484666666666667,,27.959666666666667
2018-07-17 07:45:00,0.6131333333333333,80.73333333333333,8.644666666666666,3.574,92.952,,27.143444444444448
2018-07-17 08:00:00,0.6733333333333333,77.80533333333332,9.745333333333333,3.678,91.22866666666667,,24.4895
2018-07-17 08:15:00,0.7682,63.456,10.787333333333333,4.525333333333333,78.76866666666666,,23.203666666666667
2018-07-17 08:30:00,0.7922666666666667,62.734,11.158,4.632666666666667,78.52466666666666,,23.011833333333335
2018-07-17 08:45:00,0.8239333333333333,59.434666666666665,11.699333333333334,4.722666666666667,75.85666666666665,,23.099333333333334
2018-07-17 09:00:00,0.8151333333333334,56.437999999999995,11.460666666666667,4.786,72.68466666666667,,23.038444444444448
2018-07-17 09:15:00,0.8196,48.266,11.371333333333332,4.967333333333333,64.60466666666666,,23.180611111111112
2018-07-17 09:30:00,0.8142,56.68866666666666,11.257333333333333,4.970666666666667,72.91666666666667,,23.313777777777776
2018-07-17 09:45:00,0.8333333333333334,61.56266666666667,11.294666666666668,5.314000000000001,78.17133333333332,,23.18061111111111
2018-07-17 10:00:00,0.8697333333333332,59.40266666666666,11.817333333333332,5.514666666666667,76.73466666666667,,22.9905
2018-07-17 10:15:00,0.8571333333333333,53.58866666666667,11.843333333333332,5.235333333333333,70.66733333333333,,22.977500000000003
2018-07-17 10:30:00,0.8536,51.358,11.589333333333332,5.421333333333334,68.36866666666667,,23.251555555555555
2018-07-17 10:45:00,0.8546666666666667,58.546,11.796666666666665,5.237333333333334,75.58,,23.162666666666667
2018-07-17 11:00:00,0.8543999999999999,60.90333333333333,11.708666666666668,5.321333333333333,77.93333333333334,,23.028111111111112
2018-07-17 11:15:00,0.8429333333333333,58.756,11.738666666666667,5.062666666666667,75.55733333333333,,22.73511111111111
2018-07-17 11:30:00,0.8993333333333333,48.80866666666667,11.831333333333333,6.151333333333333,66.79133333333333,,22.9785
2018-07-17 11:45:00,0.8621333333333333,0.0,12.308,4.872,17.18,,23.884333333333334
2018-07-17 12:00:00,0.775,0.0,10.916666666666666,4.527333333333333,15.443999999999999,,25.3745
2018-07-17 12:15:00,0.6722666666666667,0.0,9.338666666666667,4.346666666666667,13.685333333333334,,26.251666666666665
2018-07-17 12:30:00,0.6400666666666667,0.0,8.752666666666666,4.003333333333334,12.756,,26.830333333333332
2018-07-17 12:45:00,0.6888666666666666,0.8980000000000001,9.430666666666667,4.299333333333334,14.628000000000002,,27.145666666666667
2018-07-17 13:00:00,0.7936666666666667,74.10733333333334,11.081999999999999,4.736666666666666,89.926,,26.335833333333333
2018-07-17 13:15:00,0.861,70.47666666666666,11.709333333333332,5.448666666666667,87.63466666666666,,24.20938888888889
2018-07-17 13:30:00,0.8752,59.29066666666667,11.907333333333334,5.535333333333333,76.73333333333333,,23.637777777777778
2018-07-17 13:45:00,0.8865333333333333,60.92266666666667,12.208,5.459333333333333,78.59,,23.357333333333333
2018-07-17 14:00:00,0.8485333333333334,57.70333333333334,12.311333333333334,5.562,75.57666666666667,,23.27766666666667
2018-07-17 14:15:00,0.8758,48.059333333333335,11.979333333333333,5.470666666666667,65.50933333333334,,23.733
2018-07-17 14:30:00,0.9011333333333333,59.245999999999995,12.087333333333333,5.872,77.20533333333333,,23.82911111111111
2018-07-17 14:45:00,0.8844666666666666,57.618,12.093333333333334,5.529333333333333,75.24066666666667,,23.44377777777778
2018-07-17 15:00:00,0.9098,59.510666666666665,12.064,6.068,77.64266666666667,,23.18911111111111
2018-07-17 15:15:00,0.8892666666666666,45.230000000000004,12.078666666666667,5.641333333333334,62.95,,23.130888888888887
2018-07-17 15:30:00,0.9035333333333334,54.898,12.376,5.63,72.904,,23.597777777777775
2018-07-17 15:45:00,0.891,57.14066666666667,12.190666666666667,5.567333333333334,74.89866666666667,,23.416
2018-07-17 16:00:00,0.8854666666666666,50.70733333333333,12.638666666666667,6.1066666666666665,69.45266666666666,,23.37622222222222
2018-07-17 16:15:00,0.9089333333333334,42.86666666666667,12.456666666666667,5.656000000000001,60.97933333333334,,23.381444444444448
2018-07-17 16:30:00,0.8777333333333334,0.09133333333333334,12.191333333333334,5.298666666666667,17.581333333333337,,24.214999999999996
2018-07-17 16:45:00,0.8892000000000001,0.0,12.209333333333335,5.509333333333333,17.718666666666667,,25.661333333333335
2018-07-17 17:00:00,0.7889333333333333,0.0,11.528666666666668,5.007333333333333,16.536,,26.266000000000002
2018-07-17 17:15:00,0.7096666666666667,0.0,10.156666666666666,3.9866666666666664,14.143333333333334,,26.534666666666666
2018-07-17 17:30:00,0.6732666666666667,0.0,9.860000000000001,3.5613333333333332,13.421333333333335,,26.739777777777775
2018-07-17 17:45:00,0.6488,0.0,9.767333333333335,3.1646666666666667,12.932,,26.933333333333334
2018-07-17 18:00:00,0.6026,0.0,8.987333333333334,3.02,12.007333333333333,,27.05
2018-07-17 18:15:00,0.5436666666666667,0.0,8.494666666666667,2.341333333333333,10.836,,27.174
2018-07-17 18:30:00,0.5208,0.0,8.213333333333333,2.1673333333333336,10.380666666666666,,27.317
2018-07-17 18:45:00,0.5001333333333333,0.0,7.804,2.164,9.967999999999998,,27.344222222222225
2018-07-17 19:00:00,0.49393333333333334,0.0,7.551333333333333,2.2933333333333334,9.844666666666667,,27.27488888888889
2018-07-17 19:15:00,0.47866666666666663,0.0,7.533333333333334,2.005333333333333,9.538666666666668,,27.311111111111114
2018-07-17 19:30:00,0.48639999999999994,0.0,7.800666666666667,1.8900000000000001,9.690666666666665,,27.250666666666667
2018-07-17 19:45:00,0.48500000000000004,0.0,7.900666666666667,1.7673333333333332,9.668000000000001,,27.159333333333333
2018-07-17 20:00:00,0.40673333333333334,0.0,6.363333333333332,1.7446666666666668,8.107999999999999,,27.151
2018-07-17 20:15:00,0.30413333333333337,0.0,4.309333333333333,1.7533333333333334,6.062666666666667,,27.094
2018-07-17 20:30:00,0.17726666666666666,0.0,1.9513333333333334,1.5800000000000003,3.5313333333333334,,27.195
2018-07-17 20:45:00,0.1791333333333333,0.0,1.9866666666666668,1.5833333333333333,3.57,,27.271
2018-07-17 21:00:00,0.1869333333333333,0.0,2.127333333333333,1.5973333333333335,3.7246666666666663,,27.374666666666666
2018-07-17 21:15:00,0.1546,0.0,1.6666666666666667,1.412,3.0786666666666664,,27.196666666666665
2018-07-17 21:30:00,0.062066666666666666,0.0,0.18066666666666667,1.0566666666666666,1.2373333333333334,,27.115333333333336
2018-07-17 21:45:00,0.057466666666666666,0.0,0.02266666666666667,1.122666666666667,1.1453333333333335,,27.099666666666668
2018-07-17 22:00:00,0.0518,0.0,0.029333333333333333,1.0026666666666668,1.032,,27.083666666666666
2018-07-17 22:15:00,0.0604,0.0,0.17066666666666666,1.0333333333333334,1.204,,27.075333333333333
2018-07-17 22:30:00,0.052733333333333327,0.0,0.021333333333333333,1.028,1.0493333333333335,,27.089055555555554
2018-07-17 22:45:00,0.057133333333333335,0.0,0.114,1.0226666666666666,1.1366666666666667,,27.086555555555556
2018-07-17 23:00:00,0.059333333333333335,0.0,0.14133333333333334,1.0406666666666669,1.1820000000000002,,27.077499999999997
2018-07-17 23:15:00,0.060866666666666666,0.0,0.16066666666666668,1.0526666666666666,1.2133333333333336,,27.06077777777778
2018-07-17 23:30:00,0.060000000000000005,0.0,0.16066666666666668,1.034,1.1946666666666668,,27.062944444444444
2018-07-17 23:45:00,0.05306666666666667,0.0,0.02333333333333333,1.034,1.0573333333333335,,27.083555555555556
2018-07-18 00:00:00,0.05853333333333333,0.0,0.022000000000000002,1.1433333333333333,1.1653333333333333,,27.00616666666667
2018-07-18 00:15:00,0.054066666666666666,0.0,0.021333333333333333,1.0553333333333332,1.0766666666666667,,27.09122222222222
2018-07-18 00:30:00,0.06293333333333334,0.0,0.17933333333333332,1.0753333333333333,1.2546666666666666,,27.047888888888888
2018-07-18 00:45:00,0.05673333333333333,0.0,0.020666666666666667,1.1106666666666667,1.1313333333333335,,27.09466666666667
2018-07-18 01:00:00,0.04806666666666667,0.0,0.022000000000000002,0.9346666666666668,0.9566666666666668,,27.110333333333337
2018-07-18 01:15:00,0.048133333333333334,0.0,0.02266666666666667,0.9333333333333335,0.9560000000000001,,27.1005
2018-07-18 01:30:00,0.049933333333333337,0.0,0.022000000000000002,0.9700000000000001,0.9920000000000001,,27.07188888888889
2018-07-18 01:45:00,0.06446666666666666,0.0,0.17600000000000002,1.1086666666666667,1.2846666666666666,,27.11433333333333
2018-07-18 02:00:00,0.06346666666666666,0.0,0.02333333333333333,1.2420000000000002,1.2653333333333334,,27.126833333333334
2018-07-18 02:15:00,0.06126666666666667,0.0,0.024,1.1960000000000002,1.22,,27.130611111111115
2018-07-18 02:30:00,0.05406666666666667,0.0,0.021333333333333333,1.0533333333333332,1.0746666666666667,,27.17327777777778
2018-07-18 02:45:00,0.04953333333333333,0.0,0.058,0.9273333333333333,0.9853333333333333,,27.178555555555555
2018-07-18 03:00:00,0.05413333333333334,0.0,0.14333333333333334,0.9326666666666665,1.076,,27.1365
2018-07-18 03:15:00,0.05466666666666666,0.0,0.11733333333333333,0.9706666666666667,1.088,,27.104666666666667
2018-07-18 03:30:00,0.0588,0.0,0.1366666666666667,1.0346666666666666,1.1713333333333333,,27.137
2018-07-18 03:45:00,0.05873333333333333,0.0,0.11400000000000002,1.056,1.1700000000000002,,27.141833333333334
2018-07-18 04:00:00,0.0668,0.0,0.15533333333333335,1.1733333333333333,1.3286666666666667,,27.140055555555552
2018-07-18 04:15:00,0.0586,0.0,0.07733333333333332,1.09,1.1673333333333333,,27.15583333333333
2018-07-18 04:30:00,0.0524,0.0,0.022000000000000002,1.02,1.042,,27.1925
2018-07-18 04:45:00,0.050333333333333334,0.0,0.02266666666666667,0.9786666666666667,1.0013333333333334,,27.175555555555555
2018-07-18 05:00:00,0.0556,0.0,0.02266666666666667,1.0846666666666667,1.1073333333333333,,27.16583333333333
2018-07-18 05:15:00,0.06673333333333333,0.0,0.2793333333333334,1.0506666666666666,1.3299999999999998,,27.1655
2018-07-18 05:30:00,0.06626666666666667,0.0,0.29000000000000004,1.0313333333333332,1.3213333333333332,,27.163277777777775
2018-07-18 05:45:00,0.33653333333333335,0.0,4.486666666666666,2.2233333333333336,6.71,,27.192333333333334
2018-07-18 06:00:00,0.3750666666666667,0.0,4.760000000000001,2.716,7.476,,27.195833333333333
2018-07-18 06:15:00,0.3287333333333333,0.0,4.78,1.7693333333333332,6.549333333333333,,27.237833333333334
2018-07-18 06:30:00,0.42706666666666665,0.0,5.986,2.524,8.51,,27.282333333333334
2018-07-18 06:45:00,0.44706666666666667,0.0,6.4479999999999995,2.462,8.91,,27.381666666666668
2018-07-18 07:00:00,0.49933333333333335,0.0,7.582,2.3699999999999997,9.952,,27.464
2018-07-18 07:15:00,0.5492,0.0,8.394,2.5513333333333335,10.945333333333334,,27.614166666666666
2018-07-18 07:30:00,0.5846666666666667,1.0919999999999999,8.922666666666665,2.7266666666666666,12.741333333333333,,27.646833333333333
2018-07-18 07:45:00,0.6506000000000001,80.60600000000001,9.532666666666668,3.4339999999999997,93.57266666666668,,26.856499999999997
2018-07-18 08:00:00,0.754,73.15599999999999,11.079333333333333,3.9466666666666668,88.182,,24.286
2018-07-18 08:15:00,0.8407333333333333,62.17133333333333,11.377999999999998,5.3773333333333335,78.92666666666668,,23.15966666666667
2018-07-18 08:30:00,0.8704666666666667,62.576666666666675,11.929333333333334,5.4159999999999995,79.922,,23.0625
2018-07-18 08:45:00,0.8847333333333334,60.266,12.078666666666665,5.552666666666667,77.89733333333334,,23.15838888888889
2018-07-18 09:00:00,0.9266666666666666,48.08133333333333,12.542,5.925333333333333,66.54866666666666,,23.1465
2018-07-18 09:15:00,0.9143333333333333,56.11866666666666,12.614666666666666,5.6080000000000005,74.34133333333332,,23.4515
2018-07-18 09:30:00,0.9119333333333334,62.221333333333334,12.267333333333335,5.906666666666667,80.39533333333334,,23.35072222222222
2018-07-18 09:45:00,0.9374,59.59533333333333,12.286666666666667,6.406000000000001,78.288,,23.185166666666667
2018-07-18 10:00:00,0.9186666666666667,61.662,12.388000000000002,5.92,79.97,,22.898388888888892
2018-07-18 10:15:00,0.9072666666666667,57.376,12.327333333333334,5.750666666666666,75.454,,22.594444444444445
2018-07-18 10:30:00,0.9152666666666668,52.02866666666667,12.198,6.044,70.27066666666666,,22.525111111111112
2018-07-18 10:45:00,0.9281333333333334,56.91266666666666,12.285333333333332,6.209333333333333,75.40733333333333,,22.628222222222224
2018-07-18 11:00:00,0.9370666666666666,59.13333333333333,12.729333333333333,5.952666666666667,77.81533333333333,,22.477777777777774
2018-07-18 11:15:00,0.9595333333333332,52.324666666666666,13.102,6.023333333333334,71.45,,22.407666666666668
2018-07-18 11:30:00,0.9654666666666666,60.18333333333333,13.002666666666668,6.241333333333333,79.42733333333334,,22.56888888888889
2018-07-18 11:45:00,0.9816666666666667,0.0,13.300666666666666,6.3646666666666665,19.665333333333333,,23.166888888888888
2018-07-18 12:00:00,0.9268,0.0,12.757333333333333,5.719333333333334,18.476666666666667,,25.067333333333334
2018-07-18 12:15:00,0.8804666666666667,0.0,11.913333333333332,5.632666666666667,17.546,,26.055999999999997
2018-07-18 12:30:00,0.876,0.0,11.523333333333333,5.932,17.455333333333332,,26.708444444444446
2018-07-18 12:45:00,0.8669999999999999,0.8726666666666668,11.498666666666669,5.776666666666667,18.148000000000003,,27.072555555555557
2018-07-18 13:00:00,0.9164,66.97533333333334,12.517999999999999,5.804666666666666,85.298,,26.24577777777778
2018-07-18 13:15:00,0.9916,71.87933333333334,13.563333333333333,6.357333333333333,91.8,,24.170666666666666
2018-07-18 13:30:00,0.9976666666666667,59.03933333333334,13.329333333333333,7.010666666666666,79.37933333333334,,23.271
2018-07-18 13:45:00,0.9514666666666667,64.06,12.656666666666666,6.364,83.08066666666667,,23.195333333333334
2018-07-18 14:00:00,0.971,48.086666666666666,13.705333333333332,6.4366666666666665,68.22866666666667,,23.134055555555555
2018-07-18 14:15:00,0.9821333333333333,59.288666666666664,13.243333333333334,6.3373333333333335,78.86933333333333,,23.399055555555556
2018-07-18 14:30:00,0.9591999999999999,63.22866666666667,13.214,6.5873333333333335,83.03,,23.095444444444446
2018-07-18 14:45:00,0.9716666666666666,60.816,13.164,6.314666666666667,80.29466666666667,,23.102555555555558
2018-07-18 15:00:00,0.9478000000000001,54.67466666666667,13.649333333333335,6.537999999999999,74.86200000000001,,23.057000000000002
2018-07-18 15:15:00,0.9971333333333334,56.564,13.493333333333334,6.66,76.71733333333333,,23.2755
2018-07-18 15:30:00,0.9348666666666666,65.09066666666666,14.487333333333334,6.708666666666667,86.28666666666666,,23.163888888888888
2018-07-18 15:45:00,0.9931333333333333,62.263333333333335,13.583333333333334,6.672,82.51866666666666,,22.869333333333334
2018-07-18 16:00:00,0.9938666666666667,54.73733333333333,13.714666666666666,6.360666666666666,74.81266666666667,,22.857055555555558
2018-07-18 16:15:00,0.9903333333333334,56.18866666666666,13.845333333333334,6.051333333333333,76.08533333333334,,23.109666666666666
2018-07-18 16:30:00,0.9640666666666667,0.30866666666666664,13.432666666666668,5.783333333333333,19.52466666666667,,23.741333333333333
2018-07-18 16:45:00,0.9408,0.0,13.198666666666668,5.550666666666667,18.749333333333333,,25.296833333333332
2018-07-18 17:00:00,0.8404,0.0,12.184666666666667,4.5633333333333335,16.748,,26.145333333333333
2018-07-18 17:15:00,0.7429333333333333,0.0,10.951333333333334,3.8526666666666665,14.804,,26.466833333333334
2018-07-18 17:30:00,0.6387333333333333,0.0,9.445333333333334,3.2866666666666666,12.732,,26.8215
2018-07-18 17:45:00,0.5459333333333334,0.0,7.65,3.231333333333333,10.881333333333334,,27.038055555555555
2018-07-18 18:00:00,0.5428000000000001,0.0006666666666666666,7.772,3.0506666666666664,10.823333333333332,,27.1665
2018-07-18 18:15:00,0.5515333333333333,0.0,8.116666666666667,2.8793333333333333,10.996,,27.222833333333334
2018-07-18 18:30:00,0.5215333333333334,0.0,7.5633333333333335,2.832666666666667,10.395999999999999,,27.259500000000003
2018-07-18 18:45:00,0.49646666666666667,0.0,7.280666666666666,2.613333333333333,9.894,,27.266833333333334
2018-07-18 19:00:00,0.4766666666666667,0.0,7.032,2.466,9.498,,27.32305555555556
2018-07-18 19:15:00,0.45980000000000004,0.0,6.811333333333334,2.3493333333333335,9.160666666666666,,27.455166666666667
2018-07-18 19:30:00,0.437,0.0,6.5,2.2066666666666666,8.706666666666667,,27.505
2018-07-18 19:45:00,0.33066666666666666,0.0,4.546,2.042666666666667,6.588666666666667,,27.340111111111113
2018-07-18 20:00:00,0.3012666666666667,0.0,4.093333333333334,1.9073333333333333,6.000666666666667,,27.552555555555553
2018-07-18 20:15:00,0.3203333333333333,0.0,4.531999999999999,1.8513333333333333,6.383333333333334,,27.386666666666667
2018-07-18 20:30:00,0.31246666666666667,0.0,4.527333333333333,1.6986666666666665,6.226,,27.305333333333333
2018-07-18 20:45:00,0.2716,0.0,3.7786666666666666,1.632,5.410666666666667,,27.42222222222222
2018-07-18 21:00:00,0.16253333333333334,0.0,1.792,1.4466666666666665,3.2386666666666666,,27.275666666666666
2018-07-18 21:15:00,0.09613333333333333,0.0,0.932,0.984,1.9160000000000001,,27.23166666666667
2018-07-18 21:30:00,0.06946666666666666,0.0,0.3813333333333333,1.0033333333333334,1.3846666666666667,,27.185444444444446
2018-07-18 21:45:00,0.053200000000000004,0.0,0.024666666666666667,1.0346666666666666,1.0593333333333332,,27.110666666666667
2018-07-18 22:00:00,0.056799999999999996,0.0,0.02333333333333333,1.1066666666666665,1.13,,27.080777777777776
2018-07-18 22:15:00,0.056133333333333334,0.0,0.02333333333333333,1.0939999999999999,1.1173333333333333,,27.08727777777778
2018-07-18 22:30:00,0.059866666666666665,0.0,0.17866666666666667,1.0133333333333332,1.192,,27.107111111111113
2018-07-18 22:45:00,0.053000000000000005,0.0,0.10800000000000001,0.9466666666666668,1.0546666666666666,,27.042166666666667
2018-07-18 23:00:00,0.06373333333333334,0.0,0.14733333333333334,1.1233333333333333,1.2706666666666666,,27.048499999999997
2018-07-18 23:15:00,0.0564,0.0,0.11933333333333335,1.0033333333333334,1.1226666666666667,,27.073111111111114
2018-07-18 23:30:00,0.049933333333333337,0.0,0.022000000000000002,0.972,0.994,,26.99722222222222
2018-07-18 23:45:00,0.0544,0.0,0.17733333333333334,0.9046666666666667,1.082,,26.9955
2018-07-19 00:00:00,0.05173333333333333,0.0,0.022000000000000002,1.006,1.028,,26.996555555555556
2018-07-19 00:15:00,0.0582,0.0,0.020666666666666667,1.1380000000000001,1.1586666666666665,,26.967111111111112
2018-07-19 00:30:00,0.0604,0.0,0.02266666666666667,1.1826666666666665,1.2053333333333331,,26.954166666666666
2018-07-19 00:45:00,0.051333333333333335,0.0,0.022000000000000002,1.0013333333333334,1.0233333333333334,,26.996944444444445
2018-07-19 01:00:00,0.0562,0.0,0.1753333333333333,0.9426666666666667,1.1179999999999999,,26.970833333333335
2018-07-19 01:15:00,0.05233333333333333,0.0,0.021333333333333333,1.02,1.0413333333333334,,26.971999999999998
2018-07-19 01:30:00,0.052000000000000005,0.0,0.02333333333333333,1.012,1.0353333333333334,,26.854888888888887
2018-07-19 01:45:00,0.05226666666666666,0.0,0.02333333333333333,1.0173333333333334,1.0406666666666669,,26.98788888888889
2018-07-19 02:00:00,0.05553333333333333,0.0,0.10266666666666667,1.0026666666666668,1.1053333333333335,,26.991333333333333
2018-07-19 02:15:00,0.0654,0.0,0.29133333333333333,1.0113333333333334,1.3026666666666666,,26.998166666666666
2018-07-19 02:30:00,0.062000000000000006,0.0,0.12266666666666667,1.1119999999999999,1.2346666666666666,,26.929166666666667
2018-07-19 02:45:00,0.059333333333333335,0.0,0.026000000000000002,1.1526666666666665,1.1786666666666668,,26.91416666666667
2018-07-19 03:00:00,0.05106666666666667,0.0,0.021333333333333333,0.998,1.0193333333333334,,26.934666666666665
2018-07-19 03:15:00,0.06199999999999999,0.0,0.18266666666666667,1.05,1.2326666666666668,,26.96227777777778
2018-07-19 03:30:00,0.05473333333333333,0.0,0.021333333333333333,1.0693333333333332,1.0906666666666667,,26.965722222222222
2018-07-19 03:45:00,0.0534,0.0,0.022000000000000002,1.0413333333333334,1.0633333333333335,,27.003666666666668
2018-07-19 04:00:00,0.047066666666666666,0.0,0.024,0.9113333333333333,0.9353333333333332,,27.0055
2018-07-19 04:15:00,0.04786666666666666,0.0,0.022000000000000002,0.932,0.9540000000000001,,27.016277777777777
2018-07-19 04:30:00,0.060200000000000004,0.0,0.18466666666666667,1.0146666666666666,1.1993333333333334,,27.0115
2018-07-19 04:45:00,0.061599999999999995,0.0,0.022000000000000002,1.2046666666666668,1.2266666666666666,,27.0245
2018-07-19 05:00:00,0.0588,0.0,0.024,1.1453333333333333,1.1693333333333333,,27.027444444444445
2018-07-19 05:15:00,0.22106666666666666,0.0,2.7246666666666663,1.6813333333333333,4.406000000000001,,27.043166666666668
2018-07-19 05:30:00,0.40126666666666666,0.0,5.5120000000000005,2.488,8.0,,27.019722222222224
2018-07-19 05:45:00,0.31166666666666665,0.0,4.542000000000001,1.6693333333333333,6.211333333333333,,27.073833333333333
2018-07-19 06:00:00,0.4468666666666667,0.0,6.4846666666666675,2.420666666666667,8.905333333333335,,27.11433333333333
2018-07-19 06:15:00,0.4582666666666667,0.0,6.913333333333333,2.216666666666667,9.129999999999999,,27.146277777777776
2018-07-19 06:30:00,0.4328,0.0,7.044666666666667,1.5773333333333333,8.622000000000002,,27.2745
2018-07-19 06:45:00,0.44766666666666666,0.0,7.3213333333333335,1.5966666666666667,8.918000000000001,,27.302388888888892
2018-07-19 07:00:00,0.4629333333333333,0.0,7.294666666666667,1.9293333333333333,9.224,,27.3635
2018-07-19 07:15:00,0.5083333333333333,0.0,8.045333333333334,2.0853333333333333,10.130666666666666,,27.377555555555556
2018-07-19 07:30:00,0.6086666666666667,1.0853333333333335,9.200666666666667,2.93,13.216000000000001,,27.541
2018-07-19 07:45:00,0.7265333333333334,77.10999999999999,10.696,3.7813333333333334,91.58733333333333,,26.692166666666665
2018-07-19 08:00:00,0.8037333333333333,70.00866666666666,11.886666666666667,4.132000000000001,86.02733333333335,,24.189500000000002
2018-07-19 08:15:00,0.8352,62.004,12.572000000000001,4.756,79.33200000000001,,23.237222222222222
2018-07-19 08:30:00,0.8128,58.973333333333336,11.909333333333334,4.290666666666667,75.17333333333335,,23.0675
2018-07-19 08:45:00,0.8953333333333333,56.34666666666667,12.685333333333334,5.156000000000001,74.188,,22.996333333333332
2018-07-19 09:00:00,0.9229333333333333,57.11,12.779333333333334,5.613333333333333,75.50266666666667,,23.020333333333333
2018-07-19 09:15:00,0.9518666666666667,54.68866666666667,13.254,6.556,74.49866666666667,,23.043166666666664
2018-07-19 09:30:00,0.9631333333333333,59.525333333333336,12.872666666666666,6.325333333333334,78.72333333333333,,22.833000000000002
2018-07-19 09:45:00,0.9618666666666666,56.598,13.081999999999999,6.088666666666668,75.76866666666666,,22.782
2018-07-19 10:00:00,0.951,45.52333333333333,13.034,5.921333333333334,64.47866666666667,,22.848222222222223
2018-07-19 10:15:00,0.9790666666666666,56.400666666666666,13.529333333333334,6.270666666666667,76.20066666666666,,23.243777777777776
2018-07-19 10:30:00,0.9764666666666667,59.367333333333335,13.423333333333334,6.064666666666667,78.85533333333333,,23.002833333333335
2018-07-19 10:45:00,0.9588666666666666,60.832,13.182666666666668,5.994000000000001,80.00866666666667,,22.848666666666666
2018-07-19 11:00:00,0.9376666666666666,58.943333333333335,13.543333333333333,6.350666666666667,78.83733333333333,,22.713944444444444
2018-07-19 11:15:00,0.9548666666666666,53.67133333333334,12.862,6.222666666666667,72.75600000000001,,22.886000000000003
2018-07-19 11:30:00,0.9794666666666667,58.792,13.196666666666665,6.3726666666666665,78.36133333333333,,22.86477777777778
2018-07-19 11:45:00,0.9668666666666667,0.8646666666666667,13.127333333333333,6.236666666666666,20.228666666666665,,23.53494444444444
2018-07-19 12:00:00,0.9549333333333333,0.968,12.884666666666668,6.150666666666667,20.003333333333334,,25.310166666666664
2018-07-19 12:15:00,0.8163333333333334,1.0433333333333334,11.375333333333334,5.58,17.99866666666667,,26.158055555555556
2018-07-19 12:30:00,0.7552,1.054,10.233333333333333,4.819333333333334,16.106666666666666,,26.682833333333335
2018-07-19 12:45:00,0.7536,1.9113333333333336,10.238,4.974,17.123333333333335,,27.04733333333333
2018-07-19 13:00:00,0.8922666666666667,71.008,12.467333333333332,5.315333333333333,88.79066666666667,,26.279833333333332
2018-07-19 13:15:00,0.9393333333333334,66.78533333333333,12.875333333333336,5.846666666666667,85.50733333333334,,23.78072222222222
2018-07-19 13:30:00,0.9648,63.086666666666666,12.768,6.534000000000001,82.38866666666667,,23.17261111111111
2018-07-19 13:45:00,0.9494666666666666,59.849333333333334,12.931333333333333,5.993333333333334,78.77399999999999,,23.09016666666667
2018-07-19 14:00:00,0.9842,46.87800000000001,13.317333333333332,6.310666666666666,66.506,,23.1335
2018-07-19 14:15:00,0.9528,61.992666666666665,12.983333333333333,6.007999999999999,80.984,,23.394833333333334
2018-07-19 14:30:00,0.9455333333333333,61.90266666666667,12.806000000000001,6.146,80.85466666666666,,22.900944444444445
2018-07-19 14:45:00,0.9351999999999999,63.15933333333333,13.484666666666667,6.368666666666667,83.01266666666668,,22.932333333333336
2018-07-19 15:00:00,0.975,50.144666666666666,13.346,6.089333333333333,69.58,,22.952944444444444
2018-07-19 15:15:00,0.9263999999999999,56.796,13.360000000000001,6.192666666666667,76.34866666666667,,23.18327777777778
2018-07-19 15:30:00,0.9672,60.43866666666667,13.4,6.0153333333333325,79.854,,22.96688888888889
2018-07-19 15:45:00,0.9051333333333333,59.135999999999996,13.04,6.256666666666666,78.43266666666666,,22.834833333333332
2018-07-19 16:00:00,0.9339333333333334,56.016,12.912,5.884,74.812,,22.743
2018-07-19 16:15:00,0.9617333333333333,50.57000000000001,13.277333333333333,5.892,69.73933333333333,,22.9905
2018-07-19 16:30:00,0.9626666666666667,0.8340000000000001,13.176666666666668,6.042666666666666,20.053333333333335,,23.791833333333333
2018-07-19 16:45:00,0.9378,1.0213333333333334,13.030000000000001,5.664666666666666,19.716,,25.295222222222222
2018-07-19 17:00:00,0.8514,1.0,12.243333333333334,4.726,17.969333333333335,,26.19222222222222
2018-07-19 17:15:00,0.7615333333333333,0.97,11.435333333333334,3.743333333333333,16.148666666666667,,26.732166666666668
2018-07-19 17:30:00,0.6611333333333334,0.5353333333333333,10.710666666666667,2.8846666666666665,14.130666666666666,,26.91161111111111
2018-07-19 17:45:00,0.6169333333333333,0.0,9.576666666666666,2.7186666666666666,12.295333333333334,,27.073666666666668
2018-07-19 18:00:00,0.5814,0.0,9.077333333333335,2.508,11.585333333333333,,27.1665
2018-07-19 18:15:00,0.5808666666666666,0.0,8.945333333333334,2.631333333333333,11.576666666666666,,27.192722222222223
2018-07-19 18:30:00,0.5638,0.0,8.751333333333333,2.4866666666666664,11.238,,27.211111111111112
2018-07-19 18:45:00,0.5689333333333333,0.0,8.826666666666666,2.515333333333333,11.342,,27.246888888888886
2018-07-19 19:00:00,0.5624666666666668,0.0,8.656666666666666,2.5566666666666666,11.213333333333333,,27.305944444444442
2018-07-19 19:15:00,0.5614,0.0,8.800666666666666,2.3886666666666665,11.189333333333334,,27.19783333333333
2018-07-19 19:30:00,0.5592666666666667,0.0,8.712,2.4386666666666668,11.150666666666666,,27.220666666666666
2018-07-19 19:45:00,0.5444,0.0,8.879999999999999,1.972,10.852,,27.19983333333333
2018-07-19 20:00:00,0.30333333333333334,0.0,4.3020000000000005,1.7420000000000002,6.044,,27.269722222222224
2018-07-19 20:15:00,0.27773333333333333,0.0,3.89,1.6513333333333333,5.541333333333333,,27.39016666666667
2018-07-19 20:30:00,0.27133333333333337,0.0,3.649333333333333,1.7593333333333334,5.408666666666666,,27.2075
2018-07-19 20:45:00,0.20739999999999997,0.0,2.258666666666667,1.8739999999999999,4.132666666666666,,27.139722222222222
2018-07-19 21:00:00,0.1753333333333333,0.0,1.7206666666666666,1.7713333333333334,3.492,,27.080555555555556
2018-07-19 21:15:00,0.18380000000000002,0.0,1.9246666666666665,1.7339999999999998,3.6586666666666665,,27.061666666666667
2018-07-19 21:30:00,0.17013333333333333,0.0,1.7586666666666666,1.6320000000000001,3.3906666666666667,,27.033833333333334
2018-07-19 21:45:00,0.16053333333333333,0.0,1.6013333333333333,1.5953333333333333,3.1966666666666668,,27.01083333333333
2018-07-19 22:00:00,0.15833333333333333,0.0,1.6193333333333333,1.5326666666666666,3.152,,26.988166666666665
2018-07-19 22:15:00,0.16753333333333334,0.0,1.7153333333333334,1.6193333333333333,3.3346666666666662,,27.00238888888889
2018-07-19 22:30:00,0.11586666666666666,0.0,1.1553333333333333,1.1546666666666667,2.31,,26.960388888888886
2018-07-19 22:45:00,0.05413333333333333,0.0,0.026000000000000002,1.0533333333333335,1.0793333333333335,,27.001055555555556
2018-07-19 23:00:00,0.05466666666666666,0.0,0.02266666666666667,1.066,1.088666666666667,,27.062
2018-07-19 23:15:00,0.058,0.0,0.020666666666666667,1.1366666666666665,1.1573333333333333,,27.07111111111111
2018-07-19 23:30:00,0.06613333333333334,0.0,0.18066666666666667,1.1373333333333333,1.318,,27.083444444444446
2018-07-19 23:45:00,0.058666666666666666,0.0,0.06333333333333334,1.1053333333333333,1.1686666666666665,,27.070444444444444
2018-07-20 00:00:00,0.05353333333333333,0.0,0.13533333333333336,0.9293333333333335,1.0646666666666667,,27.097777777777775
2018-07-20 00:15:00,0.05773333333333333,0.0,0.1406666666666667,1.0106666666666666,1.1513333333333333,,27.11711111111111
2018-07-20 00:30:00,0.061399999999999996,0.0,0.21133333333333332,1.012,1.2233333333333334,,27.052666666666667
2018-07-20 00:45:00,0.053066666666666665,0.0,0.02266666666666667,1.0353333333333332,1.058,,27.044666666666668
2018-07-20 01:00:00,0.052333333333333336,0.0,0.024,1.02,1.044,,27.064666666666668
2018-07-20 01:15:00,0.06513333333333333,0.0,0.02666666666666667,1.272,1.2986666666666666,,27.055555555555554
2018-07-20 01:30:00,0.0604,0.0,0.09000000000000001,1.1133333333333333,1.2033333333333331,,27.244555555555557
2018-07-20 01:45:00,0.060866666666666666,0.0,0.10866666666666666,1.103333333333333,1.212,,27.153333333333332
2018-07-20 02:00:00,0.049933333333333337,0.0,0.024,0.9706666666666667,0.9946666666666667,,27.022833333333335
2018-07-20 02:15:00,0.0514,0.0,0.020666666666666667,1.0033333333333334,1.024,,26.987666666666666
2018-07-20 02:30:00,0.0564,0.0,0.022000000000000002,1.1033333333333333,1.1253333333333333,,26.976166666666664
2018-07-20 02:45:00,0.06126666666666667,0.0,0.18266666666666667,1.0366666666666666,1.2193333333333334,,26.970666666666666
2018-07-20 03:00:00,0.048133333333333334,0.0,0.02266666666666667,0.9339999999999999,0.9566666666666668,,26.972333333333335
2018-07-20 03:15:00,0.0534,0.0,0.022000000000000002,1.0413333333333332,1.0633333333333332,,26.959166666666665
2018-07-20 03:30:00,0.059533333333333334,0.0,0.06199999999999999,1.1246666666666665,1.1866666666666665,,27.053055555555556
2018-07-20 03:45:00,0.06293333333333334,0.0,0.136,1.1159999999999999,1.252,,26.985166666666668
2018-07-20 04:00:00,0.07086666666666666,0.0,0.29600000000000004,1.1166666666666667,1.4126666666666667,,26.994666666666667
2018-07-20 04:15:00,0.05533333333333333,0.0,0.04466666666666667,1.0573333333333332,1.102,,26.980666666666664
2018-07-20 04:30:00,0.05286666666666666,0.0,0.025333333333333333,1.026,1.0513333333333332,,27.005222222222223
2018-07-20 04:45:00,0.05266666666666667,0.0,0.04,1.0093333333333334,1.0493333333333335,,27.03516666666667
2018-07-20 05:00:00,0.060933333333333325,0.0,0.286,0.9286666666666668,1.2146666666666666,,27.014166666666664
2018-07-20 05:15:00,0.29886666666666667,0.0,4.181333333333333,1.7800000000000002,5.961333333333333,,27.02622222222222
2018-07-20 05:30:00,0.44553333333333334,0.0,6.141333333333334,2.8333333333333335,8.974666666666668,,27.040666666666667
2018-07-20 05:45:00,0.32513333333333333,0.0,4.897333333333333,1.5813333333333333,6.478666666666666,,27.085166666666666
2018-07-20 06:00:00,0.30693333333333334,0.0,4.726,1.3893333333333333,6.115333333333333,,27.120166666666666
2018-07-20 06:15:00,0.32153333333333334,0.0,4.848666666666667,1.5586666666666666,6.407333333333333,,27.151166666666665
2018-07-20 06:30:00,0.44126666666666664,0.0,6.4093333333333335,2.384666666666667,8.794,,27.255166666666664
2018-07-20 06:45:00,0.46573333333333333,0.0,6.882000000000001,2.3986666666666667,9.280666666666667,,27.366222222222223
2018-07-20 07:00:00,0.4654,0.0,7.371333333333334,1.9046666666666667,9.276,,27.52766666666667
2018-07-20 07:15:00,0.5558,0.0,8.502,2.5773333333333333,11.079333333333333,,27.543
2018-07-20 07:30:00,0.5707333333333333,1.103333333333333,8.832666666666666,2.5439999999999996,12.479999999999999,,27.593166666666665
2018-07-20 07:45:00,0.6345333333333334,83.122,9.603333333333333,3.042666666666667,95.768,,26.774
2018-07-20 08:00:00,0.7453333333333333,74.84200000000001,10.685333333333334,4.1706666666666665,89.69800000000001,,24.18616666666667
2018-07-20 08:15:00,0.8200000000000001,64.94866666666667,11.286,5.057333333333333,81.29199999999999,,23.155333333333335
2018-07-20 08:30:00,0.8543333333333333,64.03733333333334,11.662666666666667,5.365333333333334,81.06533333333333,,23.050666666666665
2018-07-20 08:45:00,0.8858666666666667,59.52066666666666,12.54,6.193333333333333,78.25399999999999,,23.057000000000002
2018-07-20 09:00:00,0.8996,55.473333333333336,12.298666666666666,5.63,73.402,,23.096722222222223
2018-07-20 09:15:00,0.8951333333333333,60.13466666666667,12.246666666666666,5.593333333333334,77.97466666666668,,23.188166666666667
2018-07-20 09:30:00,0.8889333333333334,58.45399999999999,12.141333333333334,5.574666666666667,76.17,,23.202
2018-07-20 09:45:00,0.9056666666666667,60.580666666666666,12.205333333333334,5.843333333333334,78.62933333333334,,23.177666666666667
2018-07-20 10:00:00,0.9074000000000001,53.972,12.133333333333333,5.948666666666667,72.054,,23.212222222222223
2018-07-20 10:15:00,0.9248666666666667,60.64866666666667,12.220666666666666,6.21,79.07933333333334,,23.347055555555553
2018-07-20 10:30:00,0.9214666666666668,61.51533333333334,12.091333333333333,6.27,79.87666666666668,,23.2835
2018-07-20 10:45:00,0.9065333333333334,57.57000000000001,11.963333333333335,6.1033333333333335,75.63666666666667,,23.116333333333333
2018-07-20 11:00:00,0.9297333333333333,56.04933333333334,12.363333333333335,6.167333333333334,74.58,,23.363444444444443
2018-07-20 11:15:00,0.9394666666666667,59.59866666666667,12.736,6.018666666666666,78.35333333333332,,23.217499999999998
2018-07-20 11:30:00,0.9518,63.61866666666666,12.965333333333332,6.005333333333334,82.58933333333333,,23.091666666666665
2018-07-20 11:45:00,0.9287333333333333,0.0,13.652666666666667,6.022,19.674666666666667,,23.74938888888889
2018-07-20 12:00:00,0.8681333333333333,0.0,11.361333333333334,5.940666666666667,17.302000000000003,,25.507
2018-07-20 12:15:00,0.8055333333333333,0.0,10.513333333333334,5.542666666666666,16.056,,26.499166666666667
2018-07-20 12:30:00,0.7954000000000001,0.0,10.283999999999999,5.569333333333334,15.853333333333333,,26.958277777777777
2018-07-20 12:45:00,0.818,0.8593333333333334,10.798,5.503333333333333,17.160666666666664,,27.277833333333334
2018-07-20 13:00:00,0.8921333333333333,83.63933333333333,12.124666666666666,5.6546666666666665,101.41866666666667,,26.558444444444444
2018-07-20 13:15:00,0.9083333333333333,75.028,12.195333333333334,5.9093333333333335,93.13266666666667,,23.970388888888888
2018-07-20 13:30:00,0.8762000000000001,63.38933333333333,13.311333333333334,6.204666666666666,82.90533333333333,,22.93
2018-07-20 13:45:00,0.9468666666666666,58.217999999999996,12.860666666666667,6.011333333333334,77.08999999999999,,23.20711111111111
2018-07-20 14:00:00,0.9074666666666666,57.25333333333333,12.785333333333334,6.348666666666666,76.38733333333333,,23.324166666666667
2018-07-20 14:15:00,0.9304666666666667,58.964666666666666,12.584666666666667,5.960666666666667,77.50999999999999,,23.420944444444444
2018-07-20 14:30:00,0.9504666666666667,64.83866666666667,12.683333333333334,6.263333333333333,83.78533333333333,,23.272888888888886
2018-07-20 14:45:00,0.9518666666666665,52.04466666666667,13.391333333333334,6.776,72.212,,23.281944444444445
2018-07-20 15:00:00,0.9747333333333333,57.001999999999995,12.916,6.514666666666667,76.43266666666666,,23.185166666666667
2018-07-20 15:15:00,0.9579333333333333,61.06733333333333,13.016666666666667,6.081333333333333,80.16533333333334,,22.983333333333334
2018-07-20 15:30:00,0.9568,57.641333333333336,13.254,5.818,76.71333333333334,,22.65666666666667
2018-07-20 15:45:00,0.9258000000000001,45.05333333333333,13.732000000000001,6.0553333333333335,64.84066666666666,,22.701500000000003
2018-07-20 16:00:00,0.9388666666666666,47.12266666666667,13.112,5.602,65.83666666666666,,23.107833333333335
2018-07-20 16:15:00,0.9593333333333334,61.44266666666667,12.924666666666665,6.284666666666667,80.652,,23.088833333333334
2018-07-20 16:30:00,0.9543999999999999,0.36466666666666664,12.838,6.198666666666667,19.401333333333334,,23.479333333333333
2018-07-20 16:45:00,0.8842666666666666,0.0,12.343333333333334,5.277333333333333,17.62066666666667,,25.0405
2018-07-20 17:00:00,0.8076666666666666,0.0,11.44,4.656666666666666,16.096666666666668,,25.882
2018-07-20 17:15:00,0.7208666666666665,0.0,10.48,3.8853333333333335,14.365333333333334,,26.35666666666667
2018-07-20 17:30:00,0.6873333333333334,0.0,10.147333333333334,3.5566666666666666,13.704,,26.729333333333333
2018-07-20 17:45:00,0.6712666666666667,0.0,10.107333333333335,3.272666666666667,13.379999999999999,,26.855555555555554
2018-07-20 18:00:00,0.6183333333333334,0.0,9.473999999999998,3.1246666666666667,12.598666666666666,,26.953444444444447
2018-07-20 18:15:00,0.6074,0.0,9.005333333333335,3.0986666666666665,12.104000000000001,,27.162055555555558
2018-07-20 18:30:00,0.571,0.0,8.823333333333332,2.5573333333333332,11.380666666666666,,27.223277777777774
2018-07-20 18:45:00,0.5174000000000001,0.0,8.275333333333332,2.041333333333333,10.316666666666666,,27.198500000000003
2018-07-20 19:00:00,0.5579333333333333,0.0,8.956,2.1646666666666667,11.120666666666667,,27.233722222222223
2018-07-20 19:15:00,0.6014666666666667,0.0,9.771999999999998,2.212,11.984,,27.255444444444443
2018-07-20 19:30:00,0.5905333333333332,0.0,9.546,2.2206666666666663,11.766666666666664,,27.249055555555557
2018-07-20 19:45:00,0.5803999999999999,0.0,9.437333333333333,2.1273333333333335,11.564666666666666,,27.200833333333335
2018-07-20 20:00:00,0.5326666666666667,0.0,8.842,1.7726666666666666,10.614666666666666,,27.2865
2018-07-20 20:15:00,0.3496666666666667,0.0,5.402,1.5653333333333335,6.967333333333333,,27.2775
2018-07-20 20:30:00,0.2826,0.0,4.0713333333333335,1.565333333333333,5.636666666666667,,27.248166666666666
2018-07-20 20:45:00,0.16893333333333335,0.0,1.8393333333333333,1.5306666666666664,3.3699999999999997,,27.206000000000003
2018-07-20 21:00:00,0.131,0.0,1.1613333333333336,1.4546666666666668,2.6159999999999997,,27.121333333333332
2018-07-20 21:15:00,0.1258,0.0,1.2026666666666666,1.3099999999999998,2.5126666666666666,,26.950722222222222
2018-07-20 21:30:00,0.10273333333333333,0.0,0.9986666666666667,1.0506666666666666,2.0493333333333337,,27.080944444444444
2018-07-20 21:45:00,0.05426666666666667,0.0,0.11466666666666668,0.9646666666666667,1.0793333333333335,,27.095666666666666
2018-07-20 22:00:00,0.0516,0.0,0.02266666666666667,1.0046666666666666,1.0273333333333334,,27.041833333333333
2018-07-20 22:15:00,0.05413333333333333,0.0,0.022000000000000002,1.0573333333333332,1.0793333333333335,,27.046333333333333
2018-07-20 22:30:00,0.047799999999999995,0.0,0.022000000000000002,0.93,0.9520000000000001,,27.019333333333336
2018-07-20 22:45:00,0.05486666666666666,0.0,0.17666666666666667,0.916,1.0926666666666667,,27.051833333333335
2018-07-20 23:00:00,0.047066666666666666,0.0,0.02266666666666667,0.9133333333333334,0.936,,27.04038888888889
2018-07-20 23:15:00,0.048133333333333334,0.0,0.02333333333333333,0.9366666666666668,0.9600000000000001,,26.98
2018-07-20 23:30:00,0.048666666666666664,0.0,0.022000000000000002,0.9473333333333334,0.9693333333333334,,26.984111111111112
2018-07-20 23:45:00,0.056666666666666664,0.0,0.02666666666666667,1.1,1.1266666666666665,,26.964666666666666
2018-07-21 00:00:00,0.06406666666666666,0.0,0.25666666666666665,1.02,1.2766666666666666,,26.973000000000003
2018-07-21 00:15:00,0.059133333333333336,0.0,0.15,1.0266666666666666,1.1766666666666665,,26.9735
2018-07-21 00:30:00,0.05653333333333333,0.0,0.14,0.9846666666666667,1.1246666666666665,,27.067833333333333
2018-07-21 00:45:00,0.04906666666666667,0.0,0.054000000000000006,0.92,0.974,,26.9765
2018-07-21 01:00:00,0.05466666666666666,0.0,0.114,0.974,1.088,,26.968999999999998
2018-07-21 01:15:00,0.054066666666666666,0.0,0.09266666666666667,0.9833333333333333,1.076,,26.95716666666667
2018-07-21 01:30:00,0.047266666666666665,0.0,0.02333333333333333,0.9193333333333332,0.9426666666666667,,26.987666666666666
2018-07-21 01:45:00,0.04733333333333333,0.0,0.02266666666666667,0.92,0.9426666666666667,,26.991333333333333
2018-07-21 02:00:00,0.05226666666666667,0.0,0.021333333333333333,1.0166666666666666,1.038,,27.007833333333334
2018-07-21 02:15:00,0.058133333333333335,0.0,0.12266666666666667,1.0346666666666666,1.1573333333333333,,26.969
2018-07-21 02:30:00,0.05486666666666666,0.0,0.082,1.0106666666666666,1.0926666666666667,,26.987166666666667
2018-07-21 02:45:00,0.05006666666666667,0.0,0.021333333333333333,0.9760000000000001,0.9973333333333334,,26.99561111111111
2018-07-21 03:00:00,0.04566666666666666,0.0,0.020666666666666667,0.8866666666666667,0.9073333333333334,,26.97283333333333
2018-07-21 03:15:00,0.04933333333333333,0.0,0.022000000000000002,0.9580000000000001,0.9800000000000001,,27.009055555555555
2018-07-21 03:30:00,0.05653333333333333,0.0,0.18266666666666667,0.94,1.1226666666666667,,27.011166666666664
2018-07-21 03:45:00,0.04833333333333333,0.0,0.022000000000000002,0.9393333333333334,0.9613333333333334,,27.005499999999998
2018-07-21 04:00:00,0.05386666666666667,0.0,0.05,1.0233333333333332,1.0733333333333335,,27.026999999999997
2018-07-21 04:15:00,0.058133333333333335,0.0,0.134,1.022,1.156,,27.05577777777778
2018-07-21 04:30:00,0.059133333333333336,0.0,0.14266666666666666,1.0346666666666666,1.1773333333333333,,27.049722222222222
2018-07-21 04:45:00,0.0626,0.0,0.22266666666666668,1.024,1.2466666666666666,,27.040444444444443
2018-07-21 05:00:00,0.047799999999999995,0.0,0.02333333333333333,0.9266666666666666,0.95,,27.05377777777778
2018-07-21 05:15:00,0.04466666666666666,0.0,0.02266666666666667,0.866,0.8886666666666667,,27.003555555555558
2018-07-21 05:30:00,0.0522,0.0,0.02266666666666667,1.0146666666666666,1.0373333333333334,,27.016166666666667
2018-07-21 05:45:00,0.048133333333333334,0.0,0.02333333333333333,0.9353333333333335,0.9586666666666667,,27.032444444444444
2018-07-21 06:00:00,0.0556,0.0,0.184,0.922,1.106,,27.033833333333334
2018-07-21 06:15:00,0.048133333333333334,0.0,0.022000000000000002,0.9359999999999999,0.9580000000000001,,27.007944444444444
2018-07-21 06:30:00,0.05046666666666667,0.0,0.02266666666666667,0.9813333333333333,1.004,,27.005555555555553
2018-07-21 06:45:00,0.0534,0.0,0.024,1.0386666666666666,1.0626666666666666,,27.216944444444444
2018-07-21 07:00:00,0.0582,0.0,0.022000000000000002,1.1346666666666667,1.1566666666666665,,27.179777777777776
2018-07-21 07:15:00,0.0618,0.0,0.18333333333333332,1.0479999999999998,1.2313333333333332,,27.194333333333336
2018-07-21 07:30:00,0.12426666666666668,0.37399999999999994,1.486,0.9886666666666666,2.848666666666667,,27.217055555555554
2018-07-21 07:45:00,0.2404666666666667,19.648000000000003,3.5633333333333335,1.2313333333333332,24.442666666666664,,26.97222222222222
2018-07-21 08:00:00,0.25020000000000003,26.479333333333333,3.6233333333333335,1.3673333333333335,31.470000000000002,,26.124666666666666
2018-07-21 08:15:00,0.25680000000000003,23.041999999999998,3.89,1.232,28.164,,25.671166666666668
2018-07-21 08:30:00,0.24833333333333335,19.850666666666665,3.6839999999999997,1.2686666666666668,24.803333333333335,,25.38
2018-07-21 08:45:00,0.29779999999999995,19.858,4.185333333333333,1.748,25.791333333333334,,25.770666666666667
2018-07-21 09:00:00,0.3263333333333333,19.927333333333333,4.440666666666667,2.062666666666667,26.43066666666667,,25.819000000000003
2018-07-21 09:15:00,0.30906666666666666,20.022,4.706,1.4493333333333334,26.177333333333333,,25.872666666666667
2018-07-21 09:30:00,0.3055333333333333,20.045333333333335,4.637333333333333,1.4493333333333334,26.132,,25.990166666666667
2018-07-21 09:45:00,0.31833333333333336,20.174,4.775333333333333,1.566,26.515333333333334,,26.06116666666667
2018-07-21 10:00:00,0.2966666666666667,20.088,4.576666666666667,1.332,25.996666666666666,,25.988
2018-07-21 10:15:00,0.31679999999999997,20.808,4.740666666666667,1.57,27.11866666666667,,26.196833333333334
2018-07-21 10:30:00,0.37099999999999994,28.004666666666665,5.548666666666667,1.8479999999999999,35.40133333333333,,26.24683333333333
2018-07-21 10:45:00,0.35259999999999997,22.127333333333333,5.081333333333333,1.9446666666666665,29.153333333333332,,25.758222222222223
2018-07-21 11:00:00,0.37046666666666667,25.02466666666667,5.267333333333334,2.116,32.408,,26.2765
2018-07-21 11:15:00,0.3575333333333333,23.362666666666666,5.3740000000000006,1.7486666666666664,30.485333333333337,,26.316166666666668
2018-07-21 11:30:00,0.36773333333333336,20.77466666666667,5.549333333333334,1.7793333333333334,28.103333333333335,,26.013055555555557
2018-07-21 11:45:00,0.35553333333333337,0.3626666666666667,5.474,1.61,7.446666666666667,,26.433
2018-07-21 12:00:00,0.32139999999999996,0.0,4.894,1.5093333333333334,6.403333333333333,,27.120944444444444
2018-07-21 12:15:00,0.3202666666666667,0.0,4.863333333333333,1.5153333333333334,6.378666666666666,,27.227833333333333
2018-07-21 12:30:00,0.323,0.0,5.0,1.4366666666666668,6.4366666666666665,,27.534499999999998
2018-07-21 12:45:00,0.32380000000000003,0.3233333333333333,4.9286666666666665,1.52,6.772,,27.59311111111111
2018-07-21 13:00:00,0.3254666666666666,20.411333333333335,4.924,1.5599999999999998,26.895333333333333,,27.383333333333333
2018-07-21 13:15:00,0.3314666666666667,27.483999999999998,5.17,1.434,34.088,,26.558833333333332
2018-07-21 13:30:00,0.31146666666666667,26.96333333333333,4.736666666666666,1.4666666666666666,33.166666666666664,,26.095833333333335
2018-07-21 13:45:00,0.32253333333333334,20.363999999999997,4.832,1.5946666666666667,26.790666666666667,,25.440222222222225
2018-07-21 14:00:00,0.31826666666666664,20.433333333333334,4.708,1.6333333333333335,26.77466666666667,,26.110777777777777
2018-07-21 14:15:00,0.3203333333333333,24.909333333333333,4.703333333333333,1.6780000000000002,31.290666666666667,,26.2245
2018-07-21 14:30:00,0.31006666666666666,20.442,4.698666666666667,1.4773333333333334,26.618,,25.985888888888887
2018-07-21 14:45:00,0.2838,20.441333333333333,4.286666666666666,1.3739999999999999,26.101999999999997,,26.195
2018-07-21 15:00:00,0.29806666666666665,20.42866666666667,4.506,1.4353333333333331,26.37,,26.324
2018-07-21 15:15:00,0.2855333333333333,20.374666666666666,4.306666666666667,1.3886666666666665,26.07,,26.195
2018-07-21 15:30:00,0.2754,20.334666666666667,4.175333333333333,1.308,25.817999999999998,,26.243166666666664
2018-07-21 15:45:00,0.33213333333333334,20.296666666666667,4.926,1.6906666666666665,26.913333333333334,,26.350166666666667
2018-07-21 16:00:00,0.2954,20.266666666666666,4.422666666666667,1.4613333333333334,26.150666666666666,,26.10472222222222
2018-07-21 16:15:00,0.3136,19.950666666666667,4.724,1.5233333333333334,26.198,,26.055333333333333
2018-07-21 16:30:00,0.291,0.0,4.392666666666667,1.4020000000000001,5.794666666666667,,26.58277777777778
2018-07-21 16:45:00,0.2916666666666667,15.462,4.401333333333333,1.4113333333333336,21.27466666666667,,26.817999999999998
2018-07-21 17:00:00,0.2872666666666666,22.848666666666666,4.415333333333334,1.3053333333333332,28.569333333333336,,26.034833333333335
2018-07-21 17:15:00,0.28973333333333334,19.937333333333335,4.471333333333333,1.3046666666666666,25.71333333333333,,25.962666666666667
2018-07-21 17:30:00,0.274,17.688,4.102666666666666,1.359333333333333,23.15,,25.933
2018-07-21 17:45:00,0.24753333333333333,0.0,3.7606666666666664,1.1733333333333333,4.934,,26.249833333333335
2018-07-21 18:00:00,0.2464,0.0,3.6573333333333333,1.252,4.9093333333333335,,26.960833333333333
2018-07-21 18:15:00,0.18706666666666666,0.0,2.7066666666666666,1.0213333333333332,3.728,,27.075388888888888
2018-07-21 18:30:00,0.060533333333333335,0.0,0.1366666666666667,1.0673333333333335,1.2040000000000002,,27.557444444444446
2018-07-21 18:45:00,0.06206666666666667,0.0,0.14333333333333337,1.0926666666666667,1.2360000000000002,,27.55377777777778
2018-07-21 19:00:00,0.05606666666666667,0.0,0.09933333333333334,1.0146666666666666,1.114,,27.564666666666668
2018-07-21 19:15:00,0.06006666666666667,0.0,0.17600000000000002,1.0213333333333332,1.1973333333333334,,27.613333333333333
2018-07-21 19:30:00,0.04753333333333333,0.0,0.022000000000000002,0.9239999999999999,0.946,,27.790333333333333
2018-07-21 19:45:00,0.047599999999999996,0.0,0.02266666666666667,0.9233333333333333,0.946,,27.799999999999997
2018-07-21 20:00:00,0.051666666666666666,0.0,0.02266666666666667,1.004,1.0266666666666666,,27.810333333333332
2018-07-21 20:15:00,0.056133333333333334,0.0,0.132,0.9853333333333333,1.1173333333333335,,27.817999999999998
2018-07-21 20:30:00,0.05266666666666667,0.0,0.08066666666666666,0.9673333333333333,1.048,,27.78922222222222
2018-07-21 20:45:00,0.04986666666666666,0.0,0.022000000000000002,0.9693333333333333,0.9913333333333333,,27.54888888888889
2018-07-21 21:00:00,0.053599999999999995,0.0,0.02266666666666667,1.0426666666666666,1.0653333333333335,,27.489833333333333
2018-07-21 21:15:00,0.05179999999999999,0.0,0.020666666666666667,1.012,1.0326666666666666,,27.467055555555554
2018-07-21 21:30:00,0.06366666666666666,0.0,0.17866666666666667,1.088,1.2666666666666666,,27.485944444444442
2018-07-21 21:45:00,0.05006666666666667,0.0,0.020666666666666667,0.9733333333333333,0.994,,27.501666666666665
2018-07-21 22:00:00,0.04833333333333333,0.0,0.11733333333333333,0.8453333333333333,0.9626666666666668,,27.513333333333335
2018-07-21 22:15:00,0.04886666666666666,0.0,0.13866666666666666,0.834,0.9726666666666667,,27.53661111111111
2018-07-21 22:30:00,0.05046666666666667,0.0,0.10866666666666668,0.8946666666666666,1.0033333333333334,,27.51261111111111
2018-07-21 22:45:00,0.05566666666666666,0.0,0.17666666666666667,0.9306666666666668,1.1073333333333333,,27.495944444444444
2018-07-21 23:00:00,0.05306666666666667,0.0,0.024666666666666667,1.0293333333333334,1.054,,27.694444444444446
2018-07-21 23:15:00,0.05246666666666667,0.0,0.02333333333333333,1.0213333333333334,1.0446666666666666,,27.698
2018-07-21 23:30:00,0.052066666666666664,0.0,0.02266666666666667,1.0126666666666668,1.0353333333333334,,27.61011111111111
2018-07-21 23:45:00,0.057666666666666665,0.0,0.13266666666666665,1.016,1.1486666666666667,,27.701555555555554
2018-07-22 00:00:00,0.054266666666666664,0.0,0.07,1.0086666666666666,1.0786666666666667,,27.74088888888889
2018-07-22 00:15:00,0.04526666666666666,0.0,0.020666666666666667,0.8793333333333334,0.9,,27.716
2018-07-22 00:30:00,0.04673333333333333,0.0,0.02266666666666667,0.906,0.9286666666666666,,27.653277777777777
2018-07-22 00:45:00,0.04533333333333333,0.0,0.02333333333333333,0.8766666666666667,0.9,,27.612277777777777
2018-07-22 01:00:00,0.05566666666666666,0.0,0.18266666666666667,0.926,1.1086666666666667,,27.593
2018-07-22 01:15:00,0.04733333333333333,0.0,0.022000000000000002,0.922,0.9440000000000001,,27.590833333333332
2018-07-22 01:30:00,0.049466666666666666,0.0,0.022000000000000002,0.964,0.9860000000000001,,27.547944444444443
2018-07-22 01:45:00,0.05573333333333333,0.0,0.02266666666666667,1.0853333333333335,1.108,,27.625222222222224
2018-07-22 02:00:00,0.055,0.0,0.02266666666666667,1.0706666666666667,1.0933333333333333,,27.671555555555553
2018-07-22 02:15:00,0.059866666666666665,0.0,0.18066666666666667,1.0113333333333332,1.192,,27.864
2018-07-22 02:30:00,0.048933333333333336,0.0,0.05,0.9226666666666666,0.9726666666666667,,27.815384615384616
2018-07-22 02:45:00,0.0492,0.0,0.13466666666666666,0.844,0.9786666666666668,,27.729666666666667
2018-07-22 03:00:00,0.05093333333333334,0.0,0.14133333333333334,0.8733333333333333,1.0146666666666666,,27.648444444444447
2018-07-22 03:15:00,0.0544,0.0,0.06666666666666667,1.0146666666666666,1.0813333333333333,,27.627833333333335
2018-07-22 03:30:00,0.056666666666666664,0.0,0.17866666666666667,0.9493333333333334,1.1280000000000001,,27.624333333333333
2018-07-22 03:45:00,0.048133333333333334,0.0,0.025333333333333333,0.93,0.9553333333333334,,27.63077777777778
2018-07-22 04:00:00,0.0514,0.0,0.022000000000000002,0.9986666666666667,1.0206666666666666,,27.625999999999998
2018-07-22 04:15:00,0.052,0.0,0.022000000000000002,1.0120000000000002,1.0340000000000003,,27.628666666666668
2018-07-22 04:30:00,0.05146666666666666,0.0,0.021333333333333333,1.004,1.0253333333333332,,27.645666666666667
2018-07-22 04:45:00,0.062266666666666665,0.0,0.17933333333333332,1.0613333333333332,1.2406666666666666,,27.646
2018-07-22 05:00:00,0.04393333333333334,0.0,0.021333333333333333,0.854,0.8753333333333334,,27.616666666666667
2018-07-22 05:15:00,0.042466666666666666,0.0,0.02333333333333333,0.822,0.8453333333333334,,27.644000000000002
2018-07-22 05:30:00,0.046733333333333335,0.0,0.021333333333333333,0.9106666666666666,0.932,,27.651333333333334
2018-07-22 05:45:00,0.053399999999999996,0.0,0.116,0.9473333333333334,1.0633333333333335,,27.649333333333335
2018-07-22 06:00:00,0.0522,0.0,0.082,0.9566666666666667,1.0386666666666666,,27.655166666666666
2018-07-22 06:15:00,0.05306666666666667,0.0,0.02,1.0366666666666666,1.0566666666666669,,27.661333333333335
2018-07-22 06:30:00,0.052933333333333325,0.0,0.02266666666666667,1.032,1.0546666666666666,,27.753777777777778
2018-07-22 06:45:00,0.0522,0.0,0.02333333333333333,1.0153333333333332,1.0386666666666666,,27.76966666666667
2018-07-22 07:00:00,0.06013333333333334,0.0,0.18133333333333335,1.0153333333333332,1.1966666666666665,,27.782722222222223
2018-07-22 07:15:00,0.053933333333333326,0.0,0.08466666666666667,0.9866666666666666,1.0713333333333332,,27.756777777777778
2018-07-22 07:30:00,0.05533333333333333,0.0,0.13466666666666666,0.9673333333333333,1.102,,27.739888888888892
2018-07-22 07:45:00,0.1546,0.0,2.0886666666666667,0.99,3.0786666666666664,,27.758333333333333
2018-07-22 08:00:00,0.18453333333333333,0.0,2.7613333333333334,0.9146666666666666,3.676,,27.850777777777775
2018-07-22 08:15:00,0.0638,0.0,0.32866666666666666,0.942,1.2706666666666666,,27.896833333333333
2018-07-22 08:30:00,0.05293333333333334,0.0,0.14133333333333334,0.9106666666666666,1.052,,27.938333333333333
2018-07-22 08:45:00,0.11533333333333333,0.0,1.2866666666666666,1.0113333333333334,2.298,,27.985444444444443
2018-07-22 09:00:00,0.18366666666666667,0.0,2.5046666666666666,1.154,3.658666666666667,,28.052833333333332
2018-07-22 09:15:00,0.18426666666666666,0.0,2.5593333333333335,1.1099999999999999,3.6693333333333333,,28.052722222222222
2018-07-22 09:30:00,0.18913333333333332,0.0,2.6919999999999997,1.074,3.766,,28.124000000000002
2018-07-22 09:45:00,0.19006666666666666,0.0,2.7966666666666664,0.9866666666666667,3.783333333333333,,28.301444444444442
2018-07-22 10:00:00,0.21146666666666664,0.0,3.2046666666666663,1.0093333333333334,4.2139999999999995,,28.640777777777778
2018-07-22 10:15:00,0.22293333333333332,0.0,3.2106666666666666,1.2313333333333332,4.441999999999999,,28.337555555555557
2018-07-22 10:30:00,0.23706666666666668,0.0,3.399333333333333,1.3273333333333333,4.726666666666666,,28.36733333333333
2018-07-22 10:45:00,0.2109333333333333,0.0,3.2226666666666666,0.9806666666666667,4.203333333333333,,28.46066666666667
2018-07-22 11:00:00,0.2078,0.0,3.1766666666666667,0.9640000000000001,4.140666666666666,,28.502833333333335
2018-07-22 11:15:00,0.20693333333333333,0.0,3.066666666666667,1.0553333333333332,4.122,,28.395
2018-07-22 11:30:00,0.2101333333333333,0.0,3.1186666666666665,1.0693333333333332,4.188,,28.630166666666664
2018-07-22 11:45:00,0.21653333333333333,0.0,3.211333333333333,1.1039999999999999,4.315333333333332,,28.738666666666667
2018-07-22 12:00:00,0.217,0.0,3.176,1.148,4.324,,28.757444444444445
2018-07-22 12:15:00,0.19486666666666666,0.0,2.9153333333333333,0.9673333333333335,3.8826666666666663,,28.669833333333333
2018-07-22 12:30:00,0.20506666666666667,0.0,3.099333333333333,0.9846666666666668,4.084,,28.8775
2018-07-22 12:45:00,0.2088,0.0,3.2326666666666664,0.9293333333333335,4.162,,28.900666666666666
2018-07-22 13:00:00,0.20526666666666668,0.0,3.151333333333333,0.9373333333333334,4.088666666666666,,28.870833333333334
2018-07-22 13:15:00,0.21493333333333334,0.0,3.1906666666666665,1.0933333333333333,4.284,,28.888333333333332
2018-07-22 13:30:00,0.21580000000000002,0.0,3.208666666666667,1.0913333333333335,4.3,,28.935722222222225
2018-07-22 13:45:00,0.16526666666666667,0.0,2.2439999999999998,1.0486666666666666,3.292666666666667,,28.82511111111111
2018-07-22 14:00:00,0.1312,0.0,1.6213333333333333,0.9946666666666668,2.616,,28.881833333333336
2018-07-22 14:15:00,0.1756666666666667,0.0,2.456,1.048,3.504,,28.769999999999996
2018-07-22 14:30:00,0.27413333333333334,0.0,4.319333333333333,1.1480000000000001,5.4673333333333325,,28.759999999999998
2018-07-22 14:45:00,0.229,0.0,3.5486666666666666,1.0173333333333334,4.566,,28.785500000000003
2018-07-22 15:00:00,0.21926666666666667,0.0,3.301333333333333,1.0693333333333335,4.370666666666667,,28.791444444444444
2018-07-22 15:15:00,0.20813333333333334,0.0,3.1719999999999997,0.9740000000000001,4.145999999999999,,28.674166666666668
2018-07-22 15:30:00,0.20266666666666666,0.0,3.17,0.8693333333333334,4.039333333333333,,28.808666666666667
2018-07-22 15:45:00,0.19826666666666667,0.0,3.133333333333333,0.8186666666666668,3.9519999999999995,,28.822055555555554
2018-07-22 16:00:00,0.21293333333333334,0.0,3.225333333333333,1.0206666666666666,4.2459999999999996,,28.8875
2018-07-22 16:15:00,0.15180000000000002,0.0,1.9453333333333331,1.0799999999999998,3.025333333333333,,28.891833333333334
2018-07-22 16:30:00,0.051333333333333335,0.0,0.022000000000000002,1.002,1.024,,28.89322222222222
2018-07-22 16:45:00,0.051933333333333324,0.0,0.024666666666666667,1.0086666666666666,1.0333333333333334,,28.801333333333332
2018-07-22 17:00:00,0.053599999999999995,0.0,0.02266666666666667,1.0426666666666666,1.0653333333333332,,28.77111111111111
2018-07-22 17:15:00,0.05466666666666667,0.0,0.17866666666666667,0.91,1.088666666666667,,28.88
2018-07-22 17:30:00,0.057133333333333335,0.0,0.11600000000000002,1.0193333333333332,1.1353333333333333,,28.821
2018-07-22 17:45:00,0.0548,0.0,0.14266666666666666,0.9480000000000001,1.0906666666666667,,28.642666666666667
2018-07-22 18:00:00,0.05146666666666667,0.0,0.10133333333333334,0.9226666666666666,1.024,,28.645777777777777
2018-07-22 18:15:00,0.047066666666666666,0.0,0.021333333333333333,0.9146666666666667,0.936,,28.417333333333332
2018-07-22 18:30:00,0.05806666666666667,0.0,0.18400000000000002,0.9706666666666667,1.1546666666666667,,28.231555555555556
2018-07-22 18:45:00,0.05426666666666667,0.0,0.02266666666666667,1.0566666666666669,1.0793333333333335,,28.39966666666667
2018-07-22 19:00:00,0.05686666666666666,0.0,0.022000000000000002,1.1106666666666667,1.1326666666666667,,28.407111111111114
2018-07-22 19:15:00,0.05179999999999999,0.0,0.021333333333333333,1.008,1.0293333333333332,,28.452444444444446
2018-07-22 19:30:00,0.050866666666666664,0.0,0.022000000000000002,0.9913333333333333,1.0133333333333332,,28.400444444444442
2018-07-22 19:45:00,0.05513333333333333,0.0,0.18333333333333332,0.9166666666666666,1.1,,28.371666666666666
2018-07-22 20:00:00,0.047266666666666665,0.0,0.02266666666666667,0.92,0.9426666666666667,,28.456444444444447
2018-07-22 20:15:00,0.0514,0.0,0.025333333333333333,0.998,1.0233333333333334,,28.44888888888889
2018-07-22 20:30:00,0.05353333333333333,0.0,0.096,0.9686666666666667,1.0646666666666667,,28.43711111111111
2018-07-22 20:45:00,0.05006666666666667,0.0,0.13933333333333336,0.8580000000000001,0.9973333333333334,,28.442444444444444
2018-07-22 21:00:00,0.06026666666666667,0.0,0.27466666666666667,0.9246666666666667,1.1993333333333334,,28.45
2018-07-22 21:15:00,0.04886666666666666,0.0,0.02266666666666667,0.9493333333333334,0.972,,28.340222222222224
2018-07-22 21:30:00,0.05246666666666666,0.0,0.022000000000000002,1.0239999999999998,1.0459999999999998,,28.46638888888889
2018-07-22 21:45:00,0.05686666666666666,0.0,0.02266666666666667,1.1073333333333333,1.13,,28.434
2018-07-22 22:00:00,0.05073333333333333,0.0,0.02266666666666667,0.9866666666666666,1.0093333333333334,,28.424444444444443
2018-07-22 22:15:00,0.054799999999999995,0.0,0.17866666666666667,0.9126666666666667,1.0913333333333335,,28.39555555555556
2018-07-22 22:30:00,0.047066666666666666,0.0,0.02266666666666667,0.9153333333333333,0.9380000000000001,,28.399944444444444
2018-07-22 22:45:00,0.047266666666666665,0.0,0.02333333333333333,0.916,0.9393333333333334,,28.409944444444445
2018-07-22 23:00:00,0.05046666666666667,0.0,0.02666666666666667,0.9780000000000001,1.0046666666666668,,28.395055555555555
2018-07-22 23:15:00,0.0508,0.0,0.08866666666666667,0.922,1.0106666666666666,,28.404833333333332
2018-07-22 23:30:00,0.051866666666666665,0.0,0.11,0.9200000000000002,1.03,,28.651833333333336
2018-07-22 23:45:00,0.05106666666666667,0.0,0.02266666666666667,0.9920000000000001,1.0146666666666666,,28.4125
2018-07-23 00:00:00,0.05226666666666666,0.0,0.022000000000000002,1.0186666666666666,1.0406666666666666,,28.563666666666666
2018-07-23 00:15:00,0.05293333333333334,0.0,0.021333333333333333,1.0326666666666668,1.054,,28.6325
2018-07-23 00:30:00,0.05826666666666667,0.0,0.17600000000000002,0.9826666666666667,1.1586666666666665,,28.92061111111111
2018-07-23 00:45:00,0.05106666666666667,0.0,0.044000000000000004,0.9713333333333334,1.0153333333333334,,28.788999999999998
2018-07-23 01:00:00,0.05266666666666666,0.0,0.13266666666666668,0.9193333333333334,1.052,,28.6385
2018-07-23 01:15:00,0.053266666666666664,0.0,0.14200000000000002,0.9179999999999999,1.06,,28.709
2018-07-23 01:30:00,0.04713333333333333,0.0,0.068,0.8693333333333334,0.9373333333333334,,28.462444444444444
2018-07-23 01:45:00,0.053066666666666665,0.0,0.16999999999999998,0.8853333333333334,1.0553333333333332,,28.416166666666665
2018-07-23 02:00:00,0.05286666666666666,0.0,0.021333333333333333,1.0313333333333334,1.0526666666666666,,28.421666666666667
2018-07-23 02:15:00,0.05466666666666666,0.0,0.02333333333333333,1.0646666666666667,1.088,,28.5255
2018-07-23 02:30:00,0.05179999999999999,0.0,0.022000000000000002,1.0079999999999998,1.03,,28.501833333333334
2018-07-23 02:45:00,0.052000000000000005,0.0,0.030666666666666665,1.004,1.0346666666666666,,28.454333333333334
2018-07-23 03:00:00,0.05473333333333333,0.0,0.1713333333333333,0.9193333333333334,1.0906666666666667,,28.3665
2018-07-23 03:15:00,0.0494,0.0,0.02266666666666667,0.9586666666666666,0.9813333333333333,,28.578833333333332
2018-07-23 03:30:00,0.0514,0.0,0.024,1.0006666666666666,1.0246666666666666,,28.572166666666664
2018-07-23 03:45:00,0.04686666666666666,0.0,0.020666666666666667,0.9126666666666667,0.9333333333333333,,28.479
2018-07-23 04:00:00,0.047266666666666665,0.0,0.08800000000000001,0.8526666666666667,0.9406666666666668,,28.36816666666667
2018-07-23 04:15:00,0.0518,0.0,0.11733333333333333,0.914,1.0313333333333334,,28.383833333333335
2018-07-23 04:30:00,0.05213333333333334,0.0,0.02266666666666667,1.0153333333333332,1.0379999999999998,,28.425333333333334
2018-07-23 04:45:00,0.055466666666666664,0.0,0.02266666666666667,1.082,1.1046666666666667,,28.505333333333333
2018-07-23 05:00:00,0.05473333333333333,0.0,0.02266666666666667,1.068,1.0906666666666667,,28.544666666666668
2018-07-23 05:15:00,0.05673333333333333,0.0,0.14666666666666667,0.9833333333333333,1.13,,28.395888888888887
2018-07-23 05:30:00,0.114,0.0,1.3593333333333333,0.9153333333333333,2.2746666666666666,,28.469833333333334
2018-07-23 05:45:00,0.17606666666666668,0.0,2.1713333333333336,1.338666666666667,3.51,,28.788333333333334
2018-07-23 06:00:00,0.29773333333333335,0.0,4.113333333333333,1.82,5.933333333333334,,28.645166666666668
2018-07-23 06:15:00,0.35459999999999997,0.0,5.674666666666667,1.3886666666666665,7.0633333333333335,,28.517666666666667
2018-07-23 06:30:00,0.4799333333333333,0.0,8.245333333333333,1.3219999999999998,9.567333333333332,,28.552666666666667
2018-07-23 06:45:00,0.5312,0.0,9.116666666666667,1.474,10.590666666666667,,28.622333333333334
2018-07-23 07:00:00,0.5536,0.0,9.351333333333335,1.684,11.035333333333334,,28.76711111111111
2018-07-23 07:15:00,0.6026666666666666,0.0,9.588666666666667,2.418,12.006666666666668,,28.802055555555558
2018-07-23 07:30:00,0.6324666666666666,1.0193333333333334,9.996,2.6093333333333333,13.624666666666666,,28.942333333333334
2018-07-23 07:45:00,0.7352666666666666,83.15666666666667,10.715333333333332,3.9359999999999995,97.80799999999999,,28.236833333333333
2018-07-23 08:00:00,0.8538666666666667,102.73266666666667,11.902,5.1146666666666665,119.74933333333334,,25.559166666666666
2018-07-23 08:15:00,0.8637333333333334,90.334,12.572,4.75,107.65599999999999,,23.852
2018-07-23 08:30:00,0.8778,87.122,12.386,5.107333333333333,104.61533333333334,,23.113
2018-07-23 08:45:00,0.9322,72.39200000000001,12.673333333333334,5.905333333333333,90.97066666666666,,22.839611111111108
2018-07-23 09:00:00,0.9209333333333334,82.76866666666666,13.425333333333333,5.919333333333333,102.11333333333333,,22.784666666666666
2018-07-23 09:15:00,0.9381333333333333,73.34066666666668,13.063333333333334,5.656666666666666,92.06066666666668,,22.85788888888889
2018-07-23 09:30:00,0.9192,69.53333333333333,12.725333333333333,5.593999999999999,87.85266666666666,,22.85472222222222
2018-07-23 09:45:00,0.9409333333333334,72.00266666666667,13.094666666666665,5.658666666666666,90.756,,23.1325
2018-07-23 10:00:00,0.9332666666666667,64.19466666666666,12.756666666666666,5.842666666666667,82.79400000000001,,22.801388888888887
2018-07-23 10:15:00,0.9282666666666667,78.98733333333332,12.704666666666666,5.794666666666667,97.48666666666666,,23.069444444444446
2018-07-23 10:30:00,0.9339999999999999,59.766,12.792,5.822666666666667,78.38066666666667,,22.96311111111111
2018-07-23 10:45:00,0.9397333333333333,70.61333333333333,13.095333333333334,5.6386666666666665,89.34733333333334,,23.15911111111111
2018-07-23 11:00:00,0.9401333333333334,72.96533333333333,12.760666666666667,5.996666666666667,91.72266666666668,,22.70488888888889
2018-07-23 11:15:00,0.9168000000000001,67.62133333333333,12.501333333333333,5.772,85.89466666666667,,22.88888888888889
2018-07-23 11:30:00,0.9291333333333334,61.58266666666667,12.656666666666666,5.86,80.09933333333333,,23.100444444444445
2018-07-23 11:45:00,0.9191333333333332,0.28533333333333327,13.160666666666666,6.296666666666667,19.742666666666665,,24.040222222222223
2018-07-23 12:00:00,0.8699333333333333,0.0,11.588666666666665,5.7459999999999996,17.334666666666667,,26.206222222222223
2018-07-23 12:15:00,0.7976,0.0,10.72,5.1786666666666665,15.898666666666667,,27.226444444444443
2018-07-23 12:30:00,0.7732,0.0,10.162666666666668,5.246666666666667,15.409333333333334,,27.752333333333336
2018-07-23 12:45:00,0.7652666666666668,0.7453333333333333,10.148666666666667,5.102,15.996,,28.162
2018-07-23 13:00:00,0.8819333333333333,86.19533333333334,12.277333333333333,5.3,103.77266666666667,,27.279333333333334
2018-07-23 13:15:00,0.9374,97.848,13.040666666666668,5.6419999999999995,116.53066666666668,,24.31488888888889
2018-07-23 13:30:00,0.9703999999999999,73.30266666666667,13.354666666666667,6.078,92.73533333333333,,23.079555555555554
2018-07-23 13:45:00,1.0,64.82933333333334,13.900666666666666,6.732666666666666,85.46266666666666,,23.04611111111111
2018-07-23 14:00:00,0.9887333333333334,73.66533333333334,13.494,6.287333333333334,93.44666666666667,,23.343666666666667
2018-07-23 14:15:00,0.9811333333333334,70.94933333333333,13.385333333333334,6.171333333333334,90.506,,22.901055555555555
2018-07-23 14:30:00,0.9918666666666667,61.16066666666667,13.495333333333333,6.776,81.432,,22.950333333333333
2018-07-23 14:45:00,0.9922666666666667,59.571333333333335,13.666,6.411333333333333,79.64866666666667,,23.40083333333333
2018-07-23 15:00:00,0.9944000000000001,65.358,13.568666666666667,6.477333333333333,85.404,,23.470333333333333
2018-07-23 15:15:00,0.9872666666666666,61.09466666666667,13.469333333333333,6.4959999999999996,81.06,,23.37727777777778
2018-07-23 15:30:00,0.9014000000000001,66.75133333333333,12.307333333333332,5.771333333333334,84.83,,23.452111111111112
2018-07-23 15:45:00,0.9697333333333333,54.408,13.212666666666667,6.1193333333333335,73.74,,23.196833333333334
2018-07-23 16:00:00,0.9361999999999999,55.80266666666667,13.018666666666666,6.231333333333334,75.05266666666667,,23.322
2018-07-23 16:15:00,0.9538666666666666,61.38866666666667,13.111333333333333,5.902666666666666,80.40266666666666,,23.066333333333333
2018-07-23 16:30:00,0.9705333333333334,0.45066666666666666,13.399333333333335,6.0280000000000005,19.878,,23.817333333333334
2018-07-23 16:45:00,0.9144666666666666,0.0,12.965333333333332,5.258,18.223333333333333,,25.496277777777777
2018-07-23 17:00:00,0.8119333333333334,0.0,12.827333333333334,4.443333333333333,17.270666666666667,,26.391666666666666
2018-07-23 17:15:00,0.7118666666666668,0.0,11.049333333333333,3.138,14.187333333333333,,26.832722222222223
2018-07-23 17:30:00,0.6649999999999999,0.0,10.264000000000001,2.990666666666667,13.254666666666667,,27.169333333333334
2018-07-23 17:45:00,0.6509333333333333,0.0,10.368666666666666,2.972,13.340666666666667,,27.378666666666668
2018-07-23 18:00:00,0.6593333333333333,0.0,10.352666666666666,2.7886666666666664,13.141333333333334,,27.569666666666667
2018-07-23 18:15:00,0.6189333333333333,0.0,9.664,2.6679999999999997,12.332,,27.642333333333333
2018-07-23 18:30:00,0.6123333333333334,0.0,9.576,2.6253333333333333,12.201333333333334,,27.676333333333332
2018-07-23 18:45:00,0.6132000000000001,0.0,9.48,2.742,12.222000000000001,,27.886333333333333
2018-07-23 19:00:00,0.5961333333333333,0.0,9.259333333333332,2.618,11.877333333333333,,27.942833333333336
2018-07-23 19:15:00,0.5550666666666667,0.0,8.648,2.4146666666666667,11.062666666666667,,27.814055555555555
2018-07-23 19:30:00,0.5478666666666666,0.0,8.611333333333333,2.31,10.921333333333333,,27.819166666666668
2018-07-23 19:45:00,0.508,0.0,8.137333333333334,1.9879999999999998,10.125333333333334,,27.892999999999997
2018-07-23 20:00:00,0.31333333333333335,0.0,4.587333333333333,1.6573333333333333,6.2446666666666655,,27.949333333333335
2018-07-23 20:15:00,0.2858,0.0,4.223333333333333,1.4720000000000002,5.695333333333333,,27.829666666666665
2018-07-23 20:30:00,0.24460000000000004,0.0,3.3906666666666663,1.4866666666666668,4.8773333333333335,,28.000722222222223
2018-07-23 20:45:00,0.16526666666666667,0.0,1.6373333333333333,1.6526666666666665,3.29,,27.83461111111111
2018-07-23 21:00:00,0.16926666666666665,0.0,1.7046666666666668,1.6653333333333333,3.3699999999999997,,27.691666666666666
2018-07-23 21:15:00,0.1664,0.0,1.8339999999999999,1.4806666666666668,3.3146666666666667,,27.65666666666667
2018-07-23 21:30:00,0.1054,0.0,1.0726666666666667,1.0293333333333332,2.102,,27.636111111111113
2018-07-23 21:45:00,0.08753333333333332,0.0,0.868,0.8773333333333333,1.7453333333333334,,27.629833333333334
2018-07-23 22:00:00,0.05946666666666667,0.0,0.284,0.9013333333333334,1.1853333333333333,,27.616833333333332
2018-07-23 22:15:00,0.0514,0.0,0.02266666666666667,0.9979999999999999,1.0206666666666666,,27.605833333333333
2018-07-23 22:30:00,0.06126666666666667,0.0,0.17466666666666666,1.0466666666666664,1.2213333333333332,,27.588666666666665
2018-07-23 22:45:00,0.049933333333333337,0.0,0.021333333333333333,0.9706666666666667,0.9920000000000001,,27.585500000000003
2018-07-23 23:00:00,0.05293333333333334,0.0,0.022000000000000002,1.034,1.056,,27.6135
2018-07-23 23:15:00,0.0496,0.0,0.021333333333333333,0.9666666666666667,0.988,,27.61261111111111
2018-07-23 23:30:00,0.05193333333333334,0.0,0.02266666666666667,1.0106666666666666,1.0333333333333334,,27.580388888888887
2018-07-23 23:45:00,0.06646666666666666,0.0,0.17600000000000002,1.1466666666666667,1.3226666666666667,,27.5015
2018-07-24 00:00:00,0.05413333333333333,0.0,0.026000000000000002,1.0506666666666666,1.0766666666666667,,27.6335
2018-07-24 00:15:00,0.05653333333333333,0.0,0.132,0.994,1.1260000000000001,,27.623499999999996
2018-07-24 00:30:00,0.05586666666666666,0.0,0.14200000000000002,0.9700000000000001,1.1119999999999999,,27.622
2018-07-24 00:45:00,0.05146666666666667,0.0,0.09800000000000002,0.926,1.024,,27.627000000000002
2018-07-24 01:00:00,0.054200000000000005,0.0,0.18133333333333335,0.8966666666666667,1.078,,27.58388888888889
2018-07-24 01:15:00,0.05106666666666667,0.0,0.021333333333333333,0.9953333333333333,1.0166666666666666,,27.601777777777777
2018-07-24 01:30:00,0.0578,0.0,0.020666666666666667,1.13,1.1506666666666665,,27.584833333333332
2018-07-24 01:45:00,0.05586666666666666,0.0,0.021333333333333333,1.0906666666666667,1.1119999999999999,,27.564555555555557
2018-07-24 02:00:00,0.059533333333333334,0.0,0.11933333333333333,1.0646666666666667,1.184,,27.605166666666666
2018-07-24 02:15:00,0.0578,0.0,0.084,1.0693333333333332,1.153333333333333,,27.602
2018-07-24 02:30:00,0.04513333333333333,0.0,0.022000000000000002,0.8746666666666667,0.8966666666666667,,27.613777777777777
2018-07-24 02:45:00,0.04986666666666666,0.0,0.02333333333333333,0.9673333333333333,0.9906666666666666,,27.60966666666667
2018-07-24 03:00:00,0.05093333333333334,0.0,0.020666666666666667,0.9926666666666667,1.0133333333333332,,27.605833333333333
2018-07-24 03:15:00,0.05793333333333333,0.0,0.17,0.984,1.1540000000000001,,27.603166666666667
2018-07-24 03:30:00,0.052000000000000005,0.0,0.021333333333333333,1.0133333333333332,1.0346666666666666,,27.600666666666665
2018-07-24 03:45:00,0.053,0.0,0.021333333333333333,1.0366666666666666,1.058,,27.575944444444442
2018-07-24 04:00:00,0.0562,0.0,0.02266666666666667,1.0979999999999999,1.1206666666666665,,27.616333333333333
2018-07-24 04:15:00,0.06126666666666667,0.0,0.022000000000000002,1.1993333333333331,1.2213333333333334,,27.647166666666667
2018-07-24 04:30:00,0.06406666666666666,0.0,0.17666666666666667,1.1,1.2766666666666666,,27.593166666666665
2018-07-24 04:45:00,0.05773333333333333,0.0,0.08666666666666667,1.0633333333333332,1.15,,27.66561111111111
2018-07-24 05:00:00,0.058333333333333334,0.0,0.17400000000000002,0.9886666666666667,1.1626666666666667,,27.6515
2018-07-24 05:15:00,0.06126666666666667,0.0,0.2546666666666667,0.9673333333333335,1.2220000000000002,,27.680999999999997
2018-07-24 05:30:00,0.07713333333333333,0.0,0.5366666666666667,1.0,1.5366666666666666,,27.6535
2018-07-24 05:45:00,0.07733333333333334,0.0,0.5046666666666667,1.0366666666666664,1.5413333333333332,,27.645555555555557
2018-07-24 06:00:00,0.44626666666666664,0.0,5.719333333333334,3.1719999999999997,8.891333333333334,,27.64466666666667
2018-07-24 06:15:00,0.3485333333333333,0.0,4.600666666666667,2.3459999999999996,6.946666666666667,,27.784777777777776
2018-07-24 06:30:00,0.35960000000000003,0.0,5.621333333333334,1.5446666666666666,7.1659999999999995,,27.863999999999997
2018-07-24 06:45:00,0.37526666666666664,0.0,5.926666666666667,1.5526666666666666,7.479333333333333,,27.909333333333333
2018-07-24 07:00:00,0.411,0.0,6.386666666666667,1.8073333333333332,8.193999999999999,,28.074444444444445
2018-07-24 07:15:00,0.5090666666666667,0.0,7.766666666666667,2.3793333333333333,10.145999999999999,,28.187333333333335
2018-07-24 07:30:00,0.536,1.0166666666666666,8.55,2.1333333333333333,11.7,,28.236222222222224
2018-07-24 07:45:00,0.5890000000000001,82.152,9.06,2.678,93.89,,27.256444444444448
2018-07-24 08:00:00,0.7426666666666667,89.718,11.339333333333334,4.044666666666666,105.102,,24.33533333333333
2018-07-24 08:15:00,0.8192666666666667,70.38733333333333,12.447333333333331,4.714666666666667,87.54933333333334,,22.880222222222223
2018-07-24 08:30:00,0.8656,63.09066666666667,12.090666666666666,5.158666666666666,80.34,,22.56866666666667
2018-07-24 08:45:00,0.8968,58.18933333333334,12.351333333333333,5.519333333333334,76.06,,23.000222222222224
2018-07-24 09:00:00,0.9121333333333334,67.29933333333334,12.674000000000001,5.505333333333334,85.47866666666667,,23.445
2018-07-24 09:15:00,0.8746666666666667,59.03933333333334,12.766666666666667,5.440666666666667,77.24666666666667,,23.062833333333334
2018-07-24 09:30:00,0.8775999999999999,64.498,12.324000000000002,5.1626666666666665,81.98466666666667,,23.65822222222222
2018-07-24 09:45:00,0.8956000000000001,55.038000000000004,11.924,5.924666666666667,72.88666666666667,,23.838888888888892
2018-07-24 10:00:00,0.9192,58.559999999999995,12.533333333333333,5.957333333333334,77.05066666666667,,24.076888888888888
2018-07-24 10:15:00,0.9178,61.04866666666667,12.229333333333333,6.0633333333333335,79.34133333333334,,24.05011111111111
2018-07-24 10:30:00,0.9248666666666666,61.04266666666667,12.371333333333332,6.206666666666666,79.62066666666666,,23.875
2018-07-24 10:45:00,0.9116666666666667,63.596000000000004,12.316666666666666,5.8533333333333335,81.766,,23.91488888888889
2018-07-24 11:00:00,0.9199333333333333,52.92066666666666,12.548666666666666,5.784000000000001,71.25333333333333,,23.90822222222222
2018-07-24 11:15:00,0.9075333333333333,60.57333333333334,12.292666666666666,5.794,78.66000000000001,,24.221333333333334
2018-07-24 11:30:00,0.9082000000000001,61.67733333333333,12.507333333333332,5.593333333333334,79.778,,23.731555555555556
2018-07-24 11:45:00,0.9026,0.15733333333333335,12.533333333333333,5.884666666666666,18.575333333333333,,24.31077777777778
2018-07-24 12:00:00,0.8793333333333333,0.0,11.865333333333332,5.6593333333333335,17.52466666666667,,25.788333333333334
2018-07-24 12:15:00,0.7957333333333333,0.0,10.911333333333333,4.948666666666667,15.859999999999998,,26.71211111111111
2018-07-24 12:30:00,0.7754666666666666,0.0,11.096666666666666,5.101333333333334,16.198,,27.204166666666666
2018-07-24 12:45:00,0.7848,0.7533333333333334,10.870666666666667,4.771333333333334,16.395333333333333,,27.703611111111112
2018-07-24 13:00:00,0.8808,84.74600000000001,12.394,5.160666666666667,102.30066666666667,,26.69211111111111
2018-07-24 13:15:00,0.9004,80.15066666666667,12.751333333333333,5.191999999999999,98.09400000000001,,24.049055555555558
2018-07-24 13:30:00,0.9122,63.41266666666666,13.004,6.044,82.46066666666667,,23.125666666666667
2018-07-24 13:45:00,0.9722000000000001,59.97,12.780666666666667,6.792,79.54266666666666,,23.291166666666665
2018-07-24 14:00:00,0.9738,60.71133333333333,12.926,6.569999999999999,80.20733333333334,,23.5275
2018-07-24 14:15:00,0.9282666666666667,60.83866666666667,12.701333333333334,5.889333333333334,79.42933333333333,,23.284
2018-07-24 14:30:00,0.958,66.25933333333333,13.018666666666666,6.092666666666667,85.37066666666666,,23.212833333333332
2018-07-24 14:45:00,0.9679333333333333,63.86866666666666,13.276666666666667,6.0280000000000005,83.17333333333333,,23.113
2018-07-24 15:00:00,0.9384666666666667,52.02866666666667,13.167333333333334,6.062666666666668,71.25866666666667,,23.19027777777778
2018-07-24 15:15:00,0.9482666666666667,62.05333333333333,12.972666666666667,5.9606666666666674,80.98666666666666,,23.44661111111111
2018-07-24 15:30:00,0.9403333333333334,63.06266666666667,13.138666666666667,6.161333333333333,82.36266666666667,,23.134833333333333
2018-07-24 15:45:00,0.9628,64.58333333333333,12.994,6.198666666666666,83.776,,23.117833333333333
2018-07-24 16:00:00,0.9878,55.242666666666665,13.357333333333333,6.371333333333333,74.97133333333333,,23.039555555555555
2018-07-24 16:15:00,0.9801333333333333,57.372,13.536666666666665,6.009333333333333,76.91799999999999,,23.15522222222222
2018-07-24 16:30:00,0.8978666666666667,1.182,13.162,5.355333333333333,19.699333333333335,,23.875444444444444
2018-07-24 16:45:00,0.9396666666666668,0.0,13.378666666666668,5.348666666666666,18.72733333333333,,25.598666666666666
2018-07-24 17:00:00,0.8593333333333334,0.0,12.594666666666665,4.531333333333333,17.125999999999998,,26.477500000000003
2018-07-24 17:15:00,0.739,0.0,11.200666666666667,3.523333333333333,14.724,,26.89161111111111
2018-07-24 17:30:00,0.6774666666666668,0.0,10.742666666666668,2.763333333333333,13.506,,27.014222222222223
2018-07-24 17:45:00,0.6373333333333334,0.0,10.278666666666668,2.4233333333333333,12.702,,27.280166666666666
2018-07-24 18:00:00,0.6442,0.0,10.084000000000001,2.755333333333333,12.839333333333334,,27.45211111111111
2018-07-24 18:15:00,0.6310666666666667,0.0,9.883333333333333,2.6933333333333334,12.576666666666666,,27.524055555555556
2018-07-24 18:30:00,0.6147333333333334,0.0,9.624,2.6246666666666667,12.248666666666667,,27.58066666666667
2018-07-24 18:45:00,0.5816666666666667,0.0,9.182666666666668,2.4099999999999997,11.592666666666666,,27.806333333333335
2018-07-24 19:00:00,0.5492666666666667,0.0,8.833333333333334,2.119333333333333,10.952666666666666,,27.720833333333335
2018-07-24 19:15:00,0.5539333333333334,0.0,8.937333333333331,2.104,11.041333333333332,,27.7305
2018-07-24 19:30:00,0.5100666666666667,0.0,8.299333333333333,1.8686666666666667,10.168,,27.79511111111111
2018-07-24 19:45:00,0.42366666666666664,0.0,6.597333333333334,1.852,8.449333333333334,,27.704666666666665
2018-07-24 20:00:00,0.4187333333333333,0.0,6.439333333333334,1.9073333333333333,8.346666666666668,,27.5365
2018-07-24 20:15:00,0.4169333333333333,0.0,6.625333333333334,1.6866666666666665,8.312000000000001,,27.539111111111108
2018-07-24 20:30:00,0.30206666666666665,0.0,4.343333333333333,1.6726666666666667,6.016,,27.68038888888889
2018-07-24 20:45:00,0.19193333333333334,0.0,2.102,1.7226666666666668,3.8246666666666664,,27.779166666666665
2018-07-24 21:00:00,0.165,0.0,1.6646666666666665,1.620666666666667,3.2853333333333334,,27.65388888888889
2018-07-24 21:15:00,0.15206666666666668,0.0,1.4766666666666666,1.5546666666666666,3.0313333333333334,,27.623166666666666
2018-07-24 21:30:00,0.11293333333333333,0.0,1.2633333333333334,0.9900000000000001,2.2533333333333334,,27.595222222222223
2018-07-24 21:45:00,0.08253333333333333,0.0,0.7466666666666667,0.8993333333333333,1.6460000000000001,,27.637166666666666
2018-07-24 22:00:00,0.06133333333333334,0.0,0.138,1.0813333333333333,1.2193333333333334,,27.502999999999997
2018-07-24 22:15:00,0.05753333333333333,0.0,0.14133333333333334,1.002,1.1433333333333333,,27.544611111111113
2018-07-24 22:30:00,0.048,0.0,0.060000000000000005,0.894,0.9540000000000001,,27.5535
2018-07-24 22:45:00,0.06173333333333333,0.0,0.17600000000000002,1.0513333333333332,1.2273333333333334,,27.58372222222222
2018-07-24 23:00:00,0.05126666666666667,0.0,0.02266666666666667,0.9973333333333333,1.02,,27.524166666666666
2018-07-24 23:15:00,0.047266666666666665,0.0,0.021333333333333333,0.9173333333333334,0.9386666666666668,,27.358333333333334
2018-07-24 23:30:00,0.05753333333333333,0.0,0.02333333333333333,1.120666666666667,1.144,,27.311833333333333
2018-07-24 23:45:00,0.05106666666666667,0.0,0.02333333333333333,0.9906666666666666,1.014,,27.303166666666666
2018-07-25 00:00:00,0.05633333333333333,0.0,0.178,0.9426666666666667,1.1206666666666665,,27.310333333333336
2018-07-25 00:15:00,0.05106666666666667,0.0,0.02333333333333333,0.9953333333333334,1.0186666666666668,,27.3145
2018-07-25 00:30:00,0.04713333333333333,0.0,0.02266666666666667,0.9153333333333333,0.9380000000000001,,27.239666666666665
2018-07-25 00:45:00,0.0516,0.0,0.022000000000000002,1.0033333333333332,1.0253333333333332,,27.28505555555556
2018-07-25 01:00:00,0.06046666666666667,0.0,0.10733333333333332,1.097333333333333,1.2046666666666668,,27.233888888888888
2018-07-25 01:15:00,0.060333333333333336,0.0,0.20533333333333334,0.9973333333333334,1.2026666666666666,,27.310999999999996
2018-07-25 01:30:00,0.06273333333333334,0.0,0.14266666666666666,1.1059999999999997,1.2486666666666664,,27.308833333333332
2018-07-25 01:45:00,0.05906666666666667,0.0,0.08533333333333333,1.0933333333333333,1.1786666666666668,,27.319111111111113
2018-07-25 02:00:00,0.05213333333333334,0.0,0.025333333333333333,1.0106666666666666,1.036,,27.284277777777778
2018-07-25 02:15:00,0.06186666666666667,0.0,0.17733333333333334,1.0539999999999998,1.2313333333333332,,27.250666666666667
2018-07-25 02:30:00,0.0518,0.0,0.02266666666666667,1.0046666666666666,1.0273333333333332,,27.318
2018-07-25 02:45:00,0.050333333333333334,0.0,0.025333333333333333,0.9773333333333334,1.0026666666666668,,27.315111111111108
2018-07-25 03:00:00,0.05046666666666667,0.0,0.021333333333333333,0.982,1.0033333333333334,,27.242666666666665
2018-07-25 03:15:00,0.051333333333333335,0.0,0.021333333333333333,0.9993333333333333,1.0206666666666666,,27.31866666666667
2018-07-25 03:30:00,0.0608,0.0,0.174,1.0373333333333334,1.2113333333333332,,27.251888888888892
2018-07-25 03:45:00,0.05946666666666667,0.0,0.02333333333333333,1.162,1.1853333333333331,,27.179555555555556
2018-07-25 04:00:00,0.0566,0.0,0.02266666666666667,1.106,1.1286666666666667,,27.36588888888889
2018-07-25 04:15:00,0.050133333333333335,0.0,0.022000000000000002,0.9760000000000001,0.998,,27.366944444444446
2018-07-25 04:30:00,0.049,0.0,0.07400000000000001,0.8986666666666667,0.9726666666666668,,27.361333333333334
2018-07-25 04:45:00,0.056466666666666665,0.0,0.16,0.9646666666666667,1.1246666666666667,,27.362833333333334
2018-07-25 05:00:00,0.0504,0.0,0.021333333333333333,0.9833333333333333,1.0046666666666666,,27.372277777777775
2018-07-25 05:15:00,0.05333333333333334,0.0,0.021333333333333333,1.0413333333333332,1.0626666666666666,,27.377999999999997
2018-07-25 05:30:00,0.06566666666666666,0.0,0.34600000000000003,0.9606666666666667,1.3066666666666669,,27.389666666666663
2018-07-25 05:45:00,0.3494,0.0,4.783333333333333,2.178,6.961333333333333,,27.407444444444444
2018-07-25 06:00:00,0.48160000000000003,0.0,6.918,2.6799999999999997,9.598,,27.505277777777778
2018-07-25 06:15:00,0.3779333333333333,0.0,6.112,1.4233333333333331,7.535333333333333,,27.721166666666665
2018-07-25 06:30:00,0.33526666666666666,0.0,5.224,1.4546666666666668,6.6786666666666665,,27.743666666666666
2018-07-25 06:45:00,0.4155333333333333,0.0,6.6160000000000005,1.6700000000000002,8.286,,27.83083333333333
2018-07-25 07:00:00,0.4352,0.0,6.748,1.9273333333333333,8.675333333333333,,27.821833333333334
2018-07-25 07:15:00,0.5126666666666667,0.0,7.613333333333333,2.604,10.217333333333332,,27.78411111111111
2018-07-25 07:30:00,0.5534666666666667,0.9586666666666667,8.684666666666665,2.3466666666666667,11.99,,27.953555555555557
2018-07-25 07:45:00,0.6977333333333333,83.37599999999999,9.915333333333333,3.9886666666666666,97.28,,27.142555555555553
2018-07-25 08:00:00,0.77,85.46000000000001,11.004666666666667,4.342666666666667,100.80733333333333,,24.514666666666663
2018-07-25 08:15:00,0.8591333333333334,72.536,11.915333333333335,5.206,89.65733333333333,,23.268500000000003
2018-07-25 08:30:00,0.8822666666666666,65.74133333333333,12.008666666666667,5.593999999999999,83.34400000000001,,22.797166666666666
2018-07-25 08:45:00,0.8811333333333333,64.54466666666666,12.024666666666667,5.530666666666666,82.1,,23.116333333333333
2018-07-25 09:00:00,0.9254666666666667,60.802,12.506666666666666,5.938,79.24666666666667,,23.394166666666667
2018-07-25 09:15:00,0.8692,57.65866666666667,13.151333333333334,6.1113333333333335,76.92133333333332,,23.313
2018-07-25 09:30:00,0.9234666666666667,65.538,12.533999999999999,5.869333333333333,83.94133333333333,,23.301222222222222
2018-07-25 09:45:00,0.9417333333333333,64.806,12.831333333333333,5.938666666666666,83.57600000000001,,22.98861111111111
2018-07-25 10:00:00,0.9460666666666667,60.06733333333333,12.797333333333334,6.061999999999999,78.92666666666668,,23.07011111111111
2018-07-25 10:15:00,0.9385333333333333,56.525999999999996,12.808,5.910666666666667,75.24466666666667,,23.132166666666667
2018-07-25 10:30:00,0.9426,58.25933333333333,12.910666666666666,5.874666666666667,77.04466666666667,,23.361777777777778
2018-07-25 10:45:00,0.9607333333333333,65.56133333333334,13.046666666666665,6.111999999999999,84.72,,23.376777777777775
2018-07-25 11:00:00,0.9658,63.18733333333333,13.133999999999999,6.158,82.47933333333334,,23.103944444444444
2018-07-25 11:15:00,0.9485333333333333,59.78733333333333,12.980666666666666,5.926666666666666,78.69466666666666,,23.070333333333334
2018-07-25 11:30:00,0.9512666666666667,55.20733333333333,13.078666666666667,5.882000000000001,74.16799999999999,,23.106166666666663
2018-07-25 11:45:00,0.9744666666666666,1.1773333333333333,13.036666666666667,6.496666666666667,20.71066666666667,,24.093944444444446
2018-07-25 12:00:00,0.8523333333333334,1.032,11.837333333333333,5.148,18.017333333333333,,25.740166666666667
2018-07-25 12:15:00,0.7576666666666667,1.0546666666666666,10.294,4.806,16.154666666666667,,26.645833333333332
2018-07-25 12:30:00,0.7590666666666667,1.1433333333333333,10.215333333333332,4.91,16.268666666666668,,27.166888888888888
2018-07-25 12:45:00,0.7595333333333334,1.2793333333333332,10.831999999999999,4.824,16.935333333333332,,27.410000000000004
2018-07-25 13:00:00,0.8169333333333333,83.166,11.658666666666667,4.623333333333333,99.44800000000001,,26.549444444444443
2018-07-25 13:15:00,0.8718,73.17800000000001,12.542,5.693333333333333,91.41333333333334,,24.263777777777776
2018-07-25 13:30:00,0.8913333333333333,60.84,11.792,5.974,78.60600000000001,,23.67588888888889
2018-07-25 13:45:00,0.8929333333333334,63.772666666666666,12.066,5.728,81.56666666666666,,23.334055555555555
2018-07-25 14:00:00,0.8892666666666666,53.91,12.078000000000001,5.640000000000001,71.628,,23.061833333333333
2018-07-25 14:15:00,0.8656666666666666,57.87533333333333,11.867333333333333,5.3853333333333335,75.128,,23.13188888888889
2018-07-25 14:30:00,0.8828,57.21133333333333,11.934,5.656666666666666,74.80199999999999,,23.192
2018-07-25 14:45:00,0.8674,62.260666666666665,11.986666666666668,5.298,79.54533333333333,,23.011277777777778
2018-07-25 15:00:00,0.8834,62.495333333333335,12.115333333333334,5.488666666666666,80.09933333333333,,22.88061111111111
2018-07-25 15:15:00,0.8764666666666667,58.62466666666667,11.962666666666667,5.5040000000000004,76.09133333333332,,22.77588888888889
2018-07-25 15:30:00,0.8618666666666667,51.507333333333335,11.994,5.582666666666666,69.084,,22.977555555555558
2018-07-25 15:45:00,0.887,53.73133333333333,12.184666666666667,5.492,71.40799999999999,,22.95922222222222
2018-07-25 16:00:00,0.8595333333333334,62.882666666666665,12.498,5.616666666666666,80.99733333333333,,22.819277777777778
2018-07-25 16:15:00,0.9112666666666667,59.316,12.049333333333333,6.110666666666666,77.47600000000001,,22.879
2018-07-25 16:30:00,0.8805999999999999,0.7386666666666668,12.379333333333333,5.1706666666666665,18.288666666666664,,23.467222222222222
2018-07-25 16:45:00,0.8597333333333332,0.0,12.158666666666667,4.9766666666666675,17.13533333333333,,25.18422222222222
2018-07-25 17:00:00,0.7880666666666667,0.0,11.496666666666666,4.206666666666667,15.703333333333331,,26.069666666666667
2018-07-25 17:15:00,0.6082666666666667,0.0,9.498,2.6233333333333335,12.121333333333332,,26.58
2018-07-25 17:30:00,0.5753333333333333,0.0,9.240666666666668,2.219333333333333,11.460000000000003,,26.895611111111112
2018-07-25 17:45:00,0.5660000000000001,0.0,9.142666666666667,2.1413333333333338,11.284,,27.014666666666663
2018-07-25 18:00:00,0.5572666666666667,0.0,8.822666666666667,2.284,11.106666666666666,,27.141333333333332
2018-07-25 18:15:00,0.4086,0.0,6.239999999999999,1.9,8.139999999999999,,27.130499999999998
2018-07-25 18:30:00,0.4486666666666667,0.0,6.770666666666667,2.1700000000000004,8.940666666666667,,27.215
2018-07-25 18:45:00,0.4284,0.0,6.443333333333333,2.0913333333333335,8.534666666666668,,27.195222222222224
2018-07-25 19:00:00,0.441,0.0,6.842,1.9413333333333331,8.783333333333333,,27.24038888888889
2018-07-25 19:15:00,0.4372666666666667,0.0,6.695333333333334,2.016,8.711333333333332,,27.329666666666665
2018-07-25 19:30:00,0.4052,0.0,6.287333333333334,1.792,8.079333333333333,,27.356166666666663
2018-07-25 19:45:00,0.42879999999999996,0.0,6.488,2.0580000000000003,8.546,,27.372833333333336
2018-07-25 20:00:00,0.38693333333333335,0.0,5.756,1.9566666666666668,7.712666666666666,,27.70138888888889
2018-07-25 20:15:00,0.2946666666666667,0.0,4.118666666666667,1.7533333333333334,5.872,,27.42827777777778
2018-07-25 20:30:00,0.2747333333333334,0.0,3.8433333333333333,1.6346666666666667,5.478,,27.31877777777778
2018-07-25 20:45:00,0.22446666666666668,0.0,3.03,1.446,4.476,,27.426611111111114
2018-07-25 21:00:00,0.10053333333333334,0.0,0.9433333333333334,1.0606666666666666,2.004,,27.32783333333333
2018-07-25 21:15:00,0.052533333333333335,0.0,0.02333333333333333,1.0219999999999998,1.0453333333333332,,27.207833333333333
2018-07-25 21:30:00,0.06486666666666667,0.0,0.2833333333333333,1.01,1.2933333333333332,,27.153166666666667
2018-07-25 21:45:00,0.0574,0.0,0.14200000000000002,1.0000000000000002,1.1420000000000001,,27.142999999999997
2018-07-25 22:00:00,0.05326666666666667,0.0,0.11800000000000002,0.9433333333333334,1.0613333333333335,,27.122
2018-07-25 22:15:00,0.05006666666666667,0.0,0.021333333333333333,0.9720000000000001,0.9933333333333334,,27.123888888888885
2018-07-25 22:30:00,0.05733333333333333,0.0,0.10666666666666667,1.0346666666666666,1.1413333333333333,,27.09466666666667
2018-07-25 22:45:00,0.0624,0.0,0.09066666666666667,1.1520000000000001,1.2426666666666668,,27.085833333333333
2018-07-25 23:00:00,0.056133333333333334,0.0,0.02266666666666667,1.0959999999999999,1.1186666666666665,,27.1165
2018-07-25 23:15:00,0.053933333333333326,0.0,0.021333333333333333,1.0546666666666664,1.0759999999999998,,27.120555555555555
2018-07-25 23:30:00,0.050866666666666664,0.0,0.02333333333333333,0.99,1.0133333333333332,,27.087833333333332
2018-07-25 23:45:00,0.05686666666666666,0.0,0.17733333333333334,0.9573333333333334,1.1346666666666667,,27.093666666666664
2018-07-26 00:00:00,0.04926666666666667,0.0,0.022000000000000002,0.9600000000000001,0.9820000000000001,,27.092666666666666
2018-07-26 00:15:00,0.05566666666666666,0.0,0.024666666666666667,1.0833333333333333,1.1079999999999999,,27.047055555555556
2018-07-26 00:30:00,0.0506,0.0,0.022000000000000002,0.9853333333333333,1.0073333333333332,,27.105666666666664
2018-07-26 00:45:00,0.04933333333333333,0.0,0.02333333333333333,0.9586666666666667,0.9820000000000001,,27.01677777777778
2018-07-26 01:00:00,0.060866666666666666,0.0,0.18133333333333332,1.0319999999999998,1.2133333333333334,,27.035944444444446
2018-07-26 01:15:00,0.054066666666666666,0.0,0.022000000000000002,1.0546666666666666,1.0766666666666667,,27.09916666666667
2018-07-26 01:30:00,0.056,0.0,0.024666666666666667,1.089333333333333,1.1139999999999999,,27.112833333333334
2018-07-26 01:45:00,0.059133333333333336,0.0,0.10800000000000001,1.0693333333333332,1.1773333333333333,,27.023555555555554
2018-07-26 02:00:00,0.051533333333333334,0.0,0.14,0.886,1.026,,27.096944444444443
2018-07-26 02:15:00,0.059333333333333335,0.0,0.2793333333333334,0.9026666666666667,1.182,,27.046499999999998
2018-07-26 02:30:00,0.0494,0.0,0.022000000000000002,0.9613333333333335,0.9833333333333335,,27.022666666666666
2018-07-26 02:45:00,0.0492,0.0,0.022000000000000002,0.9593333333333334,0.9813333333333334,,27.06688888888889
2018-07-26 03:00:00,0.05026666666666667,0.0,0.02266666666666667,0.9753333333333334,0.998,,26.991611111111112
2018-07-26 03:15:00,0.05533333333333333,0.0,0.032,1.0693333333333332,1.1013333333333333,,27.14466666666667
2018-07-26 03:30:00,0.06126666666666667,0.0,0.1686666666666667,1.0513333333333332,1.2199999999999998,,27.108166666666666
2018-07-26 03:45:00,0.051133333333333336,0.0,0.024,0.9933333333333334,1.0173333333333334,,27.119444444444444
2018-07-26 04:00:00,0.04926666666666667,0.0,0.021333333333333333,0.9593333333333333,0.9806666666666666,,27.05811111111111
2018-07-26 04:15:00,0.054200000000000005,0.0,0.07533333333333334,1.0033333333333332,1.0786666666666667,,27.15522222222222
2018-07-26 04:30:00,0.058333333333333334,0.0,0.1713333333333333,0.9913333333333334,1.1626666666666667,,27.194166666666668
2018-07-26 04:45:00,0.05346666666666667,0.0,0.022000000000000002,1.0419999999999998,1.0639999999999998,,27.141444444444446
2018-07-26 05:00:00,0.049133333333333334,0.0,0.02266666666666667,0.9560000000000001,0.9786666666666668,,27.160555555555558
2018-07-26 05:15:00,0.060000000000000005,0.0,0.24066666666666667,0.9560000000000001,1.1966666666666668,,27.151277777777775
2018-07-26 05:30:00,0.35686666666666667,0.0,4.951333333333333,2.1626666666666665,7.114,,27.13222222222222
2018-07-26 05:45:00,0.3736,0.0,5.171333333333333,2.2746666666666666,7.446,,27.17777777777778
2018-07-26 06:00:00,0.427,0.0,5.991333333333333,2.516,8.507333333333333,,27.299500000000002
2018-07-26 06:15:00,0.441,0.0,6.812,1.974,8.786,,27.3625
2018-07-26 06:30:00,0.433,0.0,6.929333333333333,1.7020000000000002,8.631333333333334,,27.323833333333333
2018-07-26 06:45:00,0.4659333333333333,0.0,7.325333333333333,1.9586666666666666,9.283999999999999,,27.410333333333334
2018-07-26 07:00:00,0.4423333333333333,0.0,7.208666666666667,1.6039999999999999,8.812666666666667,,27.497944444444443
2018-07-26 07:15:00,0.4562666666666667,0.0,7.462000000000001,1.6286666666666667,9.090666666666667,,27.5695
2018-07-26 07:30:00,0.4852666666666667,0.9393333333333334,7.803999999999999,1.8646666666666667,10.608,,27.68738888888889
2018-07-26 07:45:00,0.5823333333333333,80.96466666666667,8.964666666666666,2.64,92.56933333333333,,26.811666666666667
2018-07-26 08:00:00,0.7160666666666666,74.74533333333333,9.843333333333334,4.431333333333333,89.02,,24.215500000000002
2018-07-26 08:15:00,0.7838666666666667,64.254,10.868,4.751333333333333,79.87333333333332,,23.064055555555555
2018-07-26 08:30:00,0.8124,64.06866666666666,11.339333333333334,4.8533333333333335,80.26133333333334,,23.128888888888888
2018-07-26 08:45:00,0.8178666666666666,60.172000000000004,11.291333333333334,5.011333333333334,76.47466666666666,,23.04711111111111
2018-07-26 09:00:00,0.8425999999999999,59.46333333333334,11.608,5.182,76.25333333333333,,23.15666666666667
2018-07-26 09:15:00,0.9030666666666666,64.25733333333334,12.058666666666666,5.937333333333333,82.25333333333333,,23.029222222222224
2018-07-26 09:30:00,0.8936,56.494,12.269333333333332,5.539333333333333,74.30266666666667,,22.947388888888888
2018-07-26 09:45:00,0.9164666666666667,53.28066666666667,12.428666666666667,5.835333333333334,71.54466666666667,,23.124277777777777
2018-07-26 10:00:00,0.9498666666666666,63.01266666666667,13.344666666666665,5.757333333333333,82.11466666666666,,23.314500000000002
2018-07-26 10:15:00,0.9671333333333333,59.56333333333334,13.503333333333332,5.941333333333334,79.008,,23.092444444444443
2018-07-26 10:30:00,0.9554666666666666,62.01199999999999,13.120666666666667,5.955333333333333,81.088,,23.035722222222223
2018-07-26 10:45:00,0.9521333333333334,53.43066666666667,13.286,5.87,72.58666666666666,,23.094944444444444
2018-07-26 11:00:00,0.9398,60.943999999999996,12.894666666666666,5.838666666666667,79.67733333333332,,23.312722222222224
2018-07-26 11:15:00,0.9446666666666667,60.63866666666666,12.9,6.012666666666666,79.55133333333333,,23.148500000000002
2018-07-26 11:30:00,0.922,59.913333333333334,12.658,5.718,78.28933333333333,,23.035
2018-07-26 11:45:00,0.9203333333333333,0.23866666666666667,12.766666666666667,5.576,18.58133333333333,,23.907611111111112
2018-07-26 12:00:00,0.8266666666666667,0.0,12.245333333333333,5.132666666666666,17.378,,25.608555555555554
2018-07-26 12:15:00,0.7772666666666667,0.0,10.67,4.966666666666667,15.636666666666667,,26.4865
2018-07-26 12:30:00,0.7525333333333334,0.0,10.248,4.748,14.996,,26.916
2018-07-26 12:45:00,0.7792,0.7066666666666667,10.144,5.3853333333333335,16.236,,27.240000000000002
2018-07-26 13:00:00,0.8292,78.79266666666668,10.946,5.5793333333333335,95.318,,26.372833333333336
2018-07-26 13:15:00,0.8922,72.04199999999999,12.503333333333332,5.643333333333333,90.18866666666666,,23.833166666666667
2018-07-26 13:30:00,0.8908,60.4,12.262,5.4913333333333325,78.15333333333334,,23.096999999999998
2018-07-26 13:45:00,0.9253333333333333,60.236,13.435333333333334,5.988666666666666,79.66000000000001,,23.267833333333332
2018-07-26 14:00:00,0.9510000000000001,54.547333333333334,12.866000000000001,6.099333333333333,73.51266666666668,,23.358333333333334
2018-07-26 14:15:00,0.9756,60.391333333333336,13.136000000000001,6.322000000000001,79.84933333333333,,23.35811111111111
2018-07-26 14:30:00,0.9553333333333334,62.12866666666666,12.817333333333334,6.228,81.17399999999999,,23.121
2018-07-26 14:45:00,0.9464666666666666,58.178,12.998,5.970000000000001,77.146,,22.965
2018-07-26 15:00:00,0.9230666666666667,50.126666666666665,13.42,6.069333333333333,69.616,,23.049555555555557
2018-07-26 15:15:00,0.9106,60.592,13.712666666666667,6.131333333333333,80.43599999999999,,23.220666666666666
2018-07-26 15:30:00,0.9597333333333332,63.501333333333335,12.981333333333334,6.147333333333333,82.63000000000001,,23.07672222222222
2018-07-26 15:45:00,0.9491333333333334,59.61866666666666,12.981333333333334,5.9366666666666665,78.53666666666666,,22.905500000000004
2018-07-26 16:00:00,0.9453333333333334,53.05533333333334,12.904666666666666,5.938000000000001,71.898,,23.017666666666667
2018-07-26 16:15:00,0.9564,63.85,13.444666666666667,6.201333333333334,83.49600000000001,,23.110666666666663
2018-07-26 16:30:00,0.9486,1.1280000000000001,13.162666666666667,5.745333333333333,20.036,,23.572166666666664
2018-07-26 16:45:00,0.9324666666666667,0.0,13.122000000000002,5.464,18.586000000000002,,25.2425
2018-07-26 17:00:00,0.8564666666666666,0.0,12.194666666666667,4.8726666666666665,17.067333333333334,,26.154666666666667
2018-07-26 17:15:00,0.7292000000000001,0.0,11.272666666666664,3.26,14.532666666666666,,26.68738888888889
2018-07-26 17:30:00,0.6442,0.0,10.434,2.4046666666666665,12.838666666666667,,26.940944444444444
2018-07-26 17:45:00,0.6204666666666667,0.0,9.893333333333334,2.4733333333333336,12.366666666666667,,27.1495
2018-07-26 18:00:00,0.6077333333333333,0.0,9.693999999999999,2.4139999999999997,12.108,,27.23927777777778
2018-07-26 18:15:00,0.5887999999999999,0.0,9.458666666666666,2.272,11.730666666666668,,27.26911111111111
2018-07-26 18:30:00,0.5696,0.0,9.043333333333333,2.3059999999999996,11.349333333333334,,27.23966666666667
2018-07-26 18:45:00,0.5025333333333334,0.0,8.188666666666666,1.8266666666666667,10.015333333333333,,27.41
2018-07-26 19:00:00,0.41806666666666664,0.0,6.672000000000001,1.6653333333333333,8.337333333333333,,27.341833333333334
2018-07-26 19:15:00,0.42293333333333333,0.0,6.718,1.7146666666666666,8.432666666666666,,27.420444444444446
2018-07-26 19:30:00,0.4075333333333333,0.0,6.557333333333333,1.5693333333333332,8.126666666666667,,27.46516666666667
2018-07-26 19:45:00,0.3909333333333333,0.0,6.206666666666667,1.5873333333333335,7.7940000000000005,,27.39816666666667
2018-07-26 20:00:00,0.38453333333333334,0.0,6.098,1.5673333333333332,7.665333333333334,,27.38
2018-07-26 20:15:00,0.39640000000000003,0.0,6.322666666666667,1.5806666666666664,7.903333333333333,,27.39788888888889
2018-07-26 20:30:00,0.4016,0.0,6.469333333333334,1.5366666666666664,8.006,,27.36116666666667
2018-07-26 20:45:00,0.2878666666666667,0.0,4.241333333333333,1.4966666666666666,5.7379999999999995,,27.339
2018-07-26 21:00:00,0.2743333333333334,0.0,4.102,1.3693333333333333,5.471333333333333,,27.32038888888889
2018-07-26 21:15:00,0.2064,0.0,2.8146666666666667,1.2933333333333334,4.108,,27.260499999999997
2018-07-26 21:30:00,0.16360000000000002,0.0,1.9713333333333332,1.284,3.255333333333333,,27.23033333333333
2018-07-26 21:45:00,0.18233333333333332,0.0,2.304666666666667,1.3253333333333335,3.6300000000000003,,27.203666666666667
2018-07-26 22:00:00,0.16713333333333333,0.0,2.0146666666666664,1.312,3.3266666666666667,,27.171
2018-07-26 22:15:00,0.16473333333333334,0.0,1.9133333333333333,1.364666666666667,3.278,,27.18761111111111
2018-07-26 22:30:00,0.16060000000000002,0.0,1.8686666666666665,1.3273333333333335,3.1959999999999997,,27.155444444444445
2018-07-26 22:45:00,0.14959999999999998,0.0,1.7959999999999998,1.1813333333333336,2.977333333333333,,27.160500000000003
2018-07-26 23:00:00,0.06960000000000001,0.0,0.43333333333333335,0.9553333333333333,1.3886666666666665,,27.118555555555556
2018-07-26 23:15:00,0.053799999999999994,0.0,0.02266666666666667,1.0499999999999998,1.0726666666666667,,27.140222222222224
2018-07-26 23:30:00,0.05386666666666667,0.0,0.024,1.0466666666666666,1.0706666666666667,,27.09333333333333
2018-07-26 23:45:00,0.06653333333333333,0.0,0.268,1.058,1.326,,27.091
2018-07-27 00:00:00,0.049133333333333334,0.0,0.021333333333333333,0.958,0.9793333333333333,,27.04727777777778
2018-07-27 00:15:00,0.04673333333333333,0.0,0.02266666666666667,0.9053333333333333,0.928,,27.063166666666667
2018-07-27 00:30:00,0.045399999999999996,0.0,0.02333333333333333,0.88,0.9033333333333334,,27.063166666666667
2018-07-27 00:45:00,0.0594,0.0,0.25,0.9326666666666666,1.1826666666666665,,27.0705
2018-07-27 01:00:00,0.062000000000000006,0.0,0.13933333333333336,1.0959999999999999,1.2353333333333334,,27.052611111111112
2018-07-27 01:15:00,0.06466666666666666,0.0,0.14133333333333334,1.1466666666666667,1.288,,27.081166666666665
2018-07-27 01:30:00,0.055266666666666665,0.0,0.027333333333333334,1.0713333333333332,1.0986666666666667,,27.12355555555556
2018-07-27 01:45:00,0.061000000000000006,0.0,0.1753333333333333,1.0426666666666666,1.218,,27.09338888888889
2018-07-27 02:00:00,0.04533333333333333,0.0,0.02266666666666667,0.8806666666666667,0.9033333333333334,,27.079833333333333
2018-07-27 02:15:00,0.04526666666666666,0.0,0.02266666666666667,0.8753333333333334,0.898,,27.06844444444444
2018-07-27 02:30:00,0.0514,0.0,0.02,1.0026666666666666,1.0226666666666666,,27.074666666666666
2018-07-27 02:45:00,0.053200000000000004,0.0,0.022000000000000002,1.0373333333333332,1.0593333333333335,,27.0855
2018-07-27 03:00:00,0.05733333333333333,0.0,0.18266666666666667,0.9586666666666666,1.1413333333333333,,27.08
2018-07-27 03:15:00,0.049466666666666666,0.0,0.02266666666666667,0.9626666666666667,0.9853333333333333,,27.115
2018-07-27 03:30:00,0.0534,0.0,0.02333333333333333,1.0386666666666666,1.062,,27.110555555555553
2018-07-27 03:45:00,0.04906666666666667,0.0,0.021333333333333333,0.956,0.9773333333333334,,27.13555555555556
2018-07-27 04:00:00,0.05266666666666667,0.0,0.022000000000000002,1.026,1.0479999999999998,,27.116666666666667
2018-07-27 04:15:00,0.0634,0.0,0.17933333333333332,1.0859999999999999,1.2653333333333334,,27.110166666666665
2018-07-27 04:30:00,0.05106666666666667,0.0,0.02266666666666667,0.996,1.0186666666666666,,27.112166666666667
2018-07-27 04:45:00,0.048799999999999996,0.0,0.020666666666666667,0.952,0.9726666666666667,,27.11866666666667
2018-07-27 05:00:00,0.04886666666666666,0.0,0.022000000000000002,0.952,0.974,,27.124333333333333
2018-07-27 05:15:00,0.0504,0.0,0.132,0.8726666666666667,1.0046666666666666,,27.1215
2018-07-27 05:30:00,0.05413333333333334,0.0,0.178,0.9006666666666666,1.0786666666666667,,27.123333333333335
2018-07-27 05:45:00,0.056666666666666664,0.0,0.12400000000000001,1.004,1.128,,27.104111111111113
2018-07-27 06:00:00,0.0584,0.0,0.08333333333333333,1.0806666666666667,1.1640000000000001,,27.126
2018-07-27 06:15:00,0.053933333333333326,0.0,0.022000000000000002,1.0526666666666666,1.0746666666666667,,27.127499999999998
2018-07-27 06:30:00,0.0614,0.0,0.17733333333333334,1.0459999999999998,1.2233333333333332,,27.146166666666666
2018-07-27 06:45:00,0.0502,0.0,0.02266666666666667,0.978,1.0006666666666666,,27.098166666666668
2018-07-27 07:00:00,0.047466666666666664,0.0,0.024,0.92,0.9440000000000001,,27.211722222222225
2018-07-27 07:15:00,0.04953333333333333,0.0,0.024,0.9633333333333333,0.9873333333333334,,27.177833333333336
2018-07-27 07:30:00,0.04933333333333333,1.0306666666666666,0.02266666666666667,0.958,2.0113333333333334,,27.175833333333333
2018-07-27 07:45:00,0.08133333333333333,78.24933333333334,0.6346666666666666,0.9833333333333333,79.86733333333333,,26.394833333333334
2018-07-27 08:00:00,0.16699999999999998,69.58466666666666,2.2539999999999996,1.0706666666666667,72.90933333333332,,23.784277777777778
2018-07-27 08:15:00,0.1312,9.765333333333334,1.5433333333333334,1.0753333333333333,12.383999999999999,,23.398166666666665
2018-07-27 08:30:00,0.13713333333333333,0.0,1.5333333333333334,1.204,2.737333333333333,,24.98888888888889
2018-07-27 08:45:00,0.1436666666666667,0.0,1.6566666666666665,1.2093333333333334,2.8659999999999997,,25.857944444444446
2018-07-27 09:00:00,0.12586666666666665,0.0,1.4060000000000001,1.1039999999999999,2.51,,26.465722222222222
2018-07-27 09:15:00,0.13206666666666667,0.0,1.5799999999999998,1.0573333333333332,2.6373333333333333,,26.758
2018-07-27 09:30:00,0.21846666666666667,0.32,2.4620000000000006,1.8913333333333333,4.673333333333333,,26.923333333333336
2018-07-27 09:45:00,0.1988,0.49133333333333334,2.751333333333333,1.2086666666666666,4.451333333333333,,27.035500000000003
2018-07-27 10:00:00,0.2038,0.0,2.8233333333333333,1.24,4.0633333333333335,,27.157055555555555
2018-07-27 10:15:00,0.20073333333333335,0.0,2.7113333333333336,1.2899999999999998,4.001333333333333,,27.37
2018-07-27 10:30:00,0.19693333333333335,0.0,2.7086666666666663,1.214,3.9226666666666663,,27.496333333333332
2018-07-27 10:45:00,0.18473333333333336,0.0,2.401333333333333,1.2786666666666666,3.6799999999999997,,27.520111111111113
2018-07-27 11:00:00,0.21413333333333334,0.0,2.8546666666666667,1.412,4.266666666666667,,27.862000000000002
2018-07-27 11:15:00,0.2000666666666667,0.0,2.7060000000000004,1.278,3.9840000000000004,,28.116111111111113
2018-07-27 11:30:00,0.2014,0.0,2.770666666666666,1.2446666666666666,4.015333333333333,,27.683
2018-07-27 11:45:00,0.2056,0.0,2.8186666666666667,1.2793333333333334,4.098,,27.747333333333334
2018-07-27 12:00:00,0.1996666666666667,0.0,2.7953333333333332,1.184,3.9793333333333334,,27.80677777777778
2018-07-27 12:15:00,0.20273333333333332,0.0,2.8560000000000003,1.1846666666666665,4.040666666666667,,27.904888888888888
2018-07-27 12:30:00,0.19633333333333336,0.0,2.7293333333333334,1.1806666666666668,3.9099999999999997,,27.988666666666667
2018-07-27 12:45:00,0.19913333333333333,0.0,2.692,1.2779999999999998,3.9699999999999998,,28.06683333333333
2018-07-27 13:00:00,0.19753333333333334,0.0,2.716666666666667,1.2186666666666668,3.9353333333333333,,28.145944444444446
2018-07-27 13:15:00,0.21213333333333334,0.0,2.868666666666667,1.3579999999999999,4.226666666666667,,28.115833333333335
2018-07-27 13:30:00,0.19640000000000002,0.0,2.7146666666666666,1.1973333333333334,3.912,,28.175444444444445
2018-07-27 13:45:00,0.19993333333333335,0.0,2.6873333333333336,1.2966666666666669,3.9840000000000004,,28.241833333333332
2018-07-27 14:00:00,0.20333333333333334,0.0,2.719333333333333,1.3293333333333333,4.048666666666667,,28.241666666666667
2018-07-27 14:15:00,0.2034,0.0,2.8453333333333335,1.2073333333333334,4.052666666666666,,28.21033333333333
2018-07-27 14:30:00,0.2046,0.0,2.7333333333333334,1.3419999999999999,4.075333333333334,,28.319333333333336
2018-07-27 14:45:00,0.2,0.4966666666666667,2.6886666666666668,1.2973333333333334,4.482666666666666,,28.425722222222223
2018-07-27 15:00:00,0.18733333333333332,0.9466666666666667,2.546,1.186,4.6786666666666665,,28.302833333333336
2018-07-27 15:15:00,0.19133333333333333,0.8293333333333333,2.5233333333333334,1.2873333333333332,4.64,,28.275
2018-07-27 15:30:00,0.18946666666666667,0.0,2.6933333333333334,1.0813333333333333,3.7746666666666666,,28.31361111111111
2018-07-27 15:45:00,0.1766,0.0,2.3946666666666663,1.1213333333333333,3.516,,28.285666666666668
2018-07-27 16:00:00,0.18686666666666665,0.0,2.491333333333333,1.2306666666666668,3.722,,28.210444444444445
2018-07-27 16:15:00,0.19093333333333332,0.0,2.4979999999999998,1.3046666666666666,3.8026666666666666,,28.165555555555557
2018-07-27 16:30:00,0.19826666666666667,0.0,2.7566666666666664,1.194,3.9506666666666663,,28.203833333333332
2018-07-27 16:45:00,0.18673333333333333,0.0,2.5926666666666667,1.1253333333333333,3.7180000000000004,,28.169333333333334
2018-07-27 17:00:00,0.1560666666666667,0.0,2.0673333333333335,1.044,3.1113333333333335,,28.1785
2018-07-27 17:15:00,0.059133333333333336,0.0,0.22133333333333333,0.958,1.1793333333333331,,28.184
2018-07-27 17:30:00,0.0576,0.0,0.21933333333333332,0.926,1.1453333333333333,,28.154333333333334
2018-07-27 17:45:00,0.06473333333333334,0.0,0.38,0.9093333333333332,1.2893333333333332,,28.028444444444446
2018-07-27 18:00:00,0.058866666666666664,0.0,0.22133333333333333,0.9513333333333333,1.1726666666666667,,28.063166666666667
2018-07-27 18:15:00,0.07246666666666667,0.0,0.38666666666666666,1.0573333333333332,1.444,,28.027
2018-07-27 18:30:00,0.06366666666666668,0.0,0.21933333333333332,1.0493333333333335,1.2686666666666668,,28.004833333333334
2018-07-27 18:45:00,0.0644,0.0,0.22066666666666668,1.0646666666666667,1.2853333333333332,,27.98166666666667
2018-07-27 19:00:00,0.07633333333333334,0.0,0.37733333333333335,1.1426666666666667,1.5199999999999998,,27.924555555555557
2018-07-27 19:15:00,0.06473333333333334,0.0,0.22133333333333333,1.0693333333333332,1.2906666666666666,,27.915222222222223
2018-07-27 19:30:00,0.06046666666666667,0.0,0.224,0.9793333333333334,1.2033333333333334,,27.913999999999998
2018-07-27 19:45:00,0.06113333333333334,0.0,0.222,0.998,1.22,,27.89966666666667
2018-07-27 20:00:00,0.06193333333333333,0.0,0.25533333333333336,0.9773333333333334,1.2326666666666666,,27.892833333333332
2018-07-27 20:15:00,0.0674,0.0,0.35,0.994,1.344,,27.828166666666668
2018-07-27 20:30:00,0.0702,0.0,0.33066666666666666,1.068,1.3986666666666667,,27.8855
2018-07-27 20:45:00,0.07126666666666666,0.0,0.33,1.0913333333333335,1.4213333333333333,,27.90266666666667
2018-07-27 21:00:00,0.06913333333333332,0.0,0.27799999999999997,1.1,1.3780000000000001,,27.894
2018-07-27 21:15:00,0.06926666666666666,0.0,0.322,1.0573333333333332,1.379333333333333,,27.906
2018-07-27 21:30:00,0.06666666666666667,0.0,0.2773333333333333,1.0499999999999998,1.327333333333333,,27.906999999999996
2018-07-27 21:45:00,0.060733333333333334,0.0,0.21866666666666668,0.988,1.2066666666666666,,27.899833333333333
2018-07-27 22:00:00,0.06373333333333334,0.0,0.224,1.046,1.27,,27.892
2018-07-27 22:15:00,0.05806666666666667,0.0,0.26333333333333336,0.8906666666666666,1.154,,27.86538888888889
2018-07-27 22:30:00,0.05653333333333333,0.0,0.24733333333333332,0.8793333333333333,1.1266666666666665,,27.868166666666664
2018-07-27 22:45:00,0.05553333333333333,0.0,0.14133333333333334,0.9646666666666666,1.106,,27.8655
2018-07-27 23:00:00,0.05533333333333333,0.0,0.11400000000000002,0.9866666666666667,1.1006666666666665,,27.868333333333332
2018-07-27 23:15:00,0.0552,0.0,0.02266666666666667,1.0753333333333333,1.0979999999999999,,27.864666666666665
2018-07-27 23:30:00,0.06406666666666666,0.0,0.10133333333333333,1.1766666666666665,1.278,,27.845055555555557
2018-07-27 23:45:00,0.057466666666666666,0.0,0.09533333333333333,1.0506666666666666,1.1460000000000001,,27.828388888888885
2018-07-28 00:00:00,0.0492,0.0,0.02333333333333333,0.9546666666666667,0.978,,27.85533333333333
2018-07-28 00:15:00,0.04586666666666666,0.0,0.021333333333333333,0.8913333333333333,0.9126666666666666,,27.852500000000003
2018-07-28 00:30:00,0.04953333333333333,0.0,0.022000000000000002,0.9626666666666667,0.9846666666666667,,27.848000000000003
2018-07-28 00:45:00,0.059000000000000004,0.0,0.17466666666666666,1.002,1.1766666666666665,,27.845833333333335
2018-07-28 01:00:00,0.053533333333333336,0.0,0.02266666666666667,1.0433333333333332,1.066,,27.842666666666666
2018-07-28 01:15:00,0.04973333333333333,0.0,0.02266666666666667,0.9673333333333333,0.99,,27.874166666666667
2018-07-28 01:30:00,0.05246666666666667,0.0,0.07733333333333334,0.968,1.0453333333333332,,27.8265
2018-07-28 01:45:00,0.06653333333333333,0.0,0.3293333333333333,0.9953333333333333,1.3246666666666667,,27.84161111111111
2018-07-28 02:00:00,0.056466666666666665,0.0,0.14200000000000002,0.9846666666666667,1.1266666666666667,,27.797888888888888
2018-07-28 02:15:00,0.056,0.0,0.034666666666666665,1.0826666666666667,1.1173333333333333,,27.806166666666666
2018-07-28 02:30:00,0.05706666666666667,0.0,0.02266666666666667,1.1146666666666667,1.1373333333333333,,27.807333333333336
2018-07-28 02:45:00,0.051133333333333336,0.0,0.02333333333333333,0.994,1.0173333333333334,,27.80677777777778
2018-07-28 03:00:00,0.0576,0.0,0.17666666666666667,0.9706666666666666,1.1473333333333333,,27.805166666666665
2018-07-28 03:15:00,0.05006666666666667,0.0,0.02333333333333333,0.974,0.9973333333333334,,27.799277777777778
2018-07-28 03:30:00,0.0472,0.0,0.021333333333333333,0.9173333333333333,0.9386666666666666,,27.814833333333336
2018-07-28 03:45:00,0.0482,0.0,0.022000000000000002,0.9373333333333334,0.9593333333333334,,27.799833333333332
2018-07-28 04:00:00,0.058333333333333334,0.0,0.17200000000000001,0.9893333333333333,1.1613333333333336,,27.819333333333336
2018-07-28 04:15:00,0.05486666666666666,0.0,0.021333333333333333,1.0706666666666667,1.0919999999999999,,27.8195
2018-07-28 04:30:00,0.055,0.0,0.02266666666666667,1.0713333333333332,1.094,,27.826666666666668
2018-07-28 04:45:00,0.055266666666666665,0.0,0.02333333333333333,1.0726666666666667,1.0959999999999999,,27.7795
2018-07-28 05:00:00,0.0626,0.0,0.17333333333333334,1.0733333333333333,1.2466666666666666,,27.820222222222224
2018-07-28 05:15:00,0.05206666666666667,0.0,0.02266666666666667,1.0113333333333334,1.034,,27.824722222222224
2018-07-28 05:30:00,0.04853333333333333,0.0,0.02266666666666667,0.9433333333333334,0.966,,27.88238888888889
2018-07-28 05:45:00,0.04766666666666666,0.0,0.021333333333333333,0.9266666666666666,0.9480000000000001,,27.850166666666667
2018-07-28 06:00:00,0.0562,0.0,0.12866666666666668,0.9933333333333334,1.122,,27.8525
2018-07-28 06:15:00,0.06306666666666666,0.0,0.2873333333333334,0.968,1.2553333333333332,,27.767666666666667
2018-07-28 06:30:00,0.05293333333333334,0.0,0.08733333333333333,0.9653333333333334,1.0526666666666666,,27.863
2018-07-28 06:45:00,0.058666666666666666,0.0,0.02266666666666667,1.1473333333333333,1.1700000000000002,,27.877333333333333
2018-07-28 07:00:00,0.057866666666666663,0.0,0.02333333333333333,1.128,1.1513333333333333,,27.92866666666667
2018-07-28 07:15:00,0.062400000000000004,0.0,0.18000000000000002,1.0626666666666664,1.2426666666666668,,27.95911111111111
2018-07-28 07:30:00,0.055466666666666664,0.0,0.022000000000000002,1.0826666666666667,1.1046666666666665,,27.928333333333335
2018-07-28 07:45:00,0.049466666666666666,0.0,0.022000000000000002,0.9633333333333333,0.9853333333333333,,28.048277777777777
2018-07-28 08:00:00,0.0512,0.0,0.02266666666666667,0.9953333333333333,1.018,,28.046666666666667
2018-07-28 08:15:00,0.056133333333333334,0.0,0.024666666666666667,1.0933333333333333,1.1179999999999999,,28.095166666666668
2018-07-28 08:30:00,0.05853333333333333,0.0,0.18333333333333332,0.9826666666666667,1.166,,28.1335
2018-07-28 08:45:00,0.04813333333333334,0.0,0.024,0.932,0.956,,28.162
2018-07-28 09:00:00,0.0498,0.0,0.024666666666666667,0.964,0.9886666666666667,,28.178055555555556
2018-07-28 09:15:00,0.0548,0.0,0.024,1.0666666666666667,1.0906666666666667,,28.262
2018-07-28 09:30:00,0.05593333333333333,0.0,0.025333333333333333,1.088,1.1133333333333333,,28.302500000000002
2018-07-28 09:45:00,0.06666666666666667,0.0,0.178,1.1506666666666667,1.3286666666666667,,28.377111111111113
2018-07-28 10:00:00,0.05413333333333334,0.0,0.025333333333333333,1.052,1.0773333333333333,,28.445
2018-07-28 10:15:00,0.05073333333333333,0.0,0.06133333333333334,0.9480000000000001,1.0093333333333334,,28.457333333333334
2018-07-28 10:30:00,0.0508,0.0,0.13866666666666666,0.8733333333333333,1.012,,28.598888888888887
2018-07-28 10:45:00,0.05593333333333333,0.0,0.1446666666666667,0.97,1.1146666666666667,,28.681666666666665
2018-07-28 11:00:00,0.06113333333333334,0.0,0.22133333333333335,0.9973333333333333,1.2186666666666668,,28.521166666666666
2018-07-28 11:15:00,0.053799999999999994,0.0,0.02666666666666667,1.0453333333333332,1.0719999999999998,,28.564833333333336
2018-07-28 11:30:00,0.05053333333333333,0.0,0.02733333333333333,0.9793333333333333,1.0066666666666666,,28.65238888888889
2018-07-28 11:45:00,0.0538,0.0,0.026666666666666665,1.0453333333333332,1.0719999999999998,,28.896833333333333
2018-07-28 12:00:00,0.054599999999999996,0.0,0.026000000000000002,1.0586666666666666,1.0846666666666667,,28.95238888888889
2018-07-28 12:15:00,0.0588,0.0,0.18066666666666667,0.9919999999999999,1.1726666666666667,,28.8865
2018-07-28 12:30:00,0.0524,0.0,0.028666666666666667,1.0153333333333334,1.044,,28.944277777777778
2018-07-28 12:45:00,0.05506666666666667,0.0,0.02733333333333333,1.0693333333333332,1.0966666666666667,,28.868
2018-07-28 13:00:00,0.049133333333333334,0.0,0.024666666666666667,0.952,0.9766666666666667,,28.777499999999996
2018-07-28 13:15:00,0.05293333333333334,0.0,0.09400000000000001,0.9606666666666667,1.0546666666666666,,28.753666666666668
2018-07-28 13:30:00,0.05406666666666667,0.0,0.11533333333333333,0.9599999999999999,1.0753333333333333,,28.750666666666667
2018-07-28 13:45:00,0.04906666666666667,0.0,0.021333333333333333,0.958,0.9793333333333333,,28.728166666666663
2018-07-28 14:00:00,0.052533333333333335,0.0,0.02266666666666667,1.0213333333333334,1.044,,28.758222222222223
2018-07-28 14:15:00,0.0542,0.0,0.024666666666666667,1.056,1.0806666666666667,,28.698500000000003
2018-07-28 14:30:00,0.05486666666666666,0.0,0.14133333333333334,0.9513333333333333,1.0926666666666667,,28.7165
2018-07-28 14:45:00,0.056133333333333334,0.0,0.11533333333333333,1.0033333333333332,1.1186666666666667,,28.689833333333336
2018-07-28 15:00:00,0.05999999999999999,0.0,0.13533333333333336,1.0586666666666666,1.1939999999999997,,28.706666666666663
2018-07-28 15:15:00,0.05926666666666667,0.0,0.14266666666666666,1.0373333333333332,1.18,,28.7255
2018-07-28 15:30:00,0.05573333333333333,0.0,0.038,1.0713333333333332,1.1093333333333333,,28.717166666666667
2018-07-28 15:45:00,0.05586666666666666,0.0,0.126,0.986,1.1119999999999999,,28.758666666666667
2018-07-28 16:00:00,0.05206666666666667,0.0,0.07866666666666666,0.9566666666666667,1.0353333333333332,,28.7695
2018-07-28 16:15:00,0.05026666666666667,0.0,0.024666666666666667,0.9759999999999999,1.0006666666666666,,28.76516666666667
2018-07-28 16:30:00,0.049933333333333337,0.0,0.022000000000000002,0.9693333333333333,0.9913333333333333,,28.757333333333335
2018-07-28 16:45:00,0.04646666666666666,0.0,0.022000000000000002,0.9033333333333334,0.9253333333333333,,28.69088888888889
2018-07-28 17:00:00,0.0624,0.0,0.17866666666666667,1.0646666666666667,1.2433333333333334,,28.90277777777778
2018-07-28 17:15:00,0.055466666666666664,0.0,0.02333333333333333,1.0813333333333333,1.1046666666666665,,28.691777777777776
2018-07-28 17:30:00,0.0556,0.0,0.024,1.0799999999999998,1.1039999999999999,,28.67727777777778
2018-07-28 17:45:00,0.055,0.0,0.024666666666666667,1.0699999999999998,1.0946666666666665,,28.692999999999998
2018-07-28 18:00:00,0.0508,0.0,0.024,0.9866666666666666,1.0106666666666666,,28.630333333333333
2018-07-28 18:15:00,0.06113333333333334,0.0,0.186,1.0333333333333332,1.2193333333333334,,28.473777777777777
2018-07-28 18:30:00,0.05693333333333333,0.0,0.026666666666666665,1.1053333333333333,1.1320000000000001,,28.516944444444444
2018-07-28 18:45:00,0.05026666666666667,0.0,0.02266666666666667,0.9766666666666667,0.9993333333333333,,29.002444444444443
2018-07-28 19:00:00,0.04973333333333333,0.0,0.02266666666666667,0.9666666666666667,0.9893333333333333,,29.084333333333333
2018-07-28 19:15:00,0.05493333333333333,0.0,0.12466666666666668,0.9686666666666667,1.0933333333333333,,29.24666666666667
2018-07-28 19:30:00,0.06666666666666667,0.0,0.2793333333333334,1.0486666666666666,1.3279999999999998,,29.28166666666667
2018-07-28 19:45:00,0.06213333333333334,0.0,0.11800000000000001,1.1193333333333333,1.2373333333333332,,29.152722222222224
2018-07-28 20:00:00,0.05673333333333333,0.0,0.022000000000000002,1.1066666666666665,1.1286666666666667,,29.016666666666666
2018-07-28 20:15:00,0.053599999999999995,0.0,0.02266666666666667,1.0426666666666666,1.0653333333333332,,29.022222222222222
2018-07-28 20:30:00,0.052533333333333335,0.0,0.02266666666666667,1.02,1.0426666666666666,,29.14833333333333
2018-07-28 20:45:00,0.056466666666666665,0.0,0.168,0.9566666666666667,1.1246666666666667,,29.145
2018-07-28 21:00:00,0.04953333333333333,0.0,0.034,0.9533333333333333,0.9873333333333333,,29.075
2018-07-28 21:15:00,0.05333333333333334,0.0,0.021333333333333333,1.042,1.0633333333333332,,29.065
2018-07-28 21:30:00,0.0508,0.0,0.022000000000000002,0.9873333333333333,1.0093333333333332,,28.978055555555557
2018-07-28 21:45:00,0.0506,0.0,0.026000000000000002,0.9806666666666666,1.0066666666666666,,28.910388888888885
2018-07-28 22:00:00,0.0572,0.0,0.18533333333333332,0.9546666666666667,1.1400000000000001,,28.894222222222222
2018-07-28 22:15:00,0.051133333333333336,0.0,0.02333333333333333,0.998,1.0213333333333334,,28.95277777777778
2018-07-28 22:30:00,0.053000000000000005,0.0,0.02266666666666667,1.0319999999999998,1.0546666666666666,,28.877000000000002
2018-07-28 22:45:00,0.058666666666666666,0.0,0.022000000000000002,1.1460000000000001,1.168,,28.868333333333336
2018-07-28 23:00:00,0.054066666666666666,0.0,0.024,1.0533333333333332,1.0773333333333333,,28.68155555555556
2018-07-28 23:15:00,0.0574,0.0,0.182,0.9593333333333333,1.1413333333333333,,28.797666666666668
2018-07-28 23:30:00,0.05413333333333334,0.0,0.084,0.9933333333333334,1.0773333333333333,,28.767444444444443
2018-07-28 23:45:00,0.05513333333333333,0.0,0.14,0.9573333333333333,1.0973333333333335,,28.862055555555557
2018-07-29 00:00:00,0.05606666666666667,0.0,0.136,0.98,1.116,,28.747888888888887
2018-07-29 00:15:00,0.049466666666666666,0.0,0.022000000000000002,0.962,0.984,,28.68572222222222
2018-07-29 00:30:00,0.0566,0.0,0.17200000000000001,0.9546666666666667,1.1266666666666665,,28.673888888888893
2018-07-29 00:45:00,0.056133333333333334,0.0,0.02266666666666667,1.0933333333333333,1.1159999999999999,,28.706833333333336
2018-07-29 01:00:00,0.05386666666666667,0.0,0.022000000000000002,1.0506666666666666,1.0726666666666667,,28.726
2018-07-29 01:15:00,0.05366666666666666,0.0,0.024,1.0426666666666666,1.0666666666666667,,28.78361111111111
2018-07-29 01:30:00,0.05653333333333333,0.0,0.02266666666666667,1.1039999999999999,1.1266666666666665,,28.740166666666667
2018-07-29 01:45:00,0.06133333333333334,0.0,0.18333333333333332,1.0386666666666666,1.222,,28.745833333333334
2018-07-29 02:00:00,0.04733333333333333,0.0,0.022000000000000002,0.9199999999999999,0.942,,28.703944444444446
2018-07-29 02:15:00,0.04433333333333333,0.0,0.02333333333333333,0.8593333333333334,0.8826666666666667,,28.74816666666667
2018-07-29 02:30:00,0.046,0.0,0.022000000000000002,0.8926666666666667,0.9146666666666667,,28.81822222222222
2018-07-29 02:45:00,0.04886666666666666,0.0,0.022000000000000002,0.952,0.974,,28.9595
2018-07-29 03:00:00,0.06319999999999999,0.0,0.18333333333333332,1.074,1.2573333333333332,,28.781944444444445
2018-07-29 03:15:00,0.05693333333333333,0.0,0.02333333333333333,1.1113333333333335,1.1346666666666667,,28.744500000000002
2018-07-29 03:30:00,0.0544,0.0,0.02333333333333333,1.058,1.0813333333333333,,28.755
2018-07-29 03:45:00,0.055466666666666664,0.0,0.034666666666666665,1.07,1.1046666666666667,,28.794
2018-07-29 04:00:00,0.057466666666666666,0.0,0.13133333333333336,1.0166666666666666,1.148,,28.629166666666666
2018-07-29 04:15:00,0.059666666666666666,0.0,0.2966666666666667,0.8913333333333333,1.188,,28.612000000000002
2018-07-29 04:30:00,0.052866666666666666,0.0,0.07133333333333333,0.9806666666666666,1.052,,28.782333333333334
2018-07-29 04:45:00,0.0548,0.0006666666666666666,0.02333333333333333,1.0713333333333332,1.0953333333333333,,28.854833333333332
2018-07-29 05:00:00,0.049,0.0,0.021333333333333333,0.9546666666666667,0.9760000000000001,,28.693944444444444
2018-07-29 05:15:00,0.0506,0.0,0.052000000000000005,0.9573333333333333,1.0093333333333334,,28.74061111111111
2018-07-29 05:30:00,0.0566,0.0,0.15066666666666667,0.9786666666666667,1.1293333333333335,,28.784499999999998
2018-07-29 05:45:00,0.05606666666666667,0.0,0.022000000000000002,1.0946666666666665,1.1166666666666667,,28.775333333333332
2018-07-29 06:00:00,0.05846666666666667,0.0,0.02266666666666667,1.1433333333333333,1.166,,28.748166666666666
2018-07-29 06:15:00,0.05573333333333333,0.0,0.022000000000000002,1.0873333333333333,1.109333333333333,,28.723166666666668
2018-07-29 06:30:00,0.243,0.0,3.322,1.5226666666666666,4.844666666666667,,28.56461111111111
2018-07-29 06:45:00,0.3548,0.0,5.287333333333334,1.784,7.071333333333333,,28.682166666666667
2018-07-29 07:00:00,0.33953333333333335,0.0,5.678666666666667,1.0853333333333335,6.763999999999999,,28.732000000000003
2018-07-29 07:15:00,0.3422,0.0,5.748666666666667,1.0706666666666669,6.819333333333334,,28.77583333333333
2018-07-29 07:30:00,0.3076,0.0,5.019333333333334,1.1093333333333333,6.128666666666667,,28.879833333333334
2018-07-29 07:45:00,0.30413333333333337,0.0,5.035333333333333,1.026,6.061333333333334,,28.98616666666667
2018-07-29 08:00:00,0.29646666666666666,0.0,4.718666666666667,1.1933333333333331,5.912,,29.07211111111111
2018-07-29 08:15:00,0.2835333333333333,0.0,4.667333333333334,0.9873333333333334,5.654666666666667,,29.079
2018-07-29 08:30:00,0.28806666666666664,0.0,4.727333333333333,1.0133333333333332,5.740666666666667,,29.101222222222223
2018-07-29 08:45:00,0.28686666666666666,0.0,4.620666666666667,1.096,5.716666666666667,,29.234666666666666
2018-07-29 09:00:00,0.27460000000000007,0.0,4.424666666666667,1.0533333333333335,5.478,,29.37211111111111
2018-07-29 09:15:00,0.25506666666666666,0.0,4.167333333333334,0.92,5.0873333333333335,,29.16761111111111
2018-07-29 09:30:00,0.22573333333333334,0.0,3.6,0.9006666666666666,4.500666666666667,,29.248666666666665
2018-07-29 09:45:00,0.23193333333333335,0.0,3.6146666666666665,1.0113333333333334,4.626,,29.283833333333334
2018-07-29 10:00:00,0.15993333333333334,0.0,2.143333333333333,1.046,3.1893333333333334,,29.285333333333334
2018-07-29 10:15:00,0.06546666666666666,0.0,0.1446666666666667,1.1593333333333333,1.3039999999999998,,29.31861111111111
2018-07-29 10:30:00,0.06213333333333333,0.0,0.14800000000000002,1.0906666666666667,1.2386666666666666,,29.34283333333333
2018-07-29 10:45:00,0.05433333333333333,0.0,0.03333333333333333,1.0493333333333332,1.0826666666666667,,29.436500000000002
2018-07-29 11:00:00,0.06213333333333334,0.0,0.18466666666666667,1.0533333333333332,1.238,,29.481333333333335
2018-07-29 11:15:00,0.05413333333333333,0.0,0.028,1.0513333333333332,1.0793333333333333,,29.455499999999997
2018-07-29 11:30:00,0.05006666666666667,0.0,0.029333333333333333,0.968,0.9973333333333334,,29.598499999999998
2018-07-29 11:45:00,0.053200000000000004,0.0,0.030000000000000002,1.028,1.058,,29.546666666666667
2018-07-29 12:00:00,0.05946666666666667,0.0,0.12266666666666667,1.0626666666666664,1.1853333333333331,,29.612666666666666
2018-07-29 12:15:00,0.05653333333333333,0.0,0.08533333333333333,1.042,1.127333333333333,,29.64172222222222
2018-07-29 12:30:00,0.05366666666666666,0.0,0.025333333333333333,1.0433333333333332,1.0686666666666664,,29.750999999999998
2018-07-29 12:45:00,0.053599999999999995,0.0,0.024666666666666667,1.042,1.0666666666666667,,29.697333333333336
2018-07-29 13:00:00,0.056266666666666666,0.0,0.022000000000000002,1.0973333333333335,1.1193333333333333,,29.553166666666666
2018-07-29 13:15:00,0.06273333333333334,0.0,0.17466666666666666,1.0773333333333333,1.252,,29.494666666666664
2018-07-29 13:30:00,0.053799999999999994,0.0,0.022000000000000002,1.0493333333333332,1.0713333333333332,,29.671444444444443
2018-07-29 13:45:00,0.0524,0.0,0.022000000000000002,1.02,1.042,,29.520333333333333
2018-07-29 14:00:00,0.05406666666666667,0.0,0.10666666666666667,0.97,1.0766666666666667,,29.447166666666664
2018-07-29 14:15:00,0.060866666666666666,0.0,0.23666666666666666,0.9753333333333333,1.212,,29.466833333333337
2018-07-29 14:30:00,0.0666,0.0,0.19733333333333336,1.1306666666666667,1.3279999999999998,,29.476333333333333
2018-07-29 14:45:00,0.06006666666666667,0.0,0.11200000000000002,1.0826666666666667,1.1946666666666668,,29.5165
2018-07-29 15:00:00,0.05346666666666667,0.0,0.02266666666666667,1.042,1.0646666666666667,,29.425055555555556
2018-07-29 15:15:00,0.05346666666666666,0.0,0.02333333333333333,1.0413333333333332,1.0646666666666667,,29.521666666666665
2018-07-29 15:30:00,0.0614,0.0,0.17666666666666667,1.0446666666666666,1.2213333333333332,,29.371166666666667
2018-07-29 15:45:00,0.054266666666666664,0.0,0.02333333333333333,1.0566666666666666,1.0799999999999998,,29.249000000000002
2018-07-29 16:00:00,0.056799999999999996,0.0,0.02333333333333333,1.1073333333333333,1.1306666666666667,,29.166944444444443
2018-07-29 16:15:00,0.05006666666666667,0.0,0.024,0.9733333333333333,0.9973333333333334,,29.159166666666668
2018-07-29 16:30:00,0.055799999999999995,0.0,0.13399999999999998,0.9746666666666666,1.1086666666666667,,29.1245
2018-07-29 16:45:00,0.056666666666666664,0.0,0.06666666666666667,1.0606666666666666,1.1273333333333333,,29.041611111111113
2018-07-29 17:00:00,0.055266666666666665,0.0,0.021333333333333333,1.0793333333333335,1.1006666666666667,,29.091833333333334
2018-07-29 17:15:00,0.0594,0.0,0.10200000000000001,1.0826666666666667,1.1846666666666665,,29.078833333333332
2018-07-29 17:30:00,0.06713333333333334,0.0,0.19,1.1473333333333333,1.3373333333333333,,29.075666666666667
2018-07-29 17:45:00,0.06793333333333333,0.0,0.30533333333333335,1.048,1.3533333333333333,,29.076666666666664
2018-07-29 18:00:00,0.05686666666666666,0.0,0.14133333333333334,0.9913333333333333,1.1326666666666667,,29.03466666666667
2018-07-29 18:15:00,0.05466666666666667,0.0,0.14266666666666666,0.946,1.0886666666666664,,29.06866666666667
2018-07-29 18:30:00,0.050866666666666664,0.0,0.05466666666666667,0.9599999999999999,1.0146666666666666,,29.07511111111111
2018-07-29 18:45:00,0.05386666666666667,0.0,0.027333333333333334,1.0453333333333332,1.0726666666666667,,29.08277777777778
2018-07-29 19:00:00,0.059666666666666666,0.0,0.17200000000000001,1.016,1.188,,29.06
2018-07-29 19:15:00,0.05426666666666667,0.0,0.02266666666666667,1.056,1.0786666666666667,,29.065333333333335
2018-07-29 19:30:00,0.056133333333333334,0.0,0.02666666666666667,1.0893333333333333,1.1159999999999999,,29.085666666666665
2018-07-29 19:45:00,0.055,0.0,0.022000000000000002,1.0733333333333333,1.0953333333333333,,29.045944444444444
2018-07-29 20:00:00,0.05753333333333333,0.0,0.09133333333333334,1.0519999999999998,1.1433333333333333,,29.13688888888889
2018-07-29 20:15:00,0.06306666666666666,0.0,0.11333333333333333,1.1400000000000001,1.2533333333333334,,29.011222222222223
2018-07-29 20:30:00,0.058133333333333335,0.0,0.09733333333333333,1.062,1.1593333333333333,,29.114055555555556
2018-07-29 20:45:00,0.0598,0.0,0.14200000000000002,1.0473333333333332,1.1893333333333334,,29.05483333333333
2018-07-29 21:00:00,0.056266666666666666,0.0,0.12866666666666668,0.9919999999999999,1.1206666666666665,,29.034055555555554
2018-07-29 21:15:00,0.0494,0.0,0.042666666666666665,0.94,0.9826666666666667,,29.03122222222222
2018-07-29 21:30:00,0.057466666666666666,0.0,0.166,0.98,1.1460000000000001,,29.040999999999997
2018-07-29 21:45:00,0.053733333333333334,0.0,0.02266666666666667,1.0486666666666666,1.0713333333333332,,29.054388888888887
2018-07-29 22:00:00,0.05006666666666667,0.0,0.024,0.974,0.9979999999999999,,29.028166666666667
2018-07-29 22:15:00,0.04926666666666667,0.0,0.022000000000000002,0.956,0.978,,29.041833333333333
2018-07-29 22:30:00,0.049,0.0,0.024,0.9506666666666667,0.9746666666666666,,29.037666666666667
2018-07-29 22:45:00,0.062200000000000005,0.0,0.186,1.0546666666666666,1.2406666666666666,,29.030166666666666
2018-07-29 23:00:00,0.05366666666666666,0.0,0.022000000000000002,1.0466666666666666,1.0686666666666667,,28.90388888888889
2018-07-29 23:15:00,0.04853333333333333,0.0,0.022000000000000002,0.9433333333333334,0.9653333333333334,,29.032333333333334
2018-07-29 23:30:00,0.056666666666666664,0.0,0.08800000000000001,1.0399999999999998,1.128,,29.07211111111111
2018-07-29 23:45:00,0.0596,0.0,0.1406666666666667,1.0459999999999998,1.1866666666666665,,29.007222222222218
2018-07-30 00:00:00,0.06766666666666667,0.0,0.30066666666666664,1.0473333333333332,1.3479999999999999,,29.031499999999998
2018-07-30 00:15:00,0.05573333333333333,0.0,0.02266666666666667,1.0866666666666667,1.1093333333333333,,29.034
2018-07-30 00:30:00,0.05533333333333333,0.0,0.02333333333333333,1.0766666666666667,1.1,,29.02583333333333
2018-07-30 00:45:00,0.0504,0.0,0.02333333333333333,0.9819999999999999,1.0053333333333334,,29.0975
2018-07-30 01:00:00,0.04766666666666666,0.0,0.02266666666666667,0.9246666666666666,0.9473333333333332,,29.041833333333333
2018-07-30 01:15:00,0.0526,0.0,0.188,0.86,1.048,,29.06022222222222
2018-07-30 01:30:00,0.0472,0.0,0.02266666666666667,0.9166666666666666,0.9393333333333334,,29.029166666666665
2018-07-30 01:45:00,0.05326666666666667,0.0,0.02266666666666667,1.04,1.0626666666666666,,29.066277777777774
2018-07-30 02:00:00,0.058866666666666664,0.0,0.02266666666666667,1.1466666666666667,1.1693333333333333,,29.03033333333333
2018-07-30 02:15:00,0.05513333333333333,0.0,0.02333333333333333,1.074,1.0973333333333335,,29.073999999999998
2018-07-30 02:30:00,0.06186666666666667,0.0,0.18266666666666667,1.0473333333333332,1.23,,28.98122222222222
2018-07-30 02:45:00,0.053399999999999996,0.0,0.022000000000000002,1.0393333333333332,1.0613333333333332,,29.032
2018-07-30 03:00:00,0.0522,0.0,0.02333333333333333,1.014,1.0373333333333332,,29.031000000000002
2018-07-30 03:15:00,0.05346666666666667,0.0,0.02333333333333333,1.0426666666666666,1.066,,29.019777777777776
2018-07-30 03:30:00,0.049466666666666666,0.0,0.022000000000000002,0.9646666666666666,0.9866666666666666,,29.07633333333333
2018-07-30 03:45:00,0.06113333333333334,0.0,0.23,0.988,1.218,,29.110277777777775
2018-07-30 04:00:00,0.055799999999999995,0.0,0.132,0.9786666666666667,1.1106666666666667,,29.023833333333336
2018-07-30 04:15:00,0.0578,0.0,0.14200000000000002,1.0073333333333332,1.1493333333333333,,29.02
2018-07-30 04:30:00,0.049466666666666666,0.0,0.035333333333333335,0.948,0.9833333333333333,,29.022166666666667
2018-07-30 04:45:00,0.05793333333333333,0.0,0.022000000000000002,1.1326666666666665,1.1546666666666667,,28.900222222222222
2018-07-30 05:00:00,0.06353333333333333,0.0,0.17466666666666666,1.0906666666666667,1.2653333333333332,,29.075055555555554
2018-07-30 05:15:00,0.05386666666666666,0.0,0.02266666666666667,1.0486666666666666,1.0713333333333332,,29.03933333333333
2018-07-30 05:30:00,0.053933333333333326,0.0,0.020666666666666667,1.052,1.0726666666666667,,29.024555555555555
2018-07-30 05:45:00,0.05493333333333333,0.0,0.024,1.0693333333333332,1.0933333333333333,,28.953555555555557
2018-07-30 06:00:00,0.05493333333333333,0.0,0.022000000000000002,1.0686666666666664,1.0906666666666667,,29.02122222222222
2018-07-30 06:15:00,0.06273333333333334,0.0,0.17666666666666667,1.0726666666666667,1.2493333333333332,,29.037333333333333
2018-07-30 06:30:00,0.0494,0.0,0.021333333333333333,0.9653333333333334,0.9866666666666667,,29.04366666666667
2018-07-30 06:45:00,0.0492,0.0,0.022000000000000002,0.958,0.98,,29.07238888888889
2018-07-30 07:00:00,0.04933333333333333,0.0,0.02333333333333333,0.9586666666666666,0.982,,29.064666666666668
2018-07-30 07:15:00,0.05333333333333334,0.0,0.11,0.95,1.06,,29.08583333333333
2018-07-30 07:30:00,0.07693333333333333,0.0,0.48333333333333334,1.0506666666666666,1.534,,29.08994444444444
2018-07-30 07:45:00,0.0758,0.0,0.378,1.1320000000000001,1.51,,29.151055555555555
2018-07-30 08:00:00,0.07353333333333333,0.0,0.4393333333333333,1.0266666666666666,1.466,,29.259166666666665
2018-07-30 08:15:00,0.07233333333333333,0.0,0.46799999999999997,0.974,1.442,,29.235944444444446
2018-07-30 08:30:00,0.07426666666666666,0.0,0.47333333333333333,1.0066666666666666,1.48,,29.249555555555556
2018-07-30 08:45:00,0.0806,0.0,0.5653333333333334,1.0413333333333332,1.6066666666666665,,29.35472222222222
2018-07-30 09:00:00,0.07173333333333334,0.0,0.37066666666666664,1.0593333333333335,1.43,,29.520444444444443
2018-07-30 09:15:00,0.07466666666666666,0.0,0.484,1.0053333333333334,1.4893333333333334,,29.52027777777778
2018-07-30 09:30:00,0.07306666666666665,0.0,0.49933333333333335,0.9573333333333333,1.4566666666666666,,29.568166666666666
2018-07-30 09:45:00,0.08566666666666668,0.0,0.754,0.9546666666666667,1.7086666666666666,,29.4515
2018-07-30 10:00:00,0.07646666666666667,0.0,0.572,0.9533333333333333,1.5253333333333332,,29.482944444444446
2018-07-30 10:15:00,0.11993333333333332,0.0,1.4193333333333336,0.974,2.3933333333333335,,29.675833333333337
2018-07-30 10:30:00,0.12373333333333332,0.0,1.3366666666666667,1.134,2.470666666666667,,29.72283333333333
2018-07-30 10:45:00,0.1206,0.0,1.3233333333333335,1.084,2.4073333333333333,,29.89816666666667
2018-07-30 11:00:00,0.13146666666666668,0.0,1.4993333333333334,1.1213333333333333,2.6206666666666667,,29.891666666666666
2018-07-30 11:15:00,0.13393333333333332,0.0,1.5373333333333334,1.1340000000000001,2.671333333333334,,29.884333333333334
2018-07-30 11:30:00,0.13406666666666667,0.0,1.5266666666666668,1.1486666666666667,2.6753333333333336,,29.6755
2018-07-30 11:45:00,0.16913333333333333,0.0,2.2333333333333334,1.136,3.369333333333333,,29.73005555555556
2018-07-30 12:00:00,0.18446666666666667,0.0,2.54,1.1340000000000001,3.674,,29.809277777777776
2018-07-30 12:15:00,0.1982,0.0,2.8933333333333335,1.0533333333333335,3.9466666666666668,,29.572000000000003
2018-07-30 12:30:00,0.19499999999999998,0.0,2.8153333333333337,1.068,3.8833333333333333,,29.824833333333334
2018-07-30 12:45:00,0.19160000000000002,0.0,2.8346666666666667,0.9813333333333334,3.8160000000000003,,29.793944444444445
2018-07-30 13:00:00,0.18906666666666666,0.0,2.816666666666667,0.9486666666666667,3.7653333333333334,,29.817
2018-07-30 13:15:00,0.20900000000000002,0.0,2.970666666666667,1.196,4.166666666666667,,30.10838888888889
2018-07-30 13:30:00,0.1994,0.0,2.7866666666666666,1.188,3.9746666666666663,,30.006388888888885
2018-07-30 13:45:00,0.19646666666666668,0.0,2.7906666666666666,1.1253333333333333,3.916,,29.990333333333336
2018-07-30 14:00:00,0.20213333333333333,0.0,2.8786666666666667,1.1473333333333333,4.026,,30.01133333333333
2018-07-30 14:15:00,0.17586666666666667,0.0,2.3573333333333335,1.1486666666666667,3.506,,29.919500000000003
2018-07-30 14:30:00,0.13033333333333333,0.0,1.4813333333333334,1.1173333333333333,2.5986666666666665,,29.868333333333336
2018-07-30 14:45:00,0.12613333333333332,0.0,1.3506666666666667,1.1673333333333331,2.5180000000000002,,29.783333333333335
2018-07-30 15:00:00,0.10813333333333335,0.0,1.0766666666666669,1.0813333333333333,2.158,,29.6945
2018-07-30 15:15:00,0.06226666666666667,0.0,0.27266666666666667,0.968,1.2406666666666666,,29.7695
2018-07-30 15:30:00,0.06633333333333333,0.0,0.3513333333333334,0.972,1.3233333333333335,,29.6375
2018-07-30 15:45:00,0.056,0.0,0.17,0.9446666666666667,1.1146666666666667,,29.51366666666667
2018-07-30 16:00:00,0.06513333333333333,0.0,0.1446666666666667,1.1513333333333333,1.296,,29.422833333333337
2018-07-30 16:15:00,0.0646,0.0,0.14133333333333334,1.144,1.2853333333333334,,29.428611111111113
2018-07-30 16:30:00,0.061000000000000006,0.0,0.14200000000000002,1.0726666666666667,1.2146666666666666,,29.397499999999997
2018-07-30 16:45:00,0.0682,0.0,0.3033333333333334,1.0573333333333332,1.3606666666666667,,29.401333333333334
2018-07-30 17:00:00,0.060000000000000005,0.0,0.14200000000000002,1.0526666666666666,1.1946666666666668,,29.40427777777778
2018-07-30 17:15:00,0.057866666666666663,0.0,0.14133333333333334,1.01,1.1513333333333333,,29.37633333333333
2018-07-30 17:30:00,0.0592,0.0,0.14,1.0406666666666666,1.1806666666666668,,29.417277777777777
2018-07-30 17:45:00,0.06233333333333333,0.0,0.2046666666666667,1.0373333333333332,1.242,,29.289833333333334
2018-07-30 18:00:00,0.06046666666666667,0.0,0.2366666666666667,0.966,1.2026666666666666,,29.32911111111111
2018-07-30 18:15:00,0.0528,0.0,0.14133333333333334,0.9086666666666666,1.05,,29.354444444444443
2018-07-30 18:30:00,0.0506,0.0,0.14133333333333334,0.8646666666666667,1.006,,29.319333333333336
2018-07-30 18:45:00,0.062266666666666665,0.0,0.22266666666666665,1.0166666666666666,1.2393333333333334,,29.38238888888889
2018-07-30 19:00:00,0.07086666666666666,0.0,0.252,1.1606666666666667,1.4126666666666667,,29.36111111111111
2018-07-30 19:15:00,0.0718,0.0,0.36733333333333335,1.0646666666666667,1.432,,29.3315
2018-07-30 19:30:00,0.05993333333333333,0.0,0.14200000000000002,1.052,1.194,,29.372944444444443
2018-07-30 19:45:00,0.0594,0.0,0.14133333333333334,1.044,1.1853333333333333,,29.408166666666666
2018-07-30 20:00:00,0.0582,0.0,0.15,1.008,1.1580000000000001,,29.322499999999998
2018-07-30 20:15:00,0.06273333333333334,0.0,0.3026666666666667,0.9473333333333332,1.25,,29.313277777777778
2018-07-30 20:30:00,0.05433333333333333,0.0,0.14133333333333334,0.9373333333333334,1.0786666666666667,,29.317833333333333
2018-07-30 20:45:00,0.055,0.0,0.14333333333333337,0.9533333333333334,1.0966666666666667,,29.311333333333334
2018-07-30 21:00:00,0.05573333333333333,0.0,0.14200000000000002,0.966,1.1079999999999999,,29.33083333333333
2018-07-30 21:15:00,0.056799999999999996,0.0,0.14200000000000002,0.9886666666666667,1.1306666666666667,,29.291333333333334
2018-07-30 21:30:00,0.07106666666666667,0.0,0.3046666666666667,1.1099999999999999,1.4146666666666665,,29.325833333333332
2018-07-30 21:45:00,0.06526666666666667,0.0,0.14933333333333332,1.1513333333333333,1.3006666666666669,,29.296833333333332
2018-07-30 22:00:00,0.06286666666666667,0.0,0.14266666666666666,1.1099999999999999,1.2526666666666668,,29.309166666666666
2018-07-30 22:15:00,0.0566,0.0,0.14200000000000002,0.9853333333333333,1.1273333333333333,,29.285388888888892
2018-07-30 22:30:00,0.062200000000000005,0.0,0.2833333333333333,0.9566666666666667,1.24,,29.301666666666666
2018-07-30 22:45:00,0.05693333333333333,0.0,0.19133333333333333,0.942,1.1333333333333333,,29.33727777777778
2018-07-30 23:00:00,0.056,0.0,0.14200000000000002,0.9746666666666666,1.1166666666666667,,29.3035
2018-07-30 23:15:00,0.06053333333333333,0.0,0.1406666666666667,1.0659999999999998,1.2066666666666668,,29.294500000000003
2018-07-30 23:30:00,0.0514,0.0,0.04000000000000001,0.9806666666666666,1.0206666666666666,,29.285166666666665
2018-07-30 23:45:00,0.05853333333333333,0.0,0.18400000000000002,0.9806666666666666,1.1646666666666665,,29.24761111111111
2018-07-31 00:00:00,0.05246666666666667,0.0,0.02266666666666667,1.0206666666666666,1.0433333333333334,,29.219666666666665
2018-07-31 00:15:00,0.050666666666666665,0.0,0.02266666666666667,0.986,1.0086666666666666,,29.23072222222222
2018-07-31 00:30:00,0.0514,0.0,0.021333333333333333,1.002,1.0233333333333332,,29.308944444444442
2018-07-31 00:45:00,0.05733333333333333,0.0,0.022000000000000002,1.1206666666666665,1.1426666666666667,,29.308055555555555
2018-07-31 01:00:00,0.06193333333333333,0.0,0.182,1.052,1.2339999999999998,,29.222055555555553
2018-07-31 01:15:00,0.05213333333333334,0.0,0.021333333333333333,1.0173333333333334,1.0386666666666666,,29.265666666666668
2018-07-31 01:30:00,0.049933333333333337,0.0,0.029333333333333333,0.9633333333333333,0.9926666666666667,,29.255833333333335
2018-07-31 01:45:00,0.055266666666666665,0.0,0.13533333333333336,0.9666666666666667,1.102,,29.2665
2018-07-31 02:00:00,0.0608,0.0,0.154,1.0546666666666666,1.2086666666666666,,29.2745
2018-07-31 02:15:00,0.06626666666666667,0.0,0.24466666666666667,1.0753333333333333,1.32,,29.29222222222222
2018-07-31 02:30:00,0.048933333333333336,0.0,0.022000000000000002,0.9513333333333333,0.9733333333333333,,29.274833333333333
2018-07-31 02:45:00,0.054400000000000004,0.0,0.022000000000000002,1.0599999999999998,1.0819999999999999,,29.278944444444445
2018-07-31 03:00:00,0.055,0.0,0.02333333333333333,1.0719999999999998,1.0953333333333333,,29.29288888888889
2018-07-31 03:15:00,0.06319999999999999,0.0,0.17733333333333334,1.0833333333333333,1.2606666666666666,,29.270777777777777
2018-07-31 03:30:00,0.059133333333333336,0.0,0.02266666666666667,1.1520000000000001,1.1746666666666667,,29.264333333333333
2018-07-31 03:45:00,0.053533333333333336,0.0,0.02,1.0466666666666666,1.0666666666666667,,29.32727777777778
2018-07-31 04:00:00,0.05,0.0,0.022000000000000002,0.9726666666666667,0.9946666666666667,,29.270833333333336
2018-07-31 04:15:00,0.05433333333333333,0.0,0.11733333333333333,0.9626666666666667,1.0799999999999998,,29.23522222222222
2018-07-31 04:30:00,0.0524,0.0,0.07533333333333332,0.9673333333333333,1.0426666666666666,,29.313666666666666
2018-07-31 04:45:00,0.0528,0.0,0.024,1.0273333333333334,1.0513333333333332,,29.252833333333335
2018-07-31 05:00:00,0.05473333333333333,0.0,0.02333333333333333,1.066,1.0893333333333333,,29.235777777777777
2018-07-31 05:15:00,0.0504,0.0,0.021333333333333333,0.9813333333333333,1.0026666666666666,,29.277333333333335
2018-07-31 05:30:00,0.17893333333333333,0.0,1.8613333333333335,1.7073333333333334,3.5686666666666667,,29.353833333333334
2018-07-31 05:45:00,0.43066666666666664,0.0,5.764666666666667,2.8186666666666667,8.583333333333334,,29.29733333333333
2018-07-31 06:00:00,0.41733333333333333,0.0,6.558666666666666,1.7606666666666664,8.319333333333333,,29.316222222222223
2018-07-31 06:15:00,0.4108,0.0,6.601333333333333,1.5859999999999999,8.187333333333333,,29.4875
2018-07-31 06:30:00,0.4188,0.0,6.75,1.5966666666666667,8.346666666666668,,29.604833333333332
2018-07-31 06:45:00,0.433,0.0,6.5953333333333335,2.0340000000000003,8.629333333333333,,29.6895
2018-07-31 07:00:00,0.501,0.6146666666666667,7.1466666666666665,2.838666666666667,10.6,,29.7395
2018-07-31 07:15:00,0.4928666666666667,0.8693333333333333,7.62,2.203333333333333,10.692666666666666,,29.787944444444445
2018-07-31 07:30:00,0.5670000000000001,1.4306666666666668,8.451333333333334,2.8506666666666667,12.732666666666667,,29.626722222222224
2018-07-31 07:45:00,0.6514000000000001,78.87733333333334,9.526666666666667,3.4539999999999997,91.85799999999999,,28.88277777777778
2018-07-31 08:00:00,0.7403333333333334,101.54933333333334,10.479333333333333,4.288,116.31666666666666,,26.0385
2018-07-31 08:15:00,0.8190000000000001,94.83466666666666,11.372666666666667,4.951333333333333,111.15866666666668,,24.372444444444444
2018-07-31 08:30:00,0.8662666666666666,89.586,12.132666666666667,5.130666666666667,106.84933333333333,,23.633388888888888
2018-07-31 08:45:00,0.9151333333333334,84.50466666666667,12.74,5.987333333333334,103.232,,23.3195
2018-07-31 09:00:00,0.9384666666666667,82.50266666666667,12.915333333333333,5.7860000000000005,101.204,,23.187833333333334
2018-07-31 09:15:00,0.9888,82.96333333333334,13.440666666666667,6.516000000000001,102.92000000000002,,22.989166666666666
2018-07-31 09:30:00,0.9993333333333333,79.78999999999999,13.868666666666666,6.462000000000001,100.12066666666666,,22.82266666666667
2018-07-31 09:45:00,0.9995333333333334,80.614,13.906666666666668,6.404666666666667,100.92533333333334,,22.87088888888889
2018-07-31 10:00:00,0.9962,62.80333333333333,13.747333333333335,6.566,83.11666666666666,,22.69783333333333
2018-07-31 10:15:00,0.9596666666666667,58.19666666666667,14.067333333333334,6.446666666666667,78.71066666666667,,23.23933333333333
2018-07-31 10:30:00,0.9973333333333333,67.392,13.795333333333334,6.452,87.63933333333334,,23.506555555555558
2018-07-31 10:45:00,0.9936,58.406,13.936666666666667,6.396,78.73866666666666,,23.581222222222223
2018-07-31 11:00:00,0.9878,63.834666666666664,13.561333333333334,6.15,83.546,,23.7345
2018-07-31 11:15:00,0.9931333333333333,57.808,13.633333333333333,6.292000000000001,77.73333333333333,,23.770666666666667
2018-07-31 11:30:00,0.9705333333333334,70.85333333333332,13.168000000000001,6.180666666666666,90.202,,23.847277777777776
2018-07-31 11:45:00,0.9818666666666667,0.7746666666666667,13.772666666666668,6.1593333333333335,20.706666666666667,,24.57611111111111
2018-07-31 12:00:00,0.9732,0.18733333333333332,13.435333333333334,6.142666666666667,19.765333333333334,,26.417055555555557
2018-07-31 12:15:00,0.8959333333333334,10.742666666666667,11.787333333333333,6.064666666666667,28.594666666666665,,27.36088888888889
2018-07-31 12:30:00,0.8342666666666666,15.248666666666667,10.903333333333332,5.889333333333334,32.041333333333334,,27.55683333333333
2018-07-31 12:45:00,0.8587333333333333,14.294666666666668,11.0,6.1146666666666665,31.409333333333333,,27.46761111111111
2018-07-31 13:00:00,0.9062,74.11933333333333,12.573333333333332,5.486,92.17866666666667,,26.897
2018-07-31 13:15:00,0.9636,86.09266666666667,15.012,6.376666666666667,107.48133333333334,,24.98977777777778
2018-07-31 13:30:00,0.9957333333333334,74.676,14.407333333333334,6.461333333333333,95.54466666666667,,24.076666666666664
2018-07-31 13:45:00,0.9944000000000001,58.652,13.732,6.23,78.614,,24.0265
2018-07-31 14:00:00,0.9659333333333334,70.00466666666667,14.133333333333333,6.673333333333333,90.81133333333334,,24.228
2018-07-31 14:15:00,0.9780666666666666,63.166000000000004,13.812000000000001,6.494666666666666,83.47266666666665,,23.94777777777778
2018-07-31 14:30:00,0.9968666666666667,61.95,13.856666666666666,6.214,82.02066666666666,,24.021166666666666
2018-07-31 14:45:00,0.9904666666666666,66.15666666666667,13.372666666666667,6.5553333333333335,86.08466666666666,,24.042666666666666
2018-07-31 15:00:00,0.9850666666666666,59.14666666666667,13.274666666666667,6.568666666666667,78.99000000000001,,24.011000000000003
2018-07-31 15:15:00,0.9511333333333333,55.09733333333333,13.914666666666667,7.0953333333333335,76.10733333333333,,24.029999999999998
2018-07-31 15:30:00,0.996,68.56,13.301333333333334,6.600666666666666,88.462,,24.153166666666667
2018-07-31 15:45:00,0.9562666666666666,54.17333333333333,13.858,6.653333333333333,74.68466666666667,,23.982222222222223
2018-07-31 16:00:00,0.9952666666666666,58.408,13.918666666666667,6.454,78.78066666666668,,24.240666666666666
2018-07-31 16:15:00,0.9539333333333333,60.47866666666667,13.096666666666668,5.917333333333334,79.49266666666668,,23.97416666666667
2018-07-31 16:30:00,0.9539333333333333,11.020666666666667,13.212,6.414666666666666,30.647333333333332,,24.6945
2018-07-31 16:45:00,0.9394666666666667,10.138,13.038666666666668,5.685333333333333,28.862000000000002,,26.234388888888887
2018-07-31 17:00:00,0.9003333333333333,10.083333333333334,13.0,5.3933333333333335,28.47666666666667,,26.763666666666666
2018-07-31 17:15:00,0.7987333333333333,6.876666666666667,11.768666666666666,4.1513333333333335,22.79666666666667,,27.20266666666667
2018-07-31 17:30:00,0.7469333333333333,0.0,11.621999999999998,3.9246666666666665,15.546666666666665,,27.537666666666667
2018-07-31 17:45:00,0.7446666666666667,0.0,11.154666666666666,3.6826666666666665,14.837333333333333,,27.976222222222223
2018-07-31 18:00:00,0.6657333333333334,0.0,10.172666666666666,3.0966666666666667,13.269333333333332,,28.122166666666665
2018-07-31 18:15:00,0.6397999999999999,0.0,9.499333333333333,3.250666666666667,12.75,,28.2535
2018-07-31 18:30:00,0.6136666666666667,0.0,9.241333333333333,2.9853333333333336,12.226666666666665,,28.50472222222222
2018-07-31 18:45:00,0.605,0.0,9.058,2.994666666666667,12.052666666666665,,28.487000000000002
2018-07-31 19:00:00,0.5723333333333332,0.0,8.695333333333334,2.711333333333333,11.406666666666666,,28.435333333333336
2018-07-31 19:15:00,0.5624,0.0,8.686666666666667,2.525333333333333,11.212,,28.365166666666667
2018-07-31 19:30:00,0.5528666666666667,0.0,8.614666666666666,2.4066666666666667,11.021333333333333,,28.419388888888886
2018-07-31 19:45:00,0.5432,0.0,8.544,2.2853333333333334,10.829333333333333,,28.433666666666667
2018-07-31 20:00:00,0.5464666666666668,0.0,8.670666666666667,2.2246666666666663,10.895333333333333,,28.481833333333334
2018-07-31 20:15:00,0.4234666666666667,0.0,6.347333333333334,2.0933333333333333,8.440666666666667,,28.624444444444446
2018-07-31 20:30:00,0.3436,0.0,4.637333333333333,2.2079999999999997,6.8453333333333335,,28.603166666666663
2018-07-31 20:45:00,0.3148666666666667,0.0,4.1866666666666665,2.0846666666666667,6.271333333333334,,28.481833333333334
2018-07-31 21:00:00,0.2264,0.0,2.7786666666666666,1.7346666666666666,4.513333333333334,,28.458833333333335
2018-07-31 21:15:00,0.1816,0.0,2.1106666666666665,1.5033333333333334,3.614,,28.424500000000002
2018-07-31 21:30:00,0.119,0.0,1.3493333333333335,1.0273333333333334,2.3766666666666665,,28.372833333333336
2018-07-31 21:45:00,0.09686666666666667,0.0,0.924,1.0066666666666666,1.9306666666666668,,28.333166666666667
2018-07-31 22:00:00,0.0728,0.0,0.45066666666666666,1.0006666666666666,1.4513333333333334,,28.40966666666667
2018-07-31 22:15:00,0.0582,0.0,0.14266666666666666,1.0166666666666666,1.1593333333333333,,28.347333333333335
2018-07-31 22:30:00,0.05633333333333333,0.0,0.07933333333333333,1.0406666666666669,1.12,,28.30483333333333
2018-07-31 22:45:00,0.061200000000000004,0.0,0.12066666666666667,1.0953333333333333,1.2160000000000002,,28.298222222222225
2018-07-31 23:00:00,0.0618,0.0,0.02266666666666667,1.2066666666666668,1.2293333333333334,,28.255333333333336
2018-07-31 23:15:00,0.056,0.0,0.022000000000000002,1.0933333333333333,1.115333333333333,,28.252166666666664
2018-07-31 23:30:00,0.05673333333333333,0.0,0.024,1.1046666666666665,1.1286666666666667,,28.244833333333336
2018-07-31 23:45:00,0.06333333333333332,0.0,0.18133333333333335,1.0799999999999998,1.2613333333333332,,28.24483333333333
2018-08-01 00:00:00,0.05186666666666666,0.0,0.024,1.0073333333333332,1.0313333333333334,,28.271444444444445
2018-08-01 00:15:00,0.053599999999999995,0.0,0.02333333333333333,1.0413333333333332,1.0646666666666667,,28.255666666666666
2018-08-01 00:30:00,0.06126666666666667,0.0,0.126,1.0933333333333333,1.2193333333333334,,28.239166666666666
2018-08-01 00:45:00,0.05853333333333333,0.0,0.14133333333333334,1.0246666666666666,1.166,,28.242888888888892
2018-08-01 01:00:00,0.059533333333333334,0.0,0.2806666666666667,0.9046666666666667,1.1853333333333333,,28.19661111111111
2018-08-01 01:15:00,0.051533333333333334,0.0,0.022000000000000002,1.0026666666666666,1.0246666666666668,,28.247666666666664
2018-08-01 01:30:00,0.05633333333333333,0.0,0.02266666666666667,1.1006666666666665,1.1233333333333333,,28.238166666666665
2018-08-01 01:45:00,0.05846666666666667,0.0,0.022000000000000002,1.1433333333333333,1.1653333333333333,,28.2305
2018-08-01 02:00:00,0.0608,0.0,0.02333333333333333,1.188,1.2113333333333334,,28.26538888888889
2018-08-01 02:15:00,0.06146666666666666,0.0,0.174,1.0506666666666666,1.2246666666666668,,28.241666666666667
2018-08-01 02:30:00,0.046799999999999994,0.0,0.02266666666666667,0.9086666666666667,0.9313333333333333,,28.281833333333335
2018-08-01 02:45:00,0.050866666666666664,0.0,0.021333333333333333,0.9906666666666666,1.012,,28.21922222222222
2018-08-01 03:00:00,0.0516,0.0,0.024,1.0026666666666668,1.0266666666666666,,28.238166666666665
2018-08-01 03:15:00,0.0574,0.0,0.14,1.0006666666666666,1.1406666666666667,,28.223333333333333
2018-08-01 03:30:00,0.058133333333333335,0.0,0.064,1.0926666666666667,1.1566666666666665,,28.25922222222222
2018-08-01 03:45:00,0.05506666666666667,0.0,0.116,0.9793333333333333,1.0953333333333333,,28.229222222222223
2018-08-01 04:00:00,0.05946666666666667,0.0,0.14200000000000002,1.0433333333333332,1.1853333333333333,,28.201666666666664
2018-08-01 04:15:00,0.058666666666666666,0.0,0.11333333333333334,1.0539999999999998,1.1673333333333331,,28.260888888888886
2018-08-01 04:30:00,0.06166666666666667,0.0,0.12066666666666667,1.1086666666666667,1.2293333333333332,,28.264888888888887
2018-08-01 04:45:00,0.0582,0.0,0.082,1.0746666666666664,1.1566666666666665,,28.216666666666665
2018-08-01 05:00:00,0.051333333333333335,0.0,0.02266666666666667,1.0,1.0226666666666666,,28.226666666666667
2018-08-01 05:15:00,0.052533333333333335,0.0,0.07333333333333333,0.972,1.0453333333333334,,28.219833333333334
2018-08-01 05:30:00,0.08093333333333333,0.0,0.604,1.01,1.614,,28.24716666666667
2018-08-01 05:45:00,0.44926666666666665,0.0,6.358666666666666,2.5953333333333335,8.954,,28.298499999999997
2018-08-01 06:00:00,0.4902666666666667,0.0,7.299333333333334,2.469333333333333,9.768666666666666,,28.349833333333333
2018-08-01 06:15:00,0.41186666666666666,0.0,6.535333333333333,1.676,8.211333333333334,,28.380055555555554
2018-08-01 06:30:00,0.45886666666666664,0.0,6.567333333333333,2.5746666666666664,9.142,,28.468666666666664
2018-08-01 06:45:00,0.4600666666666667,0.0,7.021333333333333,2.1446666666666667,9.166,,28.738166666666665
2018-08-01 07:00:00,0.47700000000000004,0.0,7.482666666666666,2.021333333333333,9.504,,28.666999999999998
2018-08-01 07:15:00,0.5014666666666667,0.0,7.809333333333334,2.1873333333333336,9.996666666666668,,28.674
2018-08-01 07:30:00,0.5486666666666667,0.8073333333333335,8.392666666666667,2.546,11.746,,28.829833333333333
2018-08-01 07:45:00,0.6557333333333334,72.942,9.714666666666666,3.354,86.01066666666665,,27.968555555555554
2018-08-01 08:00:00,0.7769333333333334,83.79333333333332,10.852666666666666,4.631333333333333,99.27733333333332,,25.77
2018-08-01 08:15:00,0.8561333333333334,64.96533333333333,11.594,5.467333333333333,82.02666666666667,,24.72827777777778
2018-08-01 08:30:00,0.9419333333333333,57.760666666666665,12.921333333333333,5.8533333333333335,76.53533333333333,,24.37038888888889
2018-08-01 08:45:00,0.9872666666666666,65.46466666666666,13.508666666666667,6.4479999999999995,85.42133333333332,,24.395833333333332
2018-08-01 09:00:00,0.9497333333333333,46.246,13.766666666666664,6.389333333333334,66.402,,24.15688888888889
2018-08-01 09:15:00,0.9772,56.36266666666667,13.633333333333333,5.844666666666667,75.84066666666666,,24.43288888888889
2018-08-01 09:30:00,0.9548666666666666,57.508,13.212666666666667,5.832,76.55266666666667,,24.258444444444443
2018-08-01 09:45:00,0.9516666666666665,65.23066666666666,13.22,5.748,84.19866666666667,,24.093166666666665
2018-08-01 10:00:00,0.9559333333333334,51.65266666666666,13.073333333333332,6.021333333333334,70.74733333333333,,23.956833333333336
2018-08-01 10:15:00,0.975,52.396,13.321333333333333,6.3293333333333335,72.04666666666667,,24.267999999999997
2018-08-01 10:30:00,0.9712666666666666,52.45333333333334,13.252666666666666,6.208666666666667,71.91466666666666,,24.210777777777775
2018-08-01 10:45:00,0.9670666666666666,58.96133333333333,13.267333333333333,6.009333333333333,78.238,,24.122222222222224
2018-08-01 11:00:00,0.9867333333333334,59.41866666666667,13.624666666666666,6.148,79.19133333333335,,24.045222222222222
2018-08-01 11:15:00,0.9918666666666667,57.052,13.478000000000002,6.480666666666666,77.01066666666667,,24.060166666666667
2018-08-01 11:30:00,0.9894,56.962666666666664,13.525333333333332,6.478666666666667,76.96666666666667,,24.11883333333333
2018-08-01 11:45:00,0.9839333333333333,1.994,13.771999999999998,6.027333333333333,21.793333333333333,,24.881833333333336
2018-08-01 12:00:00,0.9251333333333334,1.166,12.528666666666664,5.934,19.628666666666668,,26.444666666666667
2018-08-01 12:15:00,0.8825333333333333,1.6166666666666667,12.081333333333333,5.5040000000000004,19.202,,27.594722222222224
2018-08-01 12:30:00,0.8692666666666666,1.1673333333333333,11.927333333333333,5.396,18.490666666666666,,28.218388888888892
2018-08-01 12:45:00,0.8395333333333334,1.7866666666666664,11.722666666666667,5.009333333333333,18.518666666666665,,28.47311111111111
2018-08-01 13:00:00,0.9241333333333334,74.94200000000001,12.511333333333333,5.908666666666667,93.36200000000001,,27.704666666666665
2018-08-01 13:15:00,0.9547333333333333,80.744,12.923333333333334,6.107333333333333,99.77466666666668,,25.46466666666667
2018-08-01 13:30:00,0.9797333333333333,60.705333333333336,13.394666666666666,6.2266666666666675,80.32666666666667,,24.659499999999998
2018-08-01 13:45:00,0.9748666666666667,54.906,13.331333333333333,6.3373333333333335,74.57466666666666,,24.41088888888889
2018-08-01 14:00:00,0.9860666666666666,67.07866666666668,13.310666666666666,6.4366666666666665,86.82600000000001,,24.554333333333332
2018-08-01 14:15:00,0.9752,55.2,13.138,6.327333333333333,74.66533333333334,,24.096
2018-08-01 14:30:00,0.991,56.98066666666667,13.283333333333333,6.701333333333333,76.96533333333333,,24.139666666666663
2018-08-01 14:45:00,0.9867333333333334,58.31333333333334,13.590666666666667,6.348666666666667,78.25266666666667,,24.10288888888889
2018-08-01 15:00:00,0.9408666666666666,53.424,13.656666666666666,6.5873333333333335,73.66799999999999,,24.1625
2018-08-01 15:15:00,0.95,58.10066666666667,12.870666666666665,6.063999999999999,77.03533333333333,,24.100166666666667
2018-08-01 15:30:00,0.966,59.809999999999995,12.962666666666667,6.322666666666667,79.09533333333334,,23.978833333333334
2018-08-01 15:45:00,0.9518,55.76333333333333,12.675999999999998,6.295333333333334,74.73466666666667,,23.910388888888892
2018-08-01 16:00:00,0.9216666666666666,56.76533333333334,13.315999999999999,6.230666666666667,76.312,,24.041222222222224
2018-08-01 16:15:00,0.9534666666666667,58.142,13.096666666666666,6.019333333333334,77.258,,23.965222222222224
2018-08-01 16:30:00,0.9538666666666666,1.6493333333333335,13.288666666666668,5.723333333333333,20.661333333333335,,24.639
2018-08-01 16:45:00,0.9025333333333333,0.13,13.398000000000001,5.616666666666666,19.14466666666667,,26.40983333333333
2018-08-01 17:00:00,0.8217333333333333,0.4053333333333333,11.804,4.573333333333333,16.782666666666668,,27.439222222222224
2018-08-01 17:15:00,0.7282666666666666,0.006,10.641333333333334,3.872,14.519333333333332,,27.7535
2018-08-01 17:30:00,0.6921333333333333,0.0,10.099333333333334,3.6986666666666665,13.798,,27.959333333333333
2018-08-01 17:45:00,0.6694666666666667,0.0,9.859333333333332,3.4859999999999998,13.345333333333334,,28.140333333333334
2018-08-01 18:00:00,0.631,0.0,9.271333333333333,3.304666666666667,12.575999999999999,,28.158833333333334
2018-08-01 18:15:00,0.6030666666666666,0.0,8.999333333333334,3.018666666666667,12.017999999999999,,28.227611111111113
2018-08-01 18:30:00,0.5738,0.0,8.914666666666667,2.516,11.430666666666665,,28.238944444444442
2018-08-01 18:45:00,0.5816,0.0,9.207333333333333,2.3833333333333333,11.590666666666666,,28.020222222222223
2018-08-01 19:00:00,0.5664,0.0,8.908,2.384666666666667,11.292666666666666,,28.23111111111111
2018-08-01 19:15:00,0.5454666666666667,0.0,8.681999999999999,2.1913333333333336,10.873333333333333,,28.219166666666663
2018-08-01 19:30:00,0.5382,0.0,8.544,2.1839999999999997,10.728,,28.328222222222223
2018-08-01 19:45:00,0.5411333333333334,0.0,8.464666666666666,2.320666666666667,10.785333333333334,,28.309666666666665
2018-08-01 20:00:00,0.48886666666666667,0.0,7.8806666666666665,1.8619999999999999,9.742666666666667,,28.34627777777778
2018-08-01 20:15:00,0.4192666666666666,0.0,6.4719999999999995,1.8833333333333333,8.355333333333332,,28.265111111111114
2018-08-01 20:30:00,0.29159999999999997,0.0,4.018666666666666,1.7899999999999998,5.808666666666666,,28.20661111111111
2018-08-01 20:45:00,0.24733333333333332,0.0,3.186,1.7433333333333332,4.929333333333333,,28.216
2018-08-01 21:00:00,0.19580000000000003,0.0,2.0899999999999994,1.8106666666666666,3.9006666666666665,,28.1215
2018-08-01 21:15:00,0.1306,0.0,1.3186666666666667,1.2846666666666668,2.6033333333333335,,28.03572222222222
2018-08-01 21:30:00,0.09473333333333334,0.0,0.8240000000000001,1.0673333333333335,1.8913333333333333,,28.211333333333336
2018-08-01 21:45:00,0.0804,0.0,0.5713333333333334,1.032,1.6033333333333333,,27.970111111111112
2018-08-01 22:00:00,0.056133333333333334,0.0,0.13799999999999998,0.9813333333333333,1.1193333333333333,,28.014499999999998
2018-08-01 22:15:00,0.0502,0.0,0.021333333333333333,0.9773333333333334,0.9986666666666667,,27.986222222222224
2018-08-01 22:30:00,0.05313333333333334,0.0,0.024666666666666667,1.0326666666666666,1.0573333333333332,,27.869611111111112
2018-08-01 22:45:00,0.053000000000000005,0.0,0.020666666666666667,1.0353333333333332,1.056,,27.929333333333332
2018-08-01 23:00:00,0.05873333333333333,0.0,0.13933333333333334,1.0313333333333332,1.1706666666666665,,27.915833333333335
2018-08-01 23:15:00,0.06066666666666667,0.0,0.17333333333333334,1.034,1.2073333333333334,,27.89483333333333
2018-08-01 23:30:00,0.0614,0.0,0.14333333333333337,1.0786666666666667,1.222,,27.94922222222222
2018-08-01 23:45:00,0.05993333333333333,0.0,0.13066666666666668,1.064,1.1946666666666668,,27.8835
2018-08-02 00:00:00,0.05413333333333333,0.0,0.02266666666666667,1.052,1.0746666666666667,,27.8795
2018-08-02 00:15:00,0.06046666666666667,0.0,0.12066666666666667,1.0853333333333335,1.206,,27.84561111111111
2018-08-02 00:30:00,0.051000000000000004,0.0,0.08533333333333333,0.9313333333333332,1.0166666666666666,,27.870833333333334
2018-08-02 00:45:00,0.04753333333333333,0.0,0.021333333333333333,0.9266666666666666,0.9480000000000001,,27.862833333333334
2018-08-02 01:00:00,0.05006666666666667,0.0,0.021333333333333333,0.9746666666666666,0.996,,27.862000000000002
2018-08-02 01:15:00,0.05006666666666667,0.0,0.022000000000000002,0.9726666666666667,0.9946666666666667,,27.882444444444445
2018-08-02 01:30:00,0.057666666666666665,0.0,0.1753333333333333,0.9713333333333334,1.1466666666666667,,27.825555555555557
2018-08-02 01:45:00,0.05493333333333334,0.0,0.02333333333333333,1.0706666666666667,1.094,,27.852500000000003
2018-08-02 02:00:00,0.05346666666666667,0.0,0.020666666666666667,1.0426666666666666,1.0633333333333335,,27.900166666666667
2018-08-02 02:15:00,0.0518,0.0,0.024666666666666667,1.0053333333333332,1.03,,27.853333333333335
2018-08-02 02:30:00,0.05293333333333334,0.0,0.021333333333333333,1.0306666666666666,1.052,,27.852666666666664
2018-08-02 02:45:00,0.0608,0.0,0.174,1.0379999999999998,1.212,,27.854166666666668
2018-08-02 03:00:00,0.055600000000000004,0.0,0.11066666666666668,0.9933333333333334,1.1039999999999999,,27.852666666666668
2018-08-02 03:15:00,0.05653333333333333,0.0,0.14133333333333334,0.9853333333333333,1.1266666666666665,,27.858999999999998
2018-08-02 03:30:00,0.055,0.0,0.12400000000000001,0.9713333333333334,1.0953333333333333,,27.88238888888889
2018-08-02 03:45:00,0.048266666666666666,0.0,0.048,0.9133333333333333,0.9613333333333334,,27.860166666666668
2018-08-02 04:00:00,0.058333333333333334,0.0,0.15266666666666667,1.0086666666666668,1.1613333333333336,,27.90677777777778
2018-08-02 04:15:00,0.05126666666666667,0.0,0.02266666666666667,0.996,1.0186666666666666,,27.83061111111111
2018-08-02 04:30:00,0.05313333333333334,0.0,0.021333333333333333,1.036,1.0573333333333332,,27.87722222222222
2018-08-02 04:45:00,0.05466666666666667,0.0,0.02333333333333333,1.0646666666666667,1.088,,27.860833333333336
2018-08-02 05:00:00,0.06306666666666666,0.0,0.17866666666666667,1.0773333333333333,1.256,,27.920055555555557
2018-08-02 05:15:00,0.06633333333333333,0.0,0.31799999999999995,1.0053333333333334,1.3233333333333335,,27.8845
2018-08-02 05:30:00,0.07673333333333333,0.0,0.5186666666666667,1.01,1.5286666666666666,,27.904333333333334
2018-08-02 05:45:00,0.07559999999999999,0.0,0.528,0.9793333333333333,1.5073333333333332,,27.88116666666667
2018-08-02 06:00:00,0.1955333333333333,0.0,2.4366666666666665,1.46,3.896666666666667,,27.860333333333333
2018-08-02 06:15:00,0.5325333333333334,0.0,7.468000000000001,3.1453333333333333,10.613333333333333,,27.913
2018-08-02 06:30:00,0.44253333333333333,0.0,6.784666666666666,2.0453333333333332,8.83,,27.94527777777778
2018-08-02 06:45:00,0.39626666666666666,0.0,6.232666666666666,1.6640000000000001,7.896666666666666,,27.9925
2018-08-02 07:00:00,0.5112,0.0,8.306000000000001,1.8840000000000001,10.19,,28.04866666666667
2018-08-02 07:15:00,0.5628666666666666,0.0,8.687333333333333,2.5319999999999996,11.219333333333333,,28.185499999999998
2018-08-02 07:30:00,0.6446666666666666,0.8246666666666667,9.315333333333333,3.5313333333333334,13.671333333333333,,28.371
2018-08-02 07:45:00,0.6921333333333333,72.13133333333333,9.772666666666664,4.024666666666667,85.92866666666667,,27.689666666666668
2018-08-02 08:00:00,0.7739333333333334,78.18466666666667,11.029333333333334,4.3933333333333335,93.60733333333334,,25.482000000000003
2018-08-02 08:15:00,0.9039333333333334,63.22266666666667,12.836666666666668,5.2,81.25933333333333,,24.375833333333333
2018-08-02 08:30:00,0.9423999999999999,58.17133333333334,13.359333333333332,5.424666666666667,76.95533333333333,,24.22861111111111
2018-08-02 08:45:00,0.9136000000000001,52.434,13.968,5.390666666666666,71.79266666666668,,24.467666666666666
2018-08-02 09:00:00,0.9588666666666666,66.19666666666667,13.522666666666668,5.588666666666667,85.30799999999999,,24.304333333333332
2018-08-02 09:15:00,0.9733999999999999,60.40933333333333,13.430666666666665,6.1306666666666665,79.97066666666666,,24.032
2018-08-02 09:30:00,0.9590666666666666,59.56133333333333,12.871333333333332,6.276666666666667,78.70933333333333,,24.12738888888889
2018-08-02 09:45:00,0.8963333333333333,56.882666666666665,12.234666666666667,5.628,74.74533333333333,,24.014
2018-08-02 10:00:00,0.9129333333333334,65.164,12.466000000000001,5.727333333333333,83.35733333333333,,24.027055555555556
2018-08-02 10:15:00,0.9391333333333333,51.218666666666664,13.161333333333333,5.556,69.93599999999999,,23.92983333333333
2018-08-02 10:30:00,0.9456666666666667,55.147333333333336,12.996666666666666,5.868,74.012,,24.21466666666667
2018-08-02 10:45:00,0.9072666666666667,55.434,12.409333333333334,5.671333333333333,73.51466666666667,,24.078166666666668
2018-08-02 11:00:00,0.8481333333333333,57.285333333333334,11.598666666666668,5.304,74.188,,24.012666666666668
2018-08-02 11:15:00,0.8005333333333334,54.97666666666667,10.67,5.286666666666666,70.93333333333334,,23.977833333333333
2018-08-02 11:30:00,0.7517333333333334,46.830666666666666,10.259333333333334,4.721333333333334,61.81133333333333,,24.095444444444446
2018-08-02 11:45:00,0.7412666666666666,0.8093333333333332,10.202,4.568,15.579333333333333,,24.731055555555557
2018-08-02 12:00:00,0.7508666666666667,0.0,10.325333333333333,4.637333333333333,14.962666666666667,,26.290666666666667
2018-08-02 12:15:00,0.7272,0.0,10.130666666666665,4.359333333333334,14.49,,27.0135
2018-08-02 12:30:00,0.7203999999999999,0.0,9.928666666666667,4.426,14.354666666666667,,27.525666666666666
2018-08-02 12:45:00,0.7222000000000001,0.5453333333333333,9.974666666666668,4.417333333333334,14.937333333333333,,27.875
2018-08-02 13:00:00,0.7252666666666666,73.94466666666668,9.991333333333333,4.461333333333333,88.39733333333334,,27.148333333333333
2018-08-02 13:15:00,0.7376666666666666,73.17333333333333,10.929333333333334,4.346,88.44866666666667,,24.945055555555555
2018-08-02 13:30:00,0.7478,54.68,10.516,4.3853333333333335,69.58133333333333,,24.076500000000003
2018-08-02 13:45:00,0.7422,51.337333333333326,10.504666666666667,4.284666666666666,66.12666666666667,,24.11
2018-08-02 14:00:00,0.7670666666666667,57.64866666666667,10.546666666666669,4.740666666666667,72.93599999999999,,24.329833333333333
2018-08-02 14:15:00,0.8166666666666667,54.93266666666667,11.697333333333335,4.578666666666667,71.20866666666666,,24.005499999999998
2018-08-02 14:30:00,0.8293333333333333,57.714000000000006,12.554666666666666,4.680666666666666,74.94933333333333,,24.00766666666667
2018-08-02 14:45:00,0.8642,57.00466666666667,12.311333333333334,4.9126666666666665,74.22866666666667,,23.981388888888887
2018-08-02 15:00:00,0.8766,47.564,12.655333333333335,4.811999999999999,65.03133333333334,,24.04538888888889
2018-08-02 15:15:00,0.8732000000000001,51.68333333333333,12.410666666666666,4.988,69.08200000000001,,24.354833333333332
2018-08-02 15:30:00,0.8814,58.23800000000001,12.600666666666667,4.962666666666666,75.80133333333333,,24.12038888888889
2018-08-02 15:45:00,0.9460666666666667,55.98133333333333,13.221333333333336,5.8306666666666676,75.03333333333333,,24.06116666666667
2018-08-02 16:00:00,0.9502666666666666,45.61266666666667,14.334,5.764666666666667,65.71133333333334,,23.804333333333332
2018-08-02 16:15:00,0.9633333333333333,55.27733333333333,13.536,5.732,74.54533333333333,,23.987333333333332
2018-08-02 16:30:00,0.9314666666666667,1.7953333333333332,13.271333333333333,5.294,20.360666666666663,,24.5135
2018-08-02 16:45:00,0.9020666666666667,0.0,12.807333333333332,5.17,17.97733333333333,,25.92366666666667
2018-08-02 17:00:00,0.8135333333333333,0.0,12.540666666666668,4.661333333333333,17.202,,26.99027777777778
2018-08-02 17:15:00,0.7662666666666667,0.0,11.551333333333334,3.719333333333333,15.270666666666667,,27.343833333333333
2018-08-02 17:30:00,0.685,0.0,10.765333333333333,3.5679999999999996,14.333333333333334,,27.512555555555554
2018-08-02 17:45:00,0.6562,0.0,9.830666666666668,3.2493333333333334,13.08,,27.8725
2018-08-02 18:00:00,0.6788000000000001,0.0,10.152666666666667,3.375333333333333,13.528,,28.03472222222222
2018-08-02 18:15:00,0.6568666666666666,0.0,9.944666666666668,3.15,13.094666666666667,,28.095333333333333
2018-08-02 18:30:00,0.5228666666666667,0.0,7.723333333333333,2.6986666666666665,10.421999999999999,,28.197333333333333
2018-08-02 18:45:00,0.4751333333333333,0.0,7.013999999999999,2.453333333333333,9.467333333333332,,28.200555555555557
2018-08-02 19:00:00,0.463,0.0,7.036,2.191333333333333,9.227333333333332,,28.20677777777778
2018-08-02 19:15:00,0.433,0.0,6.702,1.9273333333333333,8.629333333333333,,28.1615
2018-08-02 19:30:00,0.4388666666666667,0.0,6.678,2.067333333333333,8.745333333333333,,28.313722222222225
2018-08-02 19:45:00,0.3934666666666667,0.0,5.910666666666668,1.93,7.840666666666667,,28.24088888888889
2018-08-02 20:00:00,0.2965333333333333,0.0,4.199333333333334,1.706,5.905333333333333,,28.155166666666666
2018-08-02 20:15:00,0.20486666666666667,0.0,2.6079999999999997,1.4706666666666666,4.078666666666667,,28.061500000000002
2018-08-02 20:30:00,0.16840000000000002,0.0,1.912,1.4393333333333334,3.3513333333333333,,28.1365
2018-08-02 20:45:00,0.16106666666666666,0.0,1.9133333333333333,1.2946666666666669,3.208,,28.189611111111113
2018-08-02 21:00:00,0.16,0.0,1.904,1.284,3.188,,28.006111111111114
2018-08-02 21:15:00,0.17413333333333333,0.0,2.173333333333333,1.2920000000000003,3.465333333333333,,28.061666666666667
2018-08-02 21:30:00,0.1666,0.0,2.0186666666666664,1.2979999999999998,3.316666666666666,,28.12066666666667
2018-08-02 21:45:00,0.1666,0.0,1.9879999999999998,1.326,3.314,,27.978722222222224
2018-08-02 22:00:00,0.17093333333333333,0.0,1.942,1.4606666666666668,3.4026666666666667,,27.834833333333332
2018-08-02 22:15:00,0.09826666666666667,0.0,0.826,1.134,1.96,,27.807833333333335
2018-08-02 22:30:00,0.05586666666666666,0.0,0.10200000000000001,1.0093333333333334,1.1113333333333335,,27.80788888888889
2018-08-02 22:45:00,0.05006666666666667,0.0,0.020666666666666667,0.9753333333333333,0.996,,27.742833333333333
2018-08-02 23:00:00,0.05126666666666667,0.0,0.02333333333333333,0.9953333333333334,1.0186666666666668,,27.726166666666664
2018-08-02 23:15:00,0.05073333333333333,0.0,0.02266666666666667,0.9900000000000001,1.0126666666666666,,27.717
2018-08-02 23:30:00,0.06406666666666667,0.0,0.18333333333333332,1.094,1.2773333333333334,,27.733999999999998
2018-08-02 23:45:00,0.05006666666666667,0.0,0.02333333333333333,0.9753333333333333,0.9986666666666667,,27.808611111111112
2018-08-03 00:00:00,0.04986666666666666,0.0,0.021333333333333333,0.9706666666666667,0.9920000000000001,,27.731944444444444
2018-08-03 00:15:00,0.047599999999999996,0.0,0.042,0.9060000000000001,0.9480000000000001,,27.700166666666668
2018-08-03 00:30:00,0.05533333333333333,0.0,0.13266666666666668,0.9693333333333334,1.102,,27.661166666666666
2018-08-03 00:45:00,0.06953333333333332,0.0,0.29933333333333334,1.088,1.3873333333333335,,27.6545
2018-08-03 01:00:00,0.06466666666666666,0.0,0.09933333333333333,1.188,1.2873333333333334,,27.64172222222222
2018-08-03 01:15:00,0.05653333333333333,0.0,0.024666666666666667,1.1,1.1246666666666667,,27.66088888888889
2018-08-03 01:30:00,0.056466666666666665,0.0,0.10333333333333333,1.0206666666666666,1.1239999999999999,,27.669666666666668
2018-08-03 01:45:00,0.053533333333333336,0.0,0.18133333333333335,0.8846666666666667,1.066,,27.683722222222226
2018-08-03 02:00:00,0.04786666666666666,0.0,0.020666666666666667,0.932,0.9526666666666668,,27.566
2018-08-03 02:15:00,0.05073333333333333,0.0,0.022000000000000002,0.9873333333333334,1.0093333333333334,,27.659666666666666
2018-08-03 02:30:00,0.054000000000000006,0.0,0.020666666666666667,1.056,1.0766666666666669,,27.602944444444447
2018-08-03 02:45:00,0.06093333333333333,0.0,0.18533333333333332,1.026,1.2113333333333332,,27.6465
2018-08-03 03:00:00,0.0512,0.0,0.022000000000000002,0.9960000000000001,1.018,,27.652444444444445
2018-08-03 03:15:00,0.05279999999999999,0.0,0.024666666666666667,1.0266666666666666,1.0513333333333332,,27.698611111111113
2018-08-03 03:30:00,0.04933333333333333,0.0,0.021333333333333333,0.9613333333333335,0.9826666666666668,,27.717666666666666
2018-08-03 03:45:00,0.0572,0.0,0.04066666666666667,1.0966666666666667,1.1373333333333333,,27.768333333333334
2018-08-03 04:00:00,0.0644,0.0,0.16066666666666668,1.1246666666666667,1.2853333333333334,,27.766277777777777
2018-08-03 04:15:00,0.0536,0.0,0.02266666666666667,1.0446666666666666,1.0673333333333335,,27.781666666666663
2018-08-03 04:30:00,0.0496,0.0,0.022000000000000002,0.9626666666666668,0.9846666666666668,,27.78372222222222
2018-08-03 04:45:00,0.0438,0.0,0.02266666666666667,0.8480000000000001,0.8706666666666667,,27.788777777777778
2018-08-03 05:00:00,0.05606666666666667,0.0,0.218,0.8960000000000001,1.114,,27.749
2018-08-03 05:15:00,0.0562,0.0,0.132,0.9853333333333334,1.1173333333333335,,27.573222222222224
2018-08-03 05:30:00,0.08133333333333333,0.0,0.5846666666666667,1.0373333333333334,1.622,,27.68155555555556
2018-08-03 05:45:00,0.22126666666666667,0.0,2.6693333333333333,1.7426666666666668,4.412000000000001,,27.7345
2018-08-03 06:00:00,0.5453333333333333,0.0,8.010666666666667,2.8606666666666665,10.871333333333332,,27.788555555555554
2018-08-03 06:15:00,0.44299999999999995,0.0,6.942666666666667,1.886,8.828666666666667,,27.838833333333334
2018-08-03 06:30:00,0.42119999999999996,0.0,6.791333333333333,1.6073333333333333,8.398666666666667,,27.81883333333333
2018-08-03 06:45:00,0.4295333333333333,0.0,7.000666666666667,1.5566666666666669,8.557333333333334,,27.971055555555555
2018-08-03 07:00:00,0.4378666666666667,0.0,7.1466666666666665,1.5766666666666667,8.723333333333333,,27.936333333333334
2018-08-03 07:15:00,0.5178666666666667,0.0,8.238666666666667,2.0806666666666667,10.319333333333333,,27.7275
2018-08-03 07:30:00,0.5641333333333333,0.864,8.489333333333333,2.754,12.107333333333333,,28.18566666666667
2018-08-03 07:45:00,0.6138666666666667,72.59933333333333,9.038666666666668,3.1966666666666663,84.83466666666666,,27.429777777777776
2018-08-03 08:00:00,0.7431333333333333,73.232,10.943333333333332,3.868666666666667,88.044,,25.0625
2018-08-03 08:15:00,0.8094,58.33266666666667,11.372666666666667,4.758666666666667,74.464,,24.182000000000002
2018-08-03 08:30:00,0.8739333333333333,57.21066666666666,11.932666666666668,5.484666666666667,74.628,,24.115666666666666
2018-08-03 08:45:00,0.9136666666666666,46.989333333333335,12.626666666666667,5.582,65.19800000000001,,24.37488888888889
2018-08-03 09:00:00,0.9410666666666666,58.53733333333333,13.133333333333333,5.629333333333333,77.3,,24.356944444444444
2018-08-03 09:15:00,0.9553999999999999,58.526666666666664,13.196000000000002,5.843999999999999,77.56666666666666,,24.134666666666664
2018-08-03 09:30:00,0.9562,54.142,13.217333333333334,5.863333333333333,73.22266666666665,,24.03788888888889
2018-08-03 09:45:00,0.9427333333333333,48.684666666666665,14.246,5.808666666666666,68.73933333333333,,24.075055555555554
2018-08-03 10:00:00,0.9596666666666667,55.384,13.809999999999999,5.3853333333333335,74.57933333333334,,24.238
2018-08-03 10:15:00,0.9892666666666667,59.03933333333334,13.958666666666666,5.875333333333333,78.87333333333335,,24.098222222222223
2018-08-03 10:30:00,0.9948666666666667,54.912000000000006,14.386,5.677333333333333,74.97533333333334,,24.03933333333333
2018-08-03 10:45:00,0.9932666666666666,50.26,14.053333333333335,5.863333333333333,70.17666666666668,,23.982166666666668
2018-08-03 11:00:00,0.9916,52.066,14.068666666666667,5.807333333333333,71.94200000000001,,24.166666666666668
2018-08-03 11:15:00,0.9962666666666666,59.45533333333333,14.289333333333332,5.691999999999999,79.43666666666667,,24.05183333333333
2018-08-03 11:30:00,0.9868,54.696000000000005,14.193333333333333,5.601333333333333,74.49066666666667,,24.094444444444445
2018-08-03 11:45:00,0.9519333333333333,1.2020000000000002,13.482000000000001,5.489999999999999,20.174,,24.578777777777777
2018-08-03 12:00:00,0.8645333333333334,0.0,11.610000000000001,5.623333333333333,17.233333333333334,,26.306111111111115
2018-08-03 12:15:00,0.7897333333333333,0.0,10.710666666666667,5.029333333333333,15.74,,27.421388888888888
2018-08-03 12:30:00,0.7644000000000001,0.0,10.279333333333334,4.952666666666667,15.232000000000001,,27.86733333333333
2018-08-03 12:45:00,0.7307333333333333,0.5660000000000001,9.573333333333332,4.985333333333333,15.124666666666666,,28.262777777777778
2018-08-03 13:00:00,0.8282,72.87333333333332,12.6,5.831333333333333,91.30466666666666,,27.563388888888888
2018-08-03 13:15:00,0.9692666666666666,71.84133333333332,13.397333333333334,5.992,91.23066666666666,,25.174500000000002
2018-08-03 13:30:00,0.9652666666666666,59.74666666666666,13.492666666666668,5.795333333333334,79.03466666666667,,24.500833333333333
2018-08-03 13:45:00,0.9742,51.64866666666667,13.623333333333333,5.924,71.196,,24.39622222222222
2018-08-03 14:00:00,0.9991333333333333,60.190000000000005,14.622666666666667,5.814666666666667,80.62733333333334,,24.360833333333336
2018-08-03 14:15:00,0.9914000000000001,55.09066666666667,14.615333333333332,5.691999999999999,75.398,,24.202111111111112
2018-08-03 14:30:00,0.9996666666666667,51.93066666666667,14.423333333333336,5.712,72.066,,24.290611111111108
2018-08-03 14:45:00,0.9738,53.98533333333333,14.024666666666667,6.167333333333334,74.17733333333332,,24.358666666666668
2018-08-03 15:00:00,0.9829333333333333,54.016,14.004,5.7620000000000005,73.782,,24.11416666666667
2018-08-03 15:15:00,0.9976666666666667,57.833333333333336,14.31,5.808666666666666,77.952,,24.00583333333333
2018-08-03 15:30:00,0.9789333333333333,49.882666666666665,13.892,5.78,69.55466666666666,,23.983055555555556
2018-08-03 15:45:00,0.9775333333333334,48.23533333333333,13.591333333333333,5.906666666666666,67.73333333333333,,24.0405
2018-08-03 16:00:00,0.9699333333333333,57.86266666666666,13.277333333333333,6.065333333333333,77.20533333333333,,24.05472222222222
2018-08-03 16:15:00,0.9682666666666666,59.26266666666667,13.485333333333333,5.835333333333334,78.58333333333333,,23.925722222222223
2018-08-03 16:30:00,0.9333333333333333,1.7353333333333334,13.214,5.533333333333333,20.482666666666667,,24.459055555555555
2018-08-03 16:45:00,0.8928666666666667,0.0,12.558,5.234,17.791999999999998,,25.988222222222223
2018-08-03 17:00:00,0.7672666666666667,0.0,11.298,3.994666666666667,15.292666666666666,,26.891000000000002
2018-08-03 17:15:00,0.6771999999999999,0.0,10.175333333333333,3.3213333333333335,13.496666666666666,,27.25738888888889
2018-08-03 17:30:00,0.6280666666666667,0.0,10.410666666666666,3.612,14.022666666666668,,27.76033333333333
2018-08-03 17:45:00,0.5979333333333333,0.0,8.972666666666667,2.9426666666666668,11.915333333333335,,27.88633333333333
2018-08-03 18:00:00,0.5784,0.0,8.659333333333333,2.868,11.527333333333333,,27.879833333333334
2018-08-03 18:15:00,0.45993333333333336,0.0,6.634666666666666,2.529333333333333,9.164,,28.02766666666667
2018-08-03 18:30:00,0.4454666666666667,0.0,6.5040000000000004,2.372,8.876,,27.889333333333333
2018-08-03 18:45:00,0.4196666666666667,0.0,6.3580000000000005,2.01,8.368,,27.805444444444444
2018-08-03 19:00:00,0.46140000000000003,0.0,6.516666666666667,2.68,9.196666666666665,,27.78688888888889
2018-08-03 19:15:00,0.40413333333333334,0.0,6.228666666666666,1.8306666666666667,8.059333333333333,,27.808833333333332
2018-08-03 19:30:00,0.4140666666666667,0.0,6.5600000000000005,1.6953333333333334,8.255333333333335,,27.815833333333334
2018-08-03 19:45:00,0.4095333333333333,0.0,6.582666666666666,1.5833333333333335,8.166,,27.81433333333333
2018-08-03 20:00:00,0.41466666666666663,0.0,6.631333333333333,1.6366666666666667,8.268,,27.821
2018-08-03 20:15:00,0.40599999999999997,0.0,6.604,1.4906666666666668,8.094666666666667,,27.874111111111112
2018-08-03 20:30:00,0.38126666666666664,0.0,5.987333333333334,1.6126666666666667,7.6,,27.71372222222222
2018-08-03 20:45:00,0.27620000000000006,0.0,4.078666666666667,1.4293333333333331,5.508,,27.87288888888889
2018-08-03 21:00:00,0.274,0.0,4.089333333333333,1.3773333333333333,5.466666666666667,,28.004944444444444
2018-08-03 21:15:00,0.2696,0.0,4.049333333333333,1.3273333333333333,5.376666666666666,,27.833333333333332
2018-08-03 21:30:00,0.16646666666666665,0.0,2.1686666666666667,1.1486666666666667,3.317333333333333,,27.778333333333332
2018-08-03 21:45:00,0.11000000000000001,0.0,1.1473333333333333,1.0473333333333332,2.194666666666667,,27.961666666666666
2018-08-03 22:00:00,0.10679999999999999,0.0,1.1133333333333335,1.0186666666666666,2.132,,27.8005
2018-08-03 22:15:00,0.1028,0.0,1.0946666666666667,0.9593333333333333,2.0540000000000003,,27.666666666666668
2018-08-03 22:30:00,0.0606,0.0,0.2886666666666667,0.9179999999999999,1.2066666666666666,,27.69961111111111
2018-08-03 22:45:00,0.05906666666666667,0.0,0.294,0.884,1.1780000000000002,,27.566166666666668
2018-08-03 23:00:00,0.0522,0.0,0.136,0.9019999999999999,1.038,,27.58083333333333
2018-08-03 23:15:00,0.04953333333333333,0.0,0.02266666666666667,0.962,0.9846666666666667,,27.60622222222222
2018-08-03 23:30:00,0.05753333333333333,0.0,0.024666666666666667,1.1226666666666667,1.1473333333333333,,27.567999999999998
2018-08-03 23:45:00,0.05246666666666666,0.0,0.021333333333333333,1.0246666666666666,1.0459999999999998,,27.586166666666667
2018-08-04 00:00:00,0.05633333333333333,0.0,0.18000000000000002,0.9433333333333332,1.1233333333333333,,27.459444444444443
2018-08-04 00:15:00,0.048133333333333334,0.0,0.022000000000000002,0.9366666666666666,0.9586666666666666,,27.57477777777778
2018-08-04 00:30:00,0.04533333333333334,0.0,0.021333333333333333,0.8806666666666666,0.9019999999999999,,27.523222222222223
2018-08-04 00:45:00,0.04286666666666667,0.0,0.021333333333333333,0.8306666666666666,0.852,,27.514555555555553
2018-08-04 01:00:00,0.050133333333333335,0.0,0.022666666666666665,0.9746666666666666,0.9973333333333333,,27.504277777777776
2018-08-04 01:15:00,0.05573333333333333,0.0,0.17933333333333332,0.9313333333333332,1.1106666666666667,,27.5305
2018-08-04 01:30:00,0.050666666666666665,0.0,0.02333333333333333,0.9839999999999999,1.0073333333333332,,27.555722222222222
2018-08-04 01:45:00,0.052599999999999994,0.0,0.02266666666666667,1.0246666666666666,1.0473333333333332,,27.5715
2018-08-04 02:00:00,0.0532,0.0,0.02333333333333333,1.0333333333333332,1.0566666666666666,,27.593666666666664
2018-08-04 02:15:00,0.05553333333333333,0.0,0.12400000000000001,0.9806666666666666,1.1046666666666667,,27.622666666666664
2018-08-04 02:30:00,0.054599999999999996,0.0,0.13266666666666665,0.9553333333333334,1.088,,27.635333333333335
2018-08-04 02:45:00,0.0516,0.0,0.13533333333333336,0.8926666666666666,1.028,,27.656
2018-08-04 03:00:00,0.05346666666666666,0.0,0.14133333333333334,0.9226666666666666,1.064,,27.636333333333333
2018-08-04 03:15:00,0.05126666666666667,0.0,0.038000000000000006,0.9826666666666667,1.0206666666666666,,27.640166666666666
2018-08-04 03:30:00,0.054400000000000004,0.0,0.13933333333333334,0.9433333333333334,1.0826666666666669,,27.675333333333334
2018-08-04 03:45:00,0.0518,0.0,0.06466666666666666,0.9686666666666668,1.0333333333333334,,27.659277777777778
2018-08-04 04:00:00,0.05026666666666667,0.0,0.021333333333333333,0.98,1.0013333333333334,,27.69727777777778
2018-08-04 04:15:00,0.05046666666666667,0.0,0.02266666666666667,0.9806666666666666,1.0033333333333334,,27.76661111111111
2018-08-04 04:30:00,0.0544,0.0,0.025333333333333333,1.058,1.0833333333333333,,27.709166666666665
2018-08-04 04:45:00,0.060000000000000005,0.0,0.17666666666666667,1.0193333333333332,1.196,,27.480722222222223
2018-08-04 05:00:00,0.05126666666666667,0.0,0.02266666666666667,0.9986666666666666,1.0213333333333334,,27.551166666666667
2018-08-04 05:15:00,0.04806666666666667,0.0,0.02266666666666667,0.9346666666666666,0.9573333333333333,,27.56877777777778
2018-08-04 05:30:00,0.051533333333333334,0.0,0.022000000000000002,1.004,1.026,,27.67088888888889
2018-08-04 05:45:00,0.04386666666666666,0.0,0.021333333333333333,0.8493333333333334,0.8706666666666667,,27.650333333333332
2018-08-04 06:00:00,0.052533333333333335,0.0,0.17666666666666667,0.8693333333333333,1.046,,27.576166666666666
2018-08-04 06:15:00,0.049666666666666665,0.0,0.02333333333333333,0.9646666666666667,0.988,,27.590777777777777
2018-08-04 06:30:00,0.047599999999999996,0.0,0.02266666666666667,0.9246666666666666,0.9473333333333334,,27.576944444444447
2018-08-04 06:45:00,0.054,0.0,0.02333333333333333,1.0513333333333332,1.0746666666666664,,27.560166666666664
2018-08-04 07:00:00,0.06453333333333333,0.0,0.10666666666666667,1.1806666666666668,1.2873333333333334,,27.650055555555557
2018-08-04 07:15:00,0.0632,0.0,0.21866666666666668,1.0393333333333332,1.258,,27.768444444444448
2018-08-04 07:30:00,0.05806666666666667,0.0,0.13933333333333336,1.0173333333333332,1.1566666666666667,,27.899055555555552
2018-08-04 07:45:00,0.207,0.0,2.6486666666666667,1.4793333333333332,4.128,,27.876166666666666
2018-08-04 08:00:00,0.22820000000000001,0.0,3.366,1.184,4.55,,27.989888888888892
2018-08-04 08:15:00,0.23959999999999998,0.0013333333333333333,3.698,1.0779999999999998,4.777333333333333,,27.82766666666667
2018-08-04 08:30:00,0.23446666666666666,0.0,3.541333333333333,1.13,4.671333333333333,,27.92716666666667
2018-08-04 08:45:00,0.23006666666666667,0.0,3.5159999999999996,1.0706666666666667,4.586666666666667,,28.038
2018-08-04 09:00:00,0.21886666666666665,4.781333333333333,3.3093333333333335,1.0539999999999998,9.144666666666668,,28.042333333333332
2018-08-04 09:15:00,0.26926666666666665,13.41,4.053333333333333,1.314,18.77733333333333,,27.726333333333333
2018-08-04 09:30:00,0.25566666666666665,12.831999999999999,3.791333333333333,1.3033333333333335,17.926666666666666,,27.418166666666668
2018-08-04 09:45:00,0.25566666666666665,13.175333333333333,3.740666666666667,1.3539999999999999,18.27,,27.428333333333335
2018-08-04 10:00:00,0.25680000000000003,13.527333333333333,3.767333333333333,1.3513333333333333,18.646,,27.27766666666667
2018-08-04 10:15:00,0.2657333333333333,12.698,3.952,1.3473333333333335,17.997333333333334,,27.237333333333332
2018-08-04 10:30:00,0.24786666666666665,12.526,3.7779999999999996,1.1633333333333333,17.467333333333332,,27.175944444444443
2018-08-04 10:45:00,0.24906666666666666,13.431999999999999,3.8453333333333335,1.1206666666666665,18.398000000000003,,27.259333333333334
2018-08-04 11:00:00,0.25253333333333333,12.936666666666667,3.8373333333333335,1.1966666666666665,17.970666666666666,,27.40511111111111
2018-08-04 11:15:00,0.25020000000000003,12.744666666666665,3.9046666666666665,1.0866666666666667,17.736,,27.256111111111114
2018-08-04 11:30:00,0.25366666666666665,13.105333333333332,3.89,1.1673333333333333,18.162666666666667,,27.232444444444447
2018-08-04 11:45:00,0.29573333333333335,12.68,4.176,1.7173333333333334,18.573333333333334,,27.424055555555558
2018-08-04 12:00:00,0.3535333333333333,13.098,4.950666666666667,2.0946666666666665,20.14333333333333,,27.2655
2018-08-04 12:15:00,0.3549333333333333,13.22,5.1273333333333335,1.9486666666666665,20.296,,27.259833333333333
2018-08-04 12:30:00,0.3746,13.314666666666666,5.578666666666666,1.8880000000000001,20.781333333333336,,27.252388888888888
2018-08-04 12:45:00,0.40926666666666667,13.075333333333333,6.207999999999999,1.9513333333333334,21.234666666666666,,27.328166666666664
2018-08-04 13:00:00,0.4201333333333333,12.838666666666665,6.524,1.85,21.212666666666667,,27.439833333333336
2018-08-04 13:15:00,0.4483333333333333,13.015333333333333,7.328,1.6039999999999999,21.947333333333333,,27.364166666666666
2018-08-04 13:30:00,0.4457333333333333,13.240666666666666,7.184666666666667,1.6966666666666665,22.122,,27.448666666666668
2018-08-04 13:45:00,0.41773333333333335,13.023333333333333,6.866666666666666,1.462,21.351999999999997,,27.431833333333334
2018-08-04 14:00:00,0.4251333333333333,13.288666666666666,6.832666666666666,1.6413333333333333,21.762666666666668,,27.567333333333334
2018-08-04 14:15:00,0.41359999999999997,12.894,6.725333333333333,1.522,21.141333333333332,,27.734555555555556
2018-08-04 14:30:00,0.4170666666666667,13.238,6.636,1.6773333333333333,21.551333333333332,,27.52622222222222
2018-08-04 14:45:00,0.34833333333333333,12.789333333333333,5.532666666666667,1.4100000000000001,19.732000000000003,,27.52177777777778
2018-08-04 15:00:00,0.325,12.840666666666667,4.998,1.4773333333333334,19.316,,27.457222222222224
2018-08-04 15:15:00,0.32453333333333334,13.278,5.008,1.4586666666666666,19.744666666666667,,27.38988888888889
2018-08-04 15:30:00,0.32813333333333333,12.853333333333333,4.967333333333333,1.5719999999999998,19.392666666666667,,27.350166666666667
2018-08-04 15:45:00,0.3354,12.750666666666666,5.214666666666667,1.4693333333333334,19.434666666666665,,27.356333333333332
2018-08-04 16:00:00,0.3198,12.738666666666665,5.0233333333333325,1.35,19.112000000000002,,27.2975
2018-08-04 16:15:00,0.2793333333333334,13.104000000000001,4.287333333333334,1.2813333333333332,18.672666666666668,,27.301833333333335
2018-08-04 16:30:00,0.2828666666666667,12.703333333333335,4.516,1.1226666666666667,18.342,,27.255444444444443
2018-08-04 16:45:00,0.2798,13.145333333333333,4.484666666666667,1.092,18.721999999999998,,27.370333333333335
2018-08-04 17:00:00,0.2734,12.782666666666668,4.2973333333333334,1.154,18.233999999999998,,27.19888888888889
2018-08-04 17:15:00,0.2812,13.321333333333333,4.228666666666666,1.3813333333333333,18.931333333333335,,27.213166666666666
2018-08-04 17:30:00,0.2861333333333333,8.106666666666666,4.352,1.3513333333333333,13.809999999999999,,27.320333333333334
2018-08-04 17:45:00,0.28359999999999996,0.0,4.400666666666667,1.2533333333333334,5.654,,27.457611111111113
2018-08-04 18:00:00,0.28800000000000003,0.0,4.480666666666666,1.262,5.742666666666667,,27.956500000000002
2018-08-04 18:15:00,0.2680666666666667,0.0,4.1706666666666665,1.174,5.344666666666667,,28.147
2018-08-04 18:30:00,0.25593333333333335,0.0,4.054666666666667,1.0486666666666666,5.1033333333333335,,28.21677777777778
2018-08-04 18:45:00,0.1672,0.0,2.254,1.0726666666666664,3.3266666666666667,,28.264
2018-08-04 19:00:00,0.08713333333333333,0.0,0.7986666666666667,0.94,1.7386666666666668,,28.247999999999998
2018-08-04 19:15:00,0.06366666666666666,0.0,0.36133333333333334,0.906,1.2673333333333334,,28.216333333333335
2018-08-04 19:30:00,0.04666666666666666,0.0,0.02266666666666667,0.9066666666666666,0.9293333333333335,,28.156888888888886
2018-08-04 19:45:00,0.0494,0.0,0.02333333333333333,0.9580000000000001,0.9813333333333334,,28.185
2018-08-04 20:00:00,0.059666666666666666,0.0,0.17666666666666667,1.0113333333333332,1.188,,28.1565
2018-08-04 20:15:00,0.055266666666666665,0.0,0.021333333333333333,1.0793333333333333,1.1006666666666665,,28.130666666666666
2018-08-04 20:30:00,0.054066666666666666,0.0,0.022000000000000002,1.0546666666666666,1.0766666666666667,,28.244333333333334
2018-08-04 20:45:00,0.058866666666666664,0.0,0.14533333333333334,1.0253333333333332,1.1706666666666665,,28.173555555555556
2018-08-04 21:00:00,0.05146666666666667,0.0,0.14200000000000002,0.8806666666666667,1.0226666666666666,,28.136833333333335
2018-08-04 21:15:00,0.05433333333333333,0.0,0.272,0.8073333333333335,1.0793333333333335,,28.147
2018-08-04 21:30:00,0.04466666666666667,0.0,0.020666666666666667,0.8680000000000001,0.8886666666666668,,28.165277777777778
2018-08-04 21:45:00,0.05053333333333333,0.0,0.02266666666666667,0.9846666666666667,1.0073333333333334,,28.177444444444447
2018-08-04 22:00:00,0.0504,0.0,0.024,0.9806666666666667,1.0046666666666666,,28.13738888888889
2018-08-04 22:15:00,0.048,0.0,0.022000000000000002,0.932,0.9540000000000001,,28.124222222222222
2018-08-04 22:30:00,0.059000000000000004,0.0,0.18266666666666667,0.9933333333333333,1.176,,28.137833333333333
2018-08-04 22:45:00,0.0514,0.0,0.02333333333333333,1.0006666666666666,1.024,,28.14216666666667
2018-08-04 23:00:00,0.046933333333333334,0.0,0.024,0.9073333333333333,0.9313333333333332,,28.21333333333333
2018-08-04 23:15:00,0.05053333333333333,0.0,0.02266666666666667,0.9813333333333333,1.004,,28.166722222222223
2018-08-04 23:30:00,0.056266666666666666,0.0,0.04733333333333333,1.0726666666666667,1.1199999999999999,,28.071388888888887
2018-08-04 23:45:00,0.054066666666666666,0.0,0.15533333333333335,0.9193333333333334,1.0746666666666667,,28.142777777777777
2018-08-05 00:00:00,0.04653333333333333,0.0,0.022000000000000002,0.902,0.924,,28.15188888888889
2018-08-05 00:15:00,0.046799999999999994,0.0,0.02266666666666667,0.9073333333333334,0.93,,28.18161111111111
2018-08-05 00:30:00,0.0428,0.0,0.02333333333333333,0.8273333333333334,0.8506666666666667,,28.16272222222222
2018-08-05 00:45:00,0.0436,0.0,0.11733333333333333,0.7513333333333333,0.8686666666666667,,28.083055555555557
2018-08-05 01:00:00,0.054200000000000005,0.0,0.08466666666666667,0.9933333333333333,1.0779999999999998,,28.160666666666668
2018-08-05 01:15:00,0.057466666666666666,0.0,0.09133333333333334,1.0539999999999998,1.1453333333333333,,28.1595
2018-08-05 01:30:00,0.057,0.0,0.12866666666666668,1.0059999999999998,1.1346666666666665,,28.22838888888889
2018-08-05 01:45:00,0.05693333333333333,0.0,0.15066666666666667,0.9839999999999999,1.1346666666666667,,28.365
2018-08-05 02:00:00,0.052000000000000005,0.0,0.136,0.8993333333333333,1.0353333333333334,,28.171
2018-08-05 02:15:00,0.0486,0.0,0.07533333333333334,0.8906666666666666,0.966,,28.168833333333335
2018-08-05 02:30:00,0.04533333333333334,0.0,0.021333333333333333,0.882,0.9033333333333334,,28.209777777777777
2018-08-05 02:45:00,0.04786666666666666,0.0,0.021333333333333333,0.9319999999999999,0.9533333333333333,,28.155277777777776
2018-08-05 03:00:00,0.04786666666666666,0.0,0.02266666666666667,0.9266666666666666,0.9493333333333334,,28.16283333333333
2018-08-05 03:15:00,0.049,0.0,0.178,0.7959999999999999,0.974,,28.16133333333333
2018-08-05 03:30:00,0.0482,0.0,0.02333333333333333,0.936,0.9593333333333334,,28.1625
2018-08-05 03:45:00,0.050133333333333335,0.0,0.02333333333333333,0.9746666666666666,0.9979999999999999,,28.1615
2018-08-05 04:00:00,0.051000000000000004,0.0,0.02266666666666667,0.9919999999999999,1.0146666666666666,,28.208555555555556
2018-08-05 04:15:00,0.052066666666666664,0.0,0.025333333333333333,1.0106666666666666,1.036,,28.18777777777778
2018-08-05 04:30:00,0.05373333333333333,0.0,0.17933333333333332,0.8893333333333333,1.0686666666666667,,28.168499999999998
2018-08-05 04:45:00,0.048666666666666664,0.0,0.02266666666666667,0.9446666666666667,0.9673333333333333,,28.181499999999996
2018-08-05 05:00:00,0.047066666666666666,0.0,0.02266666666666667,0.9153333333333333,0.9380000000000001,,28.185999999999996
2018-08-05 05:15:00,0.04646666666666667,0.0,0.02333333333333333,0.9006666666666667,0.924,,28.217333333333332
2018-08-05 05:30:00,0.047933333333333335,0.0,0.02266666666666667,0.9306666666666668,0.9533333333333334,,28.13522222222222
2018-08-05 05:45:00,0.1286,0.0,1.574,0.9893333333333333,2.5633333333333335,,28.178166666666666
2018-08-05 06:00:00,0.2052,0.0,3.198,0.89,4.087999999999999,,28.15838888888889
2018-08-05 06:15:00,0.20866666666666667,0.0,3.195333333333333,0.9640000000000001,4.1593333333333335,,28.22427777777778
2018-08-05 06:30:00,0.19973333333333335,0.0,2.9633333333333334,1.0153333333333332,3.978666666666667,,28.209999999999997
2018-08-05 06:45:00,0.10893333333333334,0.0,1.1686666666666667,0.9999999999999999,2.1686666666666667,,28.229444444444443
2018-08-05 07:00:00,0.06993333333333333,0.0,0.4153333333333334,0.9786666666666667,1.394,,28.256666666666668
2018-08-05 07:15:00,0.060733333333333334,0.0,0.234,0.9753333333333334,1.2093333333333336,,28.256944444444446
2018-08-05 07:30:00,0.06253333333333334,0.0,0.232,1.0126666666666668,1.2446666666666668,,28.28072222222222
2018-08-05 07:45:00,0.05426666666666667,0.0,0.17733333333333334,0.9026666666666667,1.0800000000000003,,28.354277777777778
2018-08-05 08:00:00,0.0598,0.0,0.26666666666666666,0.926,1.1926666666666668,,28.321666666666665
2018-08-05 08:15:00,0.048133333333333334,0.0,0.11533333333333333,0.842,0.9573333333333333,,28.355666666666668
2018-08-05 08:30:00,0.0446,0.0,0.11,0.7773333333333333,0.8873333333333332,,28.351388888888888
2018-08-05 08:45:00,0.05,0.0,0.11133333333333333,0.8833333333333333,0.9946666666666667,,28.35327777777778
2018-08-05 09:00:00,0.096,0.0,0.9306666666666668,0.9826666666666666,1.9133333333333333,,28.473166666666664
2018-08-05 09:15:00,0.16726666666666665,0.0,2.2666666666666666,1.0626666666666666,3.329333333333333,,28.702
2018-08-05 09:30:00,0.17246666666666666,0.0,2.338,1.0966666666666667,3.4346666666666663,,28.572944444444442
2018-08-05 09:45:00,0.17300000000000001,0.0,2.363333333333333,1.0826666666666667,3.4459999999999997,,28.844111111111108
2018-08-05 10:00:00,0.1944,0.0,2.64,1.2326666666666668,3.8726666666666665,,28.715
2018-08-05 10:15:00,0.19886666666666666,0.0,2.6893333333333334,1.274,3.9633333333333334,,28.786333333333335
2018-08-05 10:30:00,0.17653333333333335,0.0,2.4339999999999997,1.084,3.518,,28.845000000000002
2018-08-05 10:45:00,0.16846666666666668,0.0,2.3160000000000003,1.0373333333333332,3.353333333333333,,28.865
2018-08-05 11:00:00,0.18193333333333334,0.0,2.426,1.1960000000000002,3.6220000000000003,,28.83911111111111
2018-08-05 11:15:00,0.1829333333333333,0.0,2.560666666666667,1.0826666666666667,3.643333333333333,,28.821166666666667
2018-08-05 11:30:00,0.18046666666666666,0.0,2.54,1.0539999999999998,3.594,,28.913277777777775
2018-08-05 11:45:00,0.18653333333333333,0.0,2.5846666666666667,1.13,3.7146666666666666,,29.111722222222223
2018-08-05 12:00:00,0.2657333333333333,0.0,4.053333333333334,1.2426666666666668,5.296000000000001,,29.037666666666667
2018-08-05 12:15:00,0.19766666666666666,0.0,2.7800000000000002,1.1580000000000001,3.9380000000000006,,29.09416666666667
2018-08-05 12:30:00,0.19153333333333336,0.0,2.762,1.0546666666666666,3.816666666666667,,29.17827777777778
2018-08-05 12:45:00,0.20013333333333333,0.0,2.862666666666667,1.1246666666666667,3.9873333333333334,,29.179277777777777
2018-08-05 13:00:00,0.25953333333333334,0.0,3.942,1.2346666666666666,5.176666666666666,,29.164
2018-08-05 13:15:00,0.2672,0.0,4.018666666666666,1.3099999999999998,5.328666666666666,,29.115166666666667
2018-08-05 13:30:00,0.2672,0.0,3.997333333333333,1.3313333333333333,5.328666666666667,,29.047833333333337
2018-08-05 13:45:00,0.23933333333333331,0.0,3.6413333333333333,1.13,4.771333333333333,,28.97188888888889
2018-08-05 14:00:00,0.2448,0.0,3.628,1.2540000000000002,4.882000000000001,,29.16177777777778
2018-08-05 14:15:00,0.24486666666666668,0.0,3.6113333333333335,1.2719999999999998,4.883333333333334,,29.276666666666664
2018-08-05 14:30:00,0.24626666666666666,0.0,3.6626666666666665,1.248,4.910666666666667,,29.277166666666666
2018-08-05 14:45:00,0.21073333333333333,0.0,2.993333333333333,1.2066666666666668,4.2,,29.221333333333334
2018-08-05 15:00:00,0.1856,0.0,2.5153333333333334,1.182,3.6973333333333334,,29.263166666666667
2018-08-05 15:15:00,0.18786666666666668,0.0,2.6146666666666665,1.126,3.740666666666667,,29.275055555555557
2018-08-05 15:30:00,0.18793333333333334,0.0,2.5373333333333337,1.2066666666666666,3.7439999999999998,,29.2525
2018-08-05 15:45:00,0.19260000000000002,0.0,2.676666666666667,1.16,3.836666666666667,,29.267666666666667
2018-08-05 16:00:00,0.175,0.0,2.452,1.0333333333333334,3.4853333333333336,,29.189166666666665
2018-08-05 16:15:00,0.1728,0.0,2.4226666666666667,1.0213333333333334,3.4440000000000004,,29.189833333333336
2018-08-05 16:30:00,0.17373333333333332,0.0,2.4560000000000004,1.002,3.458,,29.083555555555556
2018-08-05 16:45:00,0.17446666666666666,0.0,2.462,1.012,3.4739999999999998,,29.1215
2018-08-05 17:00:00,0.17986666666666667,0.0,2.5900000000000003,0.9920000000000001,3.5820000000000003,,29.1115
2018-08-05 17:15:00,0.056666666666666664,0.0,0.20533333333333334,0.922,1.1273333333333333,,29.12777777777778
2018-08-05 17:30:00,0.0512,0.0,0.022000000000000002,0.9986666666666667,1.0206666666666666,,29.12672222222222
2018-08-05 17:45:00,0.04933333333333333,0.0,0.028,0.9506666666666667,0.9786666666666667,,29.272777777777776
2018-08-05 18:00:00,0.0588,0.0,0.138,1.0333333333333334,1.1713333333333333,,29.122555555555557
2018-08-05 18:15:00,0.07946666666666666,0.0,0.5486666666666667,1.0353333333333332,1.5839999999999999,,28.941666666666666
2018-08-05 18:30:00,0.12613333333333332,0.0,1.4746666666666668,1.0399999999999998,2.5146666666666664,,29.000666666666667
2018-08-05 18:45:00,0.11746666666666666,0.0,1.3826666666666667,0.9593333333333334,2.342,,28.954777777777778
2018-08-05 19:00:00,0.1184,0.0,1.3840000000000001,0.9793333333333333,2.3633333333333337,,28.9845
2018-08-05 19:15:00,0.11266666666666666,0.0,1.3906666666666667,0.8573333333333333,2.2479999999999998,,28.98033333333333
2018-08-05 19:30:00,0.12526666666666667,0.0,1.5466666666666666,0.9493333333333334,2.496,,28.973000000000003
2018-08-05 19:45:00,0.11693333333333333,0.0,1.3960000000000001,0.9366666666666668,2.332666666666667,,28.979166666666668
2018-08-05 20:00:00,0.0872,0.0,0.7733333333333334,0.966,1.7393333333333334,,28.941777777777776
2018-08-05 20:15:00,0.05266666666666667,0.0,0.022000000000000002,1.026,1.0479999999999998,,28.937333333333335
2018-08-05 20:30:00,0.058333333333333334,0.0,0.13399999999999998,1.0286666666666666,1.1626666666666665,,28.92366666666667
2018-08-05 20:45:00,0.05606666666666667,0.0,0.06866666666666667,1.0479999999999998,1.1166666666666667,,28.913
2018-08-05 21:00:00,0.05586666666666666,0.0,0.021333333333333333,1.0933333333333333,1.1146666666666667,,28.8885
2018-08-05 21:15:00,0.05293333333333334,0.0,0.046000000000000006,1.008,1.054,,28.8735
2018-08-05 21:30:00,0.048133333333333334,0.0,0.13266666666666668,0.8246666666666668,0.9573333333333334,,28.861833333333333
2018-08-05 21:45:00,0.059000000000000004,0.0,0.3,0.876,1.176,,28.897166666666667
2018-08-05 22:00:00,0.04833333333333333,0.0,0.07266666666666667,0.8886666666666667,0.9613333333333335,,28.882333333333335
2018-08-05 22:15:00,0.048666666666666664,0.0,0.024,0.9453333333333334,0.9693333333333334,,28.873333333333335
2018-08-05 22:30:00,0.051666666666666666,0.0,0.021333333333333333,1.008,1.0293333333333332,,28.806722222222223
2018-08-05 22:45:00,0.05106666666666667,0.0,0.02333333333333333,0.9906666666666666,1.014,,28.8325
2018-08-05 23:00:00,0.0598,0.0,0.18000000000000002,1.0106666666666666,1.1906666666666665,,28.831666666666667
2018-08-05 23:15:00,0.04853333333333333,0.0,0.02333333333333333,0.942,0.9653333333333334,,28.831833333333336
2018-08-05 23:30:00,0.04526666666666667,0.0,0.02266666666666667,0.8786666666666666,0.9013333333333333,,28.829833333333333
2018-08-05 23:45:00,0.0484,0.0,0.02266666666666667,0.9413333333333332,0.9640000000000001,,28.85072222222222
2018-08-06 00:00:00,0.06193333333333333,0.0,0.18133333333333335,1.0533333333333332,1.2346666666666666,,28.84561111111111
2018-08-06 00:15:00,0.0498,0.0,0.022000000000000002,0.9686666666666667,0.9906666666666666,,28.844722222222224
2018-08-06 00:30:00,0.0472,0.0,0.022000000000000002,0.9186666666666667,0.9406666666666668,,28.817666666666664
2018-08-06 00:45:00,0.04666666666666666,0.0,0.02333333333333333,0.908,0.9313333333333333,,28.77172222222222
2018-08-06 01:00:00,0.039066666666666666,0.0,0.024666666666666667,0.7506666666666667,0.7753333333333333,,28.811833333333333
2018-08-06 01:15:00,0.050133333333333335,0.0,0.1753333333333333,0.8220000000000002,0.9973333333333334,,28.782333333333334
2018-08-06 01:30:00,0.052866666666666666,0.0,0.022000000000000002,1.0313333333333334,1.0533333333333335,,28.807333333333336
2018-08-06 01:45:00,0.05873333333333333,0.0,0.09000000000000001,1.0806666666666667,1.1706666666666665,,28.8
2018-08-06 02:00:00,0.057866666666666663,0.0,0.138,1.0133333333333332,1.1513333333333333,,28.729833333333332
2018-08-06 02:15:00,0.05853333333333333,0.0,0.21533333333333335,0.9513333333333333,1.1666666666666667,,28.7765
2018-08-06 02:30:00,0.0542,0.0,0.11466666666666667,0.9626666666666667,1.0773333333333333,,28.903666666666666
2018-08-06 02:45:00,0.04986666666666666,0.0,0.022000000000000002,0.9686666666666667,0.9906666666666666,,28.80816666666667
2018-08-06 03:00:00,0.0534,0.0,0.02266666666666667,1.0393333333333332,1.0619999999999998,,28.80733333333333
2018-08-06 03:15:00,0.05073333333333333,0.0,0.024,0.9846666666666667,1.0086666666666666,,28.81761111111111
2018-08-06 03:30:00,0.05633333333333333,0.0,0.18133333333333335,0.9366666666666668,1.118,,28.81311111111111
2018-08-06 03:45:00,0.04253333333333333,0.0,0.024666666666666667,0.8213333333333334,0.846,,28.82922222222222
2018-08-06 04:00:00,0.04753333333333333,0.0,0.02333333333333333,0.9233333333333333,0.9466666666666668,,28.746944444444445
2018-08-06 04:15:00,0.052533333333333335,0.0,0.02333333333333333,1.0213333333333334,1.0446666666666666,,28.801833333333335
2018-08-06 04:30:00,0.06026666666666667,0.0,0.10266666666666667,1.0973333333333335,1.2,,28.81711111111111
2018-08-06 04:45:00,0.0584,0.0,0.10066666666666667,1.0613333333333332,1.162,,28.809777777777775
2018-08-06 05:00:00,0.0492,0.0,0.02333333333333333,0.956,0.9793333333333333,,28.8035
2018-08-06 05:15:00,0.047266666666666665,0.0,0.02333333333333333,0.9166666666666666,0.94,,28.800833333333333
2018-08-06 05:30:00,0.09873333333333334,0.0,0.8053333333333333,1.162,1.9673333333333332,,28.791
2018-08-06 05:45:00,0.4588,0.0,6.445333333333334,2.6959999999999997,9.141333333333334,,28.933944444444442
2018-08-06 06:00:00,0.4225333333333333,0.0,6.3,2.118666666666667,8.418666666666667,,28.984166666666667
2018-08-06 06:15:00,0.3489333333333333,0.0,5.732,1.2206666666666666,6.9526666666666666,,29.001166666666666
2018-08-06 06:30:00,0.3547333333333333,0.0,5.857333333333333,1.2113333333333334,7.068666666666667,,29.019333333333336
2018-08-06 06:45:00,0.4658,0.0,7.644,1.6380000000000001,9.282,,28.81738888888889
2018-08-06 07:00:00,0.48673333333333335,0.0,7.971333333333333,1.7306666666666668,9.702,,28.98861111111111
2018-08-06 07:15:00,0.5165333333333334,0.0,8.210666666666667,2.086666666666667,10.297333333333334,,29.044666666666668
2018-08-06 07:30:00,0.5506666666666666,0.6839999999999999,8.536666666666667,2.442,11.662666666666667,,29.186777777777777
2018-08-06 07:45:00,0.6465333333333334,69.28266666666667,9.583333333333334,3.3026666666666666,82.16866666666667,,28.515444444444444
2018-08-06 08:00:00,0.7388666666666667,85.86999999999999,10.914666666666667,3.81,100.59466666666665,,26.14966666666667
2018-08-06 08:15:00,0.8392666666666667,71.45733333333334,12.122666666666667,4.604666666666668,88.18466666666667,,24.706944444444442
2018-08-06 08:30:00,0.9017333333333333,69.85733333333334,12.678,5.291333333333333,87.82666666666667,,24.357333333333333
2018-08-06 08:45:00,0.9202666666666667,57.378,13.230666666666666,5.108666666666666,75.71733333333333,,24.236666666666668
2018-08-06 09:00:00,0.9434,66.03,13.570666666666664,5.232666666666668,84.83333333333333,,24.235333333333333
2018-08-06 09:15:00,0.8994666666666667,57.72866666666667,13.598666666666666,5.519333333333333,76.84666666666666,,24.113333333333333
2018-08-06 09:30:00,0.8968,59.798,12.943333333333333,4.929333333333333,77.67066666666666,,23.974
2018-08-06 09:45:00,0.9127333333333334,60.830666666666666,13.044,5.144666666666667,79.01933333333334,,23.887999999999998
2018-08-06 10:00:00,0.9364,54.09666666666667,13.422666666666666,5.378666666666667,72.898,,24.206277777777775
2018-08-06 10:15:00,0.9528,52.124,13.575999999999999,5.415333333333334,71.11533333333334,,24.122277777777775
2018-08-06 10:30:00,0.95,62.169333333333334,13.445333333333334,5.5840000000000005,81.19866666666667,,24.200444444444443
2018-08-06 10:45:00,0.9482666666666667,54.73066666666667,13.346,5.611999999999999,73.68866666666666,,23.889833333333335
2018-08-06 11:00:00,0.9505333333333332,55.86133333333333,13.476666666666665,5.468,74.806,,23.77766666666667
2018-08-06 11:15:00,0.9709333333333333,55.269999999999996,13.674,5.696,74.64,,24.019166666666667
2018-08-06 11:30:00,0.9434,62.24666666666667,13.220666666666666,5.583333333333333,81.05066666666667,,24.064555555555557
2018-08-06 11:45:00,0.9504666666666667,1.3079999999999998,13.433333333333334,5.55,20.291333333333334,,24.76822222222222
2018-08-06 12:00:00,0.9070666666666667,0.0,12.836666666666666,5.664666666666666,18.50133333333333,,26.348333333333336
2018-08-06 12:15:00,0.8677333333333334,0.0,12.125333333333334,5.165333333333333,17.290666666666667,,27.37644444444444
2018-08-06 12:30:00,0.8519333333333333,0.0,11.912666666666667,5.068,16.980666666666668,,27.942722222222223
2018-08-06 12:45:00,0.8458666666666667,0.4613333333333333,11.728666666666667,5.131333333333333,17.32133333333333,,28.267166666666665
2018-08-06 13:00:00,0.9144666666666666,72.536,12.665333333333333,5.56,90.76133333333334,,27.5725
2018-08-06 13:15:00,0.9452666666666667,78.68666666666667,13.436666666666667,5.435999999999999,97.55933333333334,,25.30327777777778
2018-08-06 13:30:00,0.9741333333333333,59.184,13.643333333333334,5.776,78.60333333333332,,24.373444444444445
2018-08-06 13:45:00,0.9735333333333334,52.58533333333333,13.756,5.8020000000000005,72.14333333333335,,24.438333333333333
2018-08-06 14:00:00,0.9570666666666666,61.288666666666664,14.268,6.089333333333333,81.646,,24.533277777777776
2018-08-06 14:15:00,0.9982666666666666,56.962,14.193333333333333,6.0280000000000005,77.18333333333334,,24.18922222222222
2018-08-06 14:30:00,0.9743333333333334,56.806666666666665,13.479333333333333,6.069333333333333,76.35533333333333,,24.032111111111114
2018-08-06 14:45:00,0.9369999999999999,54.84466666666666,13.190666666666667,6.004,74.03933333333333,,24.016000000000002
2018-08-06 15:00:00,0.9591999999999999,50.08866666666667,13.006,6.156666666666666,69.25133333333333,,24.196833333333334
2018-08-06 15:15:00,0.9771333333333333,54.534666666666666,13.422666666666666,6.052666666666666,74.01,,24.150222222222222
2018-08-06 15:30:00,0.9431999999999999,55.54,13.137333333333334,6.172,74.84933333333333,,24.032833333333333
2018-08-06 15:45:00,0.9664,58.35066666666667,13.338,5.965999999999999,77.65466666666666,,24.105444444444444
2018-08-06 16:00:00,0.9924666666666667,57.62800000000001,13.838666666666665,6.1146666666666665,77.58133333333333,,24.05588888888889
2018-08-06 16:15:00,0.9696666666666667,44.172000000000004,13.508666666666667,5.820666666666667,63.501333333333335,,23.946166666666667
2018-08-06 16:30:00,0.9667999999999999,2.3646666666666665,13.522666666666668,5.857333333333333,21.744666666666667,,24.9025
2018-08-06 16:45:00,0.9636,0.0,13.43,5.894666666666667,19.324666666666666,,26.46572222222222
2018-08-06 17:00:00,0.8792666666666666,0.0,12.882,5.092666666666667,17.974666666666668,,27.312055555555556
2018-08-06 17:15:00,0.789,0.0,11.786666666666667,3.9373333333333336,15.724,,27.692944444444443
2018-08-06 17:30:00,0.7004,0.0,10.418000000000001,3.5406666666666666,13.958666666666668,,27.998611111111114
2018-08-06 17:45:00,0.6540666666666667,0.0,9.748,3.2873333333333337,13.035333333333334,,28.079055555555556
2018-08-06 18:00:00,0.6629333333333334,0.0,9.970666666666666,3.242,13.212666666666667,,28.173444444444446
2018-08-06 18:15:00,0.6668666666666667,0.0,9.822000000000001,3.5526666666666666,13.374666666666666,,28.050722222222223
2018-08-06 18:30:00,0.6382666666666666,0.0,9.474,3.2493333333333334,12.723333333333333,,28.220666666666666
2018-08-06 18:45:00,0.6279333333333333,0.0,9.536000000000001,2.977333333333333,12.513333333333334,,28.34705555555556
2018-08-06 19:00:00,0.6314,0.0,9.561333333333334,3.022,12.583333333333334,,28.338
2018-08-06 19:15:00,0.6248666666666666,0.0,9.697333333333335,2.753333333333333,12.450666666666667,,28.32561111111111
2018-08-06 19:30:00,0.5740666666666667,0.0,8.731333333333334,2.7093333333333334,11.440666666666665,,28.25188888888889
2018-08-06 19:45:00,0.41519999999999996,0.0,6.3580000000000005,1.9173333333333331,8.275333333333332,,28.333333333333332
2018-08-06 20:00:00,0.3957333333333333,0.0,6.179333333333333,1.7113333333333332,7.890666666666666,,28.324333333333335
2018-08-06 20:15:00,0.39106666666666673,0.0,6.255333333333334,1.5413333333333334,7.796666666666667,,28.2395
2018-08-06 20:30:00,0.3488,0.0,5.482,1.4726666666666666,6.954666666666666,,28.259055555555555
2018-08-06 20:45:00,0.28700000000000003,0.0,4.321333333333333,1.4013333333333333,5.722666666666667,,28.297555555555554
2018-08-06 21:00:00,0.27366666666666667,0.0,4.107333333333333,1.3513333333333333,5.458666666666667,,28.389499999999998
2018-08-06 21:15:00,0.18893333333333334,0.0,2.5813333333333333,1.1813333333333333,3.7626666666666666,,28.286722222222224
2018-08-06 21:30:00,0.106,0.0,1.0713333333333332,1.044,2.1153333333333335,,28.115444444444446
2018-08-06 21:45:00,0.10733333333333332,0.0,1.0306666666666666,1.1113333333333333,2.142,,28.072388888888888
2018-08-06 22:00:00,0.062266666666666665,0.0,0.234,1.0053333333333334,1.2393333333333334,,28.1495
2018-08-06 22:15:00,0.056266666666666666,0.0,0.02333333333333333,1.0979999999999999,1.1213333333333333,,28.108333333333334
2018-08-06 22:30:00,0.048666666666666664,0.0,0.022000000000000002,0.9466666666666667,0.9686666666666667,,28.026833333333332
2018-08-06 22:45:00,0.0556,0.0,0.14,0.9653333333333334,1.1053333333333333,,28.006333333333334
2018-08-06 23:00:00,0.06253333333333334,0.0,0.18866666666666668,1.0586666666666666,1.2473333333333334,,28.018944444444447
2018-08-06 23:15:00,0.065,0.0,0.14133333333333334,1.153333333333333,1.2946666666666666,,28.011833333333335
2018-08-06 23:30:00,0.056799999999999996,0.0,0.10200000000000001,1.0286666666666666,1.1306666666666667,,27.987333333333332
2018-08-06 23:45:00,0.05073333333333333,0.0,0.024,0.9853333333333333,1.0093333333333334,,27.980666666666664
2018-08-07 00:00:00,0.05873333333333333,0.0,0.178,0.99,1.168,,27.974833333333333
2018-08-07 00:15:00,0.053933333333333326,0.0,0.02266666666666667,1.05,1.0726666666666667,,27.936611111111112
2018-08-07 00:30:00,0.0524,0.0,0.02266666666666667,1.022,1.0446666666666666,,27.971999999999998
2018-08-07 00:45:00,0.058866666666666664,0.0,0.02266666666666667,1.148,1.1706666666666665,,27.99233333333333
2018-08-07 01:00:00,0.053599999999999995,0.0,0.022000000000000002,1.0466666666666666,1.0686666666666667,,27.94783333333333
2018-08-07 01:15:00,0.06593333333333333,0.0,0.182,1.1333333333333333,1.315333333333333,,27.940944444444444
2018-08-07 01:30:00,0.057666666666666665,0.0,0.024,1.1239999999999999,1.148,,27.973000000000003
2018-08-07 01:45:00,0.0556,0.0,0.021333333333333333,1.0846666666666667,1.106,,27.97888888888889
2018-08-07 02:00:00,0.0496,0.0,0.022000000000000002,0.9646666666666667,0.9866666666666667,,27.979
2018-08-07 02:15:00,0.06106666666666667,0.0,0.18466666666666667,1.0326666666666666,1.2173333333333334,,27.986666666666668
2018-08-07 02:30:00,0.05426666666666667,0.0,0.02266666666666667,1.058,1.0806666666666667,,27.96688888888889
2018-08-07 02:45:00,0.0472,0.0,0.02,0.9213333333333333,0.9413333333333334,,27.976666666666667
2018-08-07 03:00:00,0.05,0.0,0.027333333333333334,0.9686666666666667,0.9960000000000001,,28.017055555555554
2018-08-07 03:15:00,0.048,0.0,0.07666666666666666,0.88,0.9566666666666667,,28.00761111111111
2018-08-07 03:30:00,0.06753333333333335,0.0,0.29133333333333333,1.0539999999999998,1.3453333333333333,,27.964333333333336
2018-08-07 03:45:00,0.06673333333333334,0.0,0.14333333333333337,1.188,1.3313333333333333,,28.00911111111111
2018-08-07 04:00:00,0.05853333333333333,0.0,0.032,1.134,1.166,,27.9865
2018-08-07 04:15:00,0.0572,0.0,0.024,1.1173333333333333,1.141333333333333,,27.9865
2018-08-07 04:30:00,0.059000000000000004,0.0,0.156,1.0186666666666666,1.1746666666666667,,27.961444444444446
2018-08-07 04:45:00,0.048666666666666664,0.0,0.04533333333333334,0.9206666666666666,0.9659999999999999,,27.921166666666668
2018-08-07 05:00:00,0.048266666666666666,0.0,0.024,0.9359999999999999,0.9600000000000001,,28.012555555555554
2018-08-07 05:15:00,0.05426666666666667,0.0,0.02266666666666667,1.0593333333333332,1.082,,27.983999999999998
2018-08-07 05:30:00,0.1762,0.0,1.6453333333333333,1.8653333333333333,3.5106666666666664,,27.9825
2018-08-07 05:45:00,0.33499999999999996,0.0,4.607333333333333,2.068,6.675333333333333,,28.036222222222225
2018-08-07 06:00:00,0.31653333333333333,0.0,4.326666666666667,1.978,6.304666666666666,,28.033277777777776
2018-08-07 06:15:00,0.37473333333333336,0.0,6.073333333333333,1.3946666666666665,7.468,,28.040666666666667
2018-08-07 06:30:00,0.4364,0.0,7.200666666666667,1.4953333333333334,8.696,,28.100666666666665
2018-08-07 06:45:00,0.42573333333333335,0.0,6.913333333333333,1.5699999999999998,8.483333333333333,,28.154999999999998
2018-08-07 07:00:00,0.49920000000000003,0.0,7.628,2.3213333333333335,9.949333333333334,,28.2305
2018-08-07 07:15:00,0.5349333333333334,0.0,8.072,2.5900000000000003,10.662,,28.423833333333334
2018-08-07 07:30:00,0.5585333333333333,0.7126666666666667,8.692,2.4406666666666665,11.845333333333334,,28.41944444444444
2018-08-07 07:45:00,0.6080666666666666,71.31066666666668,9.198,2.9193333333333333,83.42800000000001,,27.842666666666666
2018-08-07 08:00:00,0.6997333333333333,81.49733333333333,10.305333333333332,3.6399999999999997,95.44266666666667,,25.594555555555555
2018-08-07 08:15:00,0.8684666666666667,68.56333333333333,12.100666666666665,5.208666666666667,85.87266666666666,,24.475055555555556
2018-08-07 08:30:00,0.9059333333333334,58.46399999999999,12.719333333333335,5.336666666666667,76.52,,24.19805555555556
2018-08-07 08:45:00,0.9283333333333333,62.623333333333335,12.794,6.134666666666667,81.55199999999999,,24.33716666666667
2018-08-07 09:00:00,0.9259333333333333,56.099333333333334,12.904666666666667,6.028666666666666,75.03266666666667,,24.2875
2018-08-07 09:15:00,0.9376666666666666,56.705333333333336,12.576666666666666,6.110666666666666,75.39266666666667,,24.362833333333334
2018-08-07 09:30:00,0.962,60.246,12.887333333333334,6.292666666666666,79.426,,24.381666666666668
2018-08-07 09:45:00,0.9463333333333334,59.223333333333336,12.923333333333334,5.9366666666666665,78.08333333333333,,24.1945
2018-08-07 10:00:00,0.9755333333333333,63.544000000000004,13.188666666666668,6.261333333333334,82.994,,24.150166666666667
2018-08-07 10:15:00,0.9709333333333333,52.39866666666667,13.036666666666667,6.342666666666667,71.778,,24.247166666666665
2018-08-07 10:30:00,0.9592666666666666,55.498666666666665,13.020666666666667,6.15,74.66933333333333,,24.24811111111111
2018-08-07 10:45:00,0.9617333333333333,53.46133333333333,13.087333333333333,6.0840000000000005,72.63266666666667,,24.180166666666665
2018-08-07 11:00:00,0.9716666666666666,59.208666666666666,13.382666666666667,6.017333333333334,78.60866666666668,,24.201277777777776
2018-08-07 11:15:00,0.9396,56.078,13.022666666666668,5.898666666666667,74.99933333333334,,23.957444444444445
2018-08-07 11:30:00,0.9797333333333333,46.68866666666667,13.184,6.362666666666667,66.23533333333333,,24.0085
2018-08-07 11:45:00,0.9868666666666666,0.8160000000000001,13.383333333333333,6.378,20.577333333333335,,24.771666666666665
2018-08-07 12:00:00,0.8976000000000001,0.0,12.338666666666667,5.5520000000000005,17.890666666666668,,26.327833333333334
2018-08-07 12:15:00,0.8148666666666667,0.0,10.794,5.448666666666667,16.24266666666667,,27.161166666666666
2018-08-07 12:30:00,0.8002666666666667,0.0,10.489333333333333,5.461333333333333,15.950666666666667,,27.564833333333336
2018-08-07 12:45:00,0.7878000000000001,0.45399999999999996,10.266666666666667,5.434666666666668,16.155333333333335,,27.877055555555557
2018-08-07 13:00:00,0.8478666666666667,69.82733333333334,11.273333333333333,5.625333333333333,86.72600000000001,,27.38383333333333
2018-08-07 13:15:00,0.9159333333333334,69.45333333333333,12.521999999999998,5.733333333333333,87.70866666666666,,25.242666666666665
2018-08-07 13:30:00,0.9373333333333334,58.593333333333334,12.777333333333333,5.902666666666667,77.27333333333333,,24.336000000000002
2018-08-07 13:45:00,0.9400666666666667,52.22666666666667,12.808,5.929333333333333,70.964,,24.277222222222225
2018-08-07 14:00:00,0.9865999999999999,51.19266666666667,13.302,6.441999999999999,70.93666666666667,,24.20288888888889
2018-08-07 14:15:00,0.9566666666666667,51.848,13.367333333333333,6.236000000000001,71.45133333333334,,24.421611111111112
2018-08-07 14:30:00,0.9803333333333334,54.26533333333334,13.177999999999999,6.649333333333333,74.09266666666667,,24.324555555555555
2018-08-07 14:45:00,0.9366,56.32,13.683333333333334,6.534666666666666,76.538,,24.159
2018-08-07 15:00:00,0.9805333333333334,55.74466666666667,13.173333333333334,6.5153333333333325,75.43333333333334,,24.136833333333335
2018-08-07 15:15:00,0.9974000000000001,46.714000000000006,13.540666666666665,6.59,66.84466666666667,,24.188166666666667
2018-08-07 15:30:00,0.9768,50.518,13.24,6.322,70.08,,24.298166666666667
2018-08-07 15:45:00,0.9927333333333334,59.18866666666667,13.612,6.654666666666667,79.45533333333333,,24.17211111111111
2018-08-07 16:00:00,0.9684666666666667,53.541333333333334,14.145333333333333,6.691333333333333,74.378,,24.11616666666667
2018-08-07 16:15:00,0.9860666666666666,54.66466666666667,13.498666666666667,6.417333333333334,74.58066666666667,,23.894833333333334
2018-08-07 16:30:00,0.9966666666666666,2.103333333333333,13.48,6.673333333333333,22.256666666666668,,24.281
2018-08-07 16:45:00,0.9727333333333333,0.0,13.238666666666665,6.266,19.504666666666665,,25.865166666666667
2018-08-07 17:00:00,0.9335333333333333,0.0,13.202,5.404,18.606,,26.668555555555553
2018-08-07 17:15:00,0.8357333333333333,0.0,12.091333333333333,4.565333333333333,16.656666666666666,,27.160611111111113
2018-08-07 17:30:00,0.7952,0.0,11.670666666666667,4.178,15.848666666666666,,27.516055555555557
2018-08-07 17:45:00,0.7598,0.0,11.252,3.8886666666666665,15.140666666666666,,27.711222222222222
2018-08-07 18:00:00,0.7507333333333333,0.0,11.016,3.9406666666666665,14.956666666666667,,27.848333333333336
2018-08-07 18:15:00,0.7161333333333333,0.0,10.672666666666666,3.5986666666666665,14.271333333333333,,27.846666666666668
2018-08-07 18:30:00,0.7044666666666667,0.0,10.658666666666667,3.3846666666666665,14.043333333333331,,28.041222222222224
2018-08-07 18:45:00,0.6681333333333334,0.0,10.128666666666668,3.1886666666666668,13.317333333333332,,28.027333333333335
2018-08-07 19:00:00,0.6400666666666666,0.0,9.593333333333334,3.1633333333333336,12.756666666666666,,28.058833333333332
2018-08-07 19:15:00,0.6089333333333333,0.0,9.383999999999999,2.750666666666667,12.134666666666668,,27.997
2018-08-07 19:30:00,0.5795999999999999,0.0,9.104666666666667,2.64,11.744666666666665,,27.892222222222223
2018-08-07 19:45:00,0.5847333333333332,0.0,10.718,2.555333333333333,13.273333333333333,,28.026666666666667
2018-08-07 20:00:00,0.5509333333333334,0.0,8.796,2.188,10.984,,28.051333333333332
2018-08-07 20:15:00,0.4612666666666667,0.0,7.333333333333333,1.86,9.193333333333333,,28.027111111111108
2018-08-07 20:30:00,0.2942666666666666,0.0,4.1386666666666665,1.7233333333333334,5.861999999999999,,28.09466666666667
2018-08-07 20:45:00,0.28846666666666665,0.0,4.0633333333333335,1.6913333333333331,5.754666666666666,,28.104333333333333
2018-08-07 21:00:00,0.27580000000000005,0.0,4.022666666666667,1.4773333333333334,5.5,,28.018833333333337
2018-08-07 21:15:00,0.21446666666666667,0.0,3.054666666666667,1.2233333333333334,4.2780000000000005,,28.017
2018-08-07 21:30:00,0.08933333333333333,0.0,0.824,0.958,1.782,,28.1525
2018-08-07 21:45:00,0.0582,0.0,0.14266666666666666,1.0179999999999998,1.1606666666666667,,27.9985
2018-08-07 22:00:00,0.057466666666666666,0.0,0.09600000000000002,1.0486666666666666,1.1446666666666665,,27.940333333333335
2018-08-07 22:15:00,0.05006666666666667,0.0,0.022000000000000002,0.974,0.996,,27.872722222222226
2018-08-07 22:30:00,0.051666666666666666,0.0,0.02266666666666667,1.0053333333333334,1.028,,27.903333333333332
2018-08-07 22:45:00,0.060733333333333334,0.0,0.17600000000000002,1.0366666666666666,1.2126666666666666,,27.827166666666667
2018-08-07 23:00:00,0.049666666666666665,0.0,0.024,0.9633333333333333,0.9873333333333334,,27.8145
2018-08-07 23:15:00,0.04926666666666667,0.0,0.02266666666666667,0.956,0.9786666666666667,,27.821944444444444
2018-08-07 23:30:00,0.04906666666666667,0.0,0.021333333333333333,0.954,0.9753333333333333,,27.759999999999998
2018-08-07 23:45:00,0.053200000000000004,0.0,0.038,1.024,1.062,,27.590222222222224
2018-08-08 00:00:00,0.06133333333333334,0.0,0.16466666666666668,1.058,1.2226666666666666,,27.759333333333334
2018-08-08 00:15:00,0.061066666666666665,0.0,0.042666666666666665,1.1746666666666667,1.2173333333333332,,27.7675
2018-08-08 00:30:00,0.058333333333333334,0.0,0.136,1.0253333333333332,1.161333333333333,,27.759777777777778
2018-08-08 00:45:00,0.0524,0.0,0.14200000000000002,0.9006666666666666,1.0426666666666666,,27.754833333333334
2018-08-08 01:00:00,0.05213333333333334,0.0,0.11800000000000001,0.9213333333333333,1.0393333333333332,,27.720000000000002
2018-08-08 01:15:00,0.04973333333333333,0.0,0.14800000000000002,0.844,0.9919999999999999,,27.55366666666667
2018-08-08 01:30:00,0.048933333333333336,0.0,0.02,0.952,0.972,,27.53611111111111
2018-08-08 01:45:00,0.05273333333333333,0.0,0.022000000000000002,1.0273333333333334,1.0493333333333335,,27.598833333333335
2018-08-08 02:00:00,0.04646666666666666,0.0,0.021333333333333333,0.9026666666666666,0.9239999999999999,,27.59127777777778
2018-08-08 02:15:00,0.049933333333333337,0.0,0.18133333333333335,0.81,0.9913333333333334,,27.52488888888889
2018-08-08 02:30:00,0.05586666666666666,0.0,0.026000000000000002,1.0839999999999999,1.1099999999999999,,27.541166666666665
2018-08-08 02:45:00,0.053933333333333326,0.0,0.02333333333333333,1.0513333333333332,1.0746666666666667,,27.54416666666667
2018-08-08 03:00:00,0.05106666666666667,0.0,0.021333333333333333,0.9939999999999999,1.0153333333333332,,27.526333333333334
2018-08-08 03:15:00,0.0508,0.0,0.02266666666666667,0.9873333333333334,1.01,,27.515222222222224
2018-08-08 03:30:00,0.056,0.0,0.17733333333333334,0.9359999999999999,1.1133333333333333,,27.562166666666666
2018-08-08 03:45:00,0.04633333333333333,0.0,0.022000000000000002,0.8979999999999999,0.92,,27.553222222222225
2018-08-08 04:00:00,0.045,0.0,0.02266666666666667,0.872,0.8946666666666666,,27.50766666666667
2018-08-08 04:15:00,0.047933333333333335,0.0,0.02266666666666667,0.9293333333333333,0.952,,27.555999999999997
2018-08-08 04:30:00,0.05293333333333334,0.0,0.09733333333333333,0.954,1.0513333333333332,,27.561333333333334
2018-08-08 04:45:00,0.060533333333333335,0.0,0.29333333333333333,0.9146666666666666,1.208,,27.567166666666665
2018-08-08 05:00:00,0.05533333333333333,0.0,0.13,0.9746666666666667,1.1046666666666667,,27.560333333333336
2018-08-08 05:15:00,0.05726666666666667,0.0,0.11000000000000001,1.0286666666666666,1.1386666666666665,,27.535333333333334
2018-08-08 05:30:00,0.09206666666666667,0.0,0.7360000000000001,1.1006666666666665,1.8366666666666667,,27.458666666666666
2018-08-08 05:45:00,0.4276,0.0,6.104666666666668,2.418,8.522666666666668,,27.607166666666668
2018-08-08 06:00:00,0.3695333333333333,0.0,5.0680000000000005,2.298,7.3660000000000005,,27.624277777777777
2018-08-08 06:15:00,0.32793333333333335,0.0,5.145333333333332,1.3913333333333333,6.536666666666666,,27.83522222222222
2018-08-08 06:30:00,0.42100000000000004,0.0,6.897333333333333,1.4926666666666668,8.389999999999999,,27.907722222222223
2018-08-08 06:45:00,0.4451333333333334,0.0,7.355333333333334,1.5113333333333334,8.866666666666667,,27.741
2018-08-08 07:00:00,0.5075999999999999,0.0,8.064,2.0526666666666666,10.116666666666667,,27.844444444444445
2018-08-08 07:15:00,0.5597333333333333,0.0,8.451333333333334,2.7026666666666666,11.154,,27.943055555555553
2018-08-08 07:30:00,0.606,0.6866666666666668,9.271333333333333,2.9320000000000004,12.890000000000002,,27.992666666666665
2018-08-08 07:45:00,0.6698666666666667,69.68333333333334,10.168000000000001,3.183333333333333,83.03466666666667,,27.329666666666665
2018-08-08 08:00:00,0.7353333333333333,66.368,10.655333333333333,3.9973333333333327,81.02066666666666,,25.088833333333334
2018-08-08 08:15:00,0.8025333333333333,57.36066666666667,11.320666666666666,4.674666666666666,73.356,,24.24738888888889
2018-08-08 08:30:00,0.8515999999999999,51.664,12.154,4.822666666666667,68.64066666666666,,24.1205
2018-08-08 08:45:00,0.8538666666666667,55.126666666666665,11.801333333333332,5.215999999999999,72.144,,24.19805555555556
2018-08-08 09:00:00,0.9134,44.46,12.031333333333333,6.172666666666667,62.664,,24.105
2018-08-08 09:15:00,0.89,56.77,11.979333333333333,5.758666666666667,74.50800000000001,,24.235500000000002
2018-08-08 09:30:00,0.8883333333333333,50.66866666666667,11.982666666666665,5.743333333333334,68.39466666666667,,23.943722222222224
2018-08-08 09:45:00,0.8882666666666666,54.093333333333334,12.078,6.061333333333334,72.23266666666667,,24.03933333333333
2018-08-08 10:00:00,0.8847333333333334,46.35933333333333,11.858,5.772666666666667,63.99,,24.134
2018-08-08 10:15:00,0.875,52.696000000000005,12.09,5.771333333333333,70.55733333333333,,24.226166666666664
2018-08-08 10:30:00,0.9114000000000001,58.066,12.509999999999998,5.653333333333333,76.22933333333334,,24.019000000000002
2018-08-08 10:45:00,0.9071333333333335,45.67933333333334,12.470666666666666,5.606,63.756,,23.92877777777778
2018-08-08 11:00:00,0.8408666666666667,49.544666666666664,12.782666666666668,5.951333333333333,68.27866666666667,,24.258
2018-08-08 11:15:00,0.8630666666666666,58.726,11.788,5.410666666666667,75.92466666666668,,24.12922222222222
2018-08-08 11:30:00,0.8858666666666667,50.827999999999996,12.226666666666667,5.426,68.48066666666666,,24.026500000000002
2018-08-08 11:45:00,0.8763333333333333,0.9293333333333333,12.038,5.424,18.391333333333332,,24.5265
2018-08-08 12:00:00,0.8336,0.0,11.391333333333334,5.226,16.617333333333335,,26.107444444444447
2018-08-08 12:15:00,0.8203333333333334,0.0,11.608,5.444,17.052,,26.970666666666666
2018-08-08 12:30:00,0.8055333333333333,0.0,11.077333333333334,4.978,16.055333333333333,,27.410333333333334
2018-08-08 12:45:00,0.8517333333333333,0.39399999999999996,11.596,5.378666666666666,17.36866666666667,,27.8335
2018-08-08 13:00:00,0.8696,69.96666666666667,11.984666666666667,5.343333333333333,87.29466666666667,,27.13238888888889
2018-08-08 13:15:00,0.9733999999999999,64.01533333333333,13.696,5.772666666666667,83.484,,25.06888888888889
2018-08-08 13:30:00,0.9798666666666667,60.056000000000004,13.590666666666667,6.1386666666666665,79.78533333333333,,24.46216666666667
2018-08-08 13:45:00,0.9833999999999999,46.788000000000004,13.410666666666666,6.214666666666667,66.41333333333334,,24.320611111111113
2018-08-08 14:00:00,0.9896666666666667,56.026666666666664,13.527999999999999,6.327333333333333,75.882,,24.5845
2018-08-08 14:15:00,0.9816666666666667,59.61666666666667,13.300666666666666,6.338666666666667,79.256,,24.31977777777778
2018-08-08 14:30:00,0.9905333333333334,59.830000000000005,13.144,6.796666666666667,79.77066666666668,,24.219999999999995
2018-08-08 14:45:00,0.9489333333333333,47.858666666666664,13.209333333333332,6.26,67.328,,24.150166666666667
2018-08-08 15:00:00,0.956,51.75266666666666,13.082666666666666,5.974,70.80933333333334,,24.337
2018-08-08 15:15:00,0.9727333333333333,59.903999999999996,13.197333333333335,6.195333333333334,79.29666666666667,,24.16272222222222
2018-08-08 15:30:00,0.9814,51.106,13.413333333333334,6.154,70.67333333333333,,23.97588888888889
2018-08-08 15:45:00,0.9700666666666666,48.28933333333334,13.161333333333335,6.211333333333333,67.662,,24.136000000000003
2018-08-08 16:00:00,0.9766666666666667,57.55266666666667,13.330666666666668,6.322000000000001,77.20533333333333,,24.269944444444445
2018-08-08 16:15:00,0.9661333333333333,59.669333333333334,13.383999999999999,5.872,78.92533333333334,,24.02427777777778
2018-08-08 16:30:00,0.9599333333333333,2.3333333333333335,13.490666666666668,6.020666666666667,21.84466666666667,,24.568611111111114
2018-08-08 16:45:00,0.9313333333333333,0.0,13.017333333333333,5.546666666666667,18.564000000000004,,26.110055555555554
2018-08-08 17:00:00,0.8458,0.0,12.308,4.548,16.856,,26.96161111111111
2018-08-08 17:15:00,0.7514000000000001,0.0,11.162,3.8106666666666666,14.972666666666667,,27.546777777777777
2018-08-08 17:30:00,0.7268,0.0,10.869333333333335,3.6113333333333335,14.480666666666668,,27.500055555555555
2018-08-08 17:45:00,0.6948000000000001,0.0,10.368666666666666,3.48,13.848666666666666,,27.778000000000002
2018-08-08 18:00:00,0.6820666666666667,0.0,10.064666666666666,3.5320000000000005,13.596666666666668,,27.875833333333333
2018-08-08 18:15:00,0.6828000000000001,0.0,10.322666666666667,3.2886666666666664,13.611333333333334,,28.046166666666668
2018-08-08 18:30:00,0.6957333333333333,0.0,10.463333333333335,3.405333333333333,13.868666666666666,,28.12761111111111
2018-08-08 18:45:00,0.6901333333333334,0.0,10.658666666666667,3.454,14.112666666666666,,27.98461111111111
2018-08-08 19:00:00,0.6750666666666667,0.0,9.920666666666667,3.532666666666666,13.453333333333331,,27.96005555555556
2018-08-08 19:15:00,0.6426,0.0,9.613999999999999,3.1926666666666668,12.806666666666667,,27.953444444444447
2018-08-08 19:30:00,0.6372666666666666,0.0,9.477333333333332,3.2239999999999998,12.701333333333332,,27.96238888888889
2018-08-08 19:45:00,0.5918666666666667,0.0,9.014000000000001,2.7806666666666664,11.794666666666666,,28.03483333333333
2018-08-08 20:00:00,0.4810666666666667,0.0,7.239333333333334,2.349333333333333,9.588666666666665,,28.192833333333333
2018-08-08 20:15:00,0.4502,0.0,6.989333333333333,1.9793333333333332,8.968666666666667,,28.306444444444445
2018-08-08 20:30:00,0.33180000000000004,0.0,4.743333333333334,1.8713333333333333,6.6146666666666665,,28.24866666666667
2018-08-08 20:45:00,0.31620000000000004,0.0,4.349333333333333,1.948,6.297333333333333,,29.3525
2018-08-08 21:00:00,0.27426666666666666,0.0,3.79,1.6720000000000002,5.462000000000001,,27.93435897435897
2018-08-08 21:15:00,0.13186666666666666,0.0,1.4473333333333334,1.1826666666666668,2.6300000000000003,,28.033666666666665
2018-08-08 21:30:00,0.0988,0.0,1.024,0.946,1.97,,28.08372222222222
2018-08-08 21:45:00,0.0662,0.0,0.37466666666666665,0.9440000000000001,1.3186666666666667,,27.832944444444443
2018-08-08 22:00:00,0.059133333333333336,0.0,0.15866666666666665,1.0213333333333334,1.18,,27.720000000000002
2018-08-08 22:15:00,0.059133333333333336,0.0,0.04666666666666667,1.1326666666666665,1.1793333333333331,,27.681333333333335
2018-08-08 22:30:00,0.05566666666666666,0.0,0.024666666666666667,1.0846666666666667,1.1093333333333333,,27.657555555555557
2018-08-08 22:45:00,0.0584,0.0,0.02333333333333333,1.1393333333333333,1.1626666666666665,,27.63977777777778
2018-08-08 23:00:00,0.058133333333333335,0.0,0.02333333333333333,1.1326666666666665,1.156,,27.637833333333333
2018-08-08 23:15:00,0.06493333333333334,0.0,0.18666666666666668,1.1073333333333333,1.294,,27.648333333333333
2018-08-08 23:30:00,0.05653333333333333,0.0,0.022000000000000002,1.1046666666666667,1.1266666666666667,,27.623333333333335
2018-08-08 23:45:00,0.0516,0.0,0.022000000000000002,1.004,1.026,,27.60466666666667
2018-08-09 00:00:00,0.0544,0.0,0.05600000000000001,1.0246666666666666,1.0806666666666667,,27.566166666666668
2018-08-09 00:15:00,0.057,0.0,0.13533333333333336,0.9993333333333333,1.1346666666666667,,27.5285
2018-08-09 00:30:00,0.06106666666666667,0.0,0.2693333333333333,0.9453333333333334,1.2146666666666666,,27.5165
2018-08-09 00:45:00,0.051666666666666666,0.0,0.10666666666666667,0.92,1.0266666666666666,,27.56122222222222
2018-08-09 01:00:00,0.051333333333333335,0.0,0.020666666666666667,1.0013333333333334,1.022,,27.511666666666667
2018-08-09 01:15:00,0.0542,0.0,0.022000000000000002,1.0573333333333332,1.0793333333333335,,27.51
2018-08-09 01:30:00,0.057466666666666666,0.0,0.022000000000000002,1.122,1.144,,27.426
2018-08-09 01:45:00,0.0638,0.0,0.17466666666666666,1.0953333333333333,1.27,,27.503333333333334
2018-08-09 02:00:00,0.053733333333333334,0.0,0.022000000000000002,1.0479999999999998,1.07,,27.383
2018-08-09 02:15:00,0.04906666666666667,0.0,0.02266666666666667,0.9540000000000001,0.9766666666666667,,27.52566666666667
2018-08-09 02:30:00,0.0492,0.0,0.022000000000000002,0.9580000000000001,0.9800000000000001,,27.562888888888892
2018-08-09 02:45:00,0.0498,0.0,0.03866666666666667,0.9533333333333334,0.9920000000000001,,27.59755555555556
2018-08-09 03:00:00,0.05806666666666667,0.0,0.156,0.9993333333333333,1.1553333333333335,,27.541999999999998
2018-08-09 03:15:00,0.0504,0.0,0.022000000000000002,0.982,1.004,,27.509333333333338
2018-08-09 03:30:00,0.04973333333333333,0.0,0.02333333333333333,0.9673333333333333,0.9906666666666666,,27.525000000000002
2018-08-09 03:45:00,0.046799999999999994,0.0,0.022000000000000002,0.9093333333333333,0.9313333333333333,,27.524
2018-08-09 04:00:00,0.0658,0.0,0.17266666666666666,1.1373333333333333,1.3099999999999998,,27.508055555555554
2018-08-09 04:15:00,0.0582,0.0,0.07066666666666667,1.088,1.1586666666666667,,27.611222222222224
2018-08-09 04:30:00,0.0596,0.0,0.13533333333333336,1.0506666666666666,1.186,,27.5335
2018-08-09 04:45:00,0.06633333333333333,0.0,0.16066666666666668,1.1633333333333333,1.3240000000000003,,27.537
2018-08-09 05:00:00,0.0514,0.0,0.03066666666666667,0.9913333333333333,1.022,,27.49238888888889
2018-08-09 05:15:00,0.08266666666666667,0.0,0.6893333333333334,0.9580000000000001,1.6473333333333333,,27.540333333333333
2018-08-09 05:30:00,0.3907333333333333,0.0,5.290666666666667,2.5020000000000002,7.792666666666666,,27.656944444444445
2018-08-09 05:45:00,0.32406666666666667,0.0,4.277333333333334,2.179333333333333,6.456666666666667,,27.593666666666664
2018-08-09 06:00:00,0.35613333333333336,0.0,5.489999999999999,1.6093333333333333,7.099333333333333,,27.556833333333334
2018-08-09 06:15:00,0.43326666666666663,0.0,6.163333333333333,2.4733333333333336,8.636666666666667,,27.619500000000002
2018-08-09 06:30:00,0.39826666666666666,0.0,5.968666666666667,1.9706666666666668,7.939333333333334,,27.796555555555553
2018-08-09 06:45:00,0.3934666666666667,0.0,6.002,1.8433333333333333,7.8453333333333335,,27.71677777777778
2018-08-09 07:00:00,0.3939333333333333,0.0,6.073333333333333,1.78,7.8533333333333335,,27.967333333333332
2018-08-09 07:15:00,0.4792666666666667,0.0,7.140666666666666,2.408666666666667,9.549333333333333,,27.762055555555555
2018-08-09 07:30:00,0.5132,0.8,7.8293333333333335,2.401333333333333,11.030666666666667,,27.745
2018-08-09 07:45:00,0.5657333333333334,71.834,8.38,2.8953333333333333,83.10933333333334,,27.24416666666667
2018-08-09 08:00:00,0.6928,66.33333333333333,9.793333333333333,4.016,80.14266666666667,,25.091166666666666
2018-08-09 08:15:00,0.8135333333333333,57.758,11.754666666666667,4.460666666666667,73.97333333333333,,24.269222222222222
2018-08-09 08:30:00,0.8830000000000001,51.43,12.322,5.274666666666667,69.02666666666667,,24.077166666666667
2018-08-09 08:45:00,0.9031333333333333,58.007333333333335,12.22,5.7780000000000005,76.00533333333333,,24.200444444444443
2018-08-09 09:00:00,0.9400666666666667,49.315333333333335,12.624,6.11,68.04933333333334,,24.08688888888889
2018-08-09 09:15:00,0.9570000000000001,51.699333333333335,13.021333333333333,6.157333333333333,70.878,,24.175666666666665
2018-08-09 09:30:00,0.9922,50.976,13.5,6.624666666666667,71.10066666666667,,24.087
2018-08-09 09:45:00,0.9671333333333333,58.087333333333326,13.352,5.941333333333334,77.38066666666667,,23.95688888888889
2018-08-09 10:00:00,0.9719333333333332,54.977999999999994,13.352666666666666,6.030666666666666,74.36133333333332,,23.916333333333334
2018-08-09 10:15:00,0.9871333333333333,45.51933333333333,13.784666666666668,5.938666666666666,65.24266666666666,,23.92077777777778
2018-08-09 10:30:00,0.9952000000000001,53.572,14.131333333333334,6.131333333333333,73.83466666666666,,24.238444444444443
2018-08-09 10:45:00,0.9738666666666667,59.17266666666667,13.432,6.057333333333333,78.662,,24.047833333333333
2018-08-09 11:00:00,0.9634,56.26533333333334,13.136666666666667,6.175333333333333,75.57733333333334,,23.86538888888889
2018-08-09 11:15:00,0.9860666666666666,44.982,13.574,6.312666666666667,64.86866666666667,,23.926
2018-08-09 11:30:00,0.9886666666666667,56.696000000000005,13.566666666666666,6.467333333333333,76.73,,24.17716666666667
2018-08-09 11:45:00,0.9653333333333334,2.0793333333333335,13.504666666666667,5.950666666666666,21.534666666666666,,24.612111111111112
2018-08-09 12:00:00,0.9536666666666667,0.4053333333333333,12.856666666666666,6.151333333333333,19.413333333333334,,26.118222222222226
2018-08-09 12:15:00,0.9129333333333334,0.4066666666666666,12.361333333333333,5.832666666666667,18.600666666666665,,26.962777777777777
2018-08-09 12:30:00,0.8671333333333333,0.766,11.952,6.083333333333333,18.801333333333332,,27.4785
2018-08-09 12:45:00,0.8811333333333333,2.433333333333333,11.692,5.8646666666666665,19.990000000000002,,27.88461111111111
2018-08-09 13:00:00,0.9071333333333332,73.63066666666667,12.299333333333333,5.776666666666667,91.70666666666666,,27.0665
2018-08-09 13:15:00,0.9429333333333333,65.30533333333332,12.816,5.98,84.10133333333333,,24.881777777777778
2018-08-09 13:30:00,0.9773333333333334,56.583333333333336,13.633333333333333,5.854,76.07066666666667,,24.338666666666665
2018-08-09 13:45:00,0.9672666666666667,56.586,14.244666666666665,6.554666666666667,77.38533333333334,,24.241666666666667
2018-08-09 14:00:00,0.9784,51.26133333333333,13.62,6.27,71.15133333333333,,24.318500000000004
2018-08-09 14:15:00,0.9886666666666667,54.973333333333336,13.152666666666667,6.762666666666666,74.88866666666667,,24.285166666666665
2018-08-09 14:30:00,0.9732,56.205333333333336,13.365999999999998,6.092,75.66333333333334,,24.08
2018-08-09 14:45:00,0.9952,53.936,13.670666666666667,6.251333333333333,73.85799999999999,,23.996166666666667
2018-08-09 15:00:00,0.9760666666666666,48.626666666666665,13.533999999999999,6.0040000000000004,68.16466666666666,,24.098833333333335
2018-08-09 15:15:00,0.9919333333333333,58.86,13.580666666666668,6.3580000000000005,78.79866666666666,,24.125666666666667
2018-08-09 15:30:00,0.9740666666666666,55.856,13.552,5.882000000000001,75.28999999999999,,23.945
2018-08-09 15:45:00,0.9192,47.124,14.484666666666667,6.323333333333333,67.932,,23.957666666666668
2018-08-09 16:00:00,0.9702666666666667,51.122,13.322000000000001,6.029333333333333,70.47333333333333,,24.1285
2018-08-09 16:15:00,0.9400666666666666,52.214000000000006,13.152666666666667,5.584,70.95066666666666,,24.145666666666667
2018-08-09 16:30:00,0.9293999999999999,1.2280000000000002,13.684000000000001,5.927333333333333,20.839333333333336,,24.496333333333332
2018-08-09 16:45:00,0.9591333333333334,0.0,13.453333333333331,5.663333333333333,19.116666666666667,,26.02177777777778
2018-08-09 17:00:00,0.8722666666666666,0.0,12.488666666666667,4.894,17.38266666666667,,26.91288888888889
2018-08-09 17:15:00,0.7322000000000001,0.0,11.226666666666667,3.3666666666666667,14.593333333333334,,27.125333333333334
2018-08-09 17:30:00,0.6774,0.0,10.386666666666667,3.114,13.500666666666666,,27.311222222222224
2018-08-09 17:45:00,0.6694666666666667,0.0,10.174666666666667,3.170666666666667,13.345333333333334,,27.418833333333335
2018-08-09 18:00:00,0.6397333333333334,0.0,9.844666666666665,2.9059999999999997,12.750666666666666,,27.527944444444447
2018-08-09 18:15:00,0.6258666666666667,0.0,9.725999999999999,2.7466666666666666,12.472666666666667,,27.899333333333335
2018-08-09 18:30:00,0.6168666666666667,0.0,9.524666666666667,2.7693333333333334,12.294,,28.005166666666664
2018-08-09 18:45:00,0.6038,0.0,9.572000000000001,2.457333333333333,12.029333333333334,,28.156166666666664
2018-08-09 19:00:00,0.5891333333333333,0.0,9.562666666666667,2.412,11.974666666666668,,28.329666666666665
2018-08-09 19:15:00,0.5846,0.0,9.439333333333334,2.648,12.087333333333333,,28.032500000000002
2018-08-09 19:30:00,0.6106666666666667,0.0,9.716666666666667,2.753333333333333,12.47,,27.895166666666668
2018-08-09 19:45:00,0.554,0.0,8.632,2.412666666666667,11.044666666666668,,27.99833333333333
2018-08-09 20:00:00,0.5626666666666666,0.0,8.775333333333332,2.438666666666667,11.214,,27.926
2018-08-09 20:15:00,0.448,0.0,6.704,2.2233333333333336,8.927333333333333,,27.878277777777775
2018-08-09 20:30:00,0.21986666666666668,0.0,2.768,1.610666666666667,4.378666666666667,,27.935999999999996
2018-08-09 20:45:00,0.19453333333333334,0.0,2.271333333333333,1.604666666666667,3.876,,27.83072222222222
2018-08-09 21:00:00,0.1934,0.0,2.3193333333333332,1.534,3.8533333333333335,,27.743388888888887
2018-08-09 21:15:00,0.1502,0.0,1.7113333333333334,1.284,2.9953333333333334,,27.63083333333333
2018-08-09 21:30:00,0.10686666666666667,0.0,1.0526666666666666,1.0806666666666667,2.1333333333333333,,27.586666666666666
2018-08-09 21:45:00,0.06593333333333334,0.0,0.21133333333333335,1.102,1.3133333333333332,,27.551
2018-08-09 22:00:00,0.07053333333333334,0.0,0.36000000000000004,1.0466666666666666,1.4066666666666667,,27.661055555555556
2018-08-09 22:15:00,0.06706666666666666,0.0,0.2126666666666667,1.1239999999999999,1.3366666666666664,,27.643555555555558
2018-08-09 22:30:00,0.07126666666666666,0.0,0.20600000000000002,1.2160000000000002,1.422,,27.63527777777778
2018-08-09 22:45:00,0.0684,0.0,0.19666666666666668,1.1653333333333333,1.3619999999999999,,27.578111111111113
2018-08-09 23:00:00,0.061533333333333336,0.0,0.2006666666666667,1.0233333333333334,1.224,,27.594833333333334
2018-08-09 23:15:00,0.0744,0.0,0.40066666666666667,1.0833333333333333,1.4839999999999998,,27.586333333333336
2018-08-09 23:30:00,0.0738,0.0,0.32733333333333337,1.1426666666666667,1.47,,27.508666666666667
2018-08-09 23:45:00,0.0686,0.0,0.32133333333333336,1.0446666666666669,1.366,,27.542333333333332
2018-08-10 00:00:00,0.06319999999999999,0.0,0.26866666666666666,0.9926666666666667,1.2613333333333332,,27.501944444444447
2018-08-10 00:15:00,0.06673333333333334,0.0,0.20600000000000002,1.1233333333333333,1.3293333333333333,,27.494500000000002
2018-08-10 00:30:00,0.07926666666666667,0.0,0.402,1.1786666666666668,1.5806666666666664,,27.483666666666668
2018-08-10 00:45:00,0.06886666666666667,0.0,0.21066666666666667,1.1593333333333333,1.3699999999999999,,27.570333333333334
2018-08-10 01:00:00,0.071,0.0,0.20933333333333334,1.204,1.4133333333333333,,27.7135
2018-08-10 01:15:00,0.0722,0.0,0.20933333333333334,1.228,1.4373333333333334,,27.69372222222222
2018-08-10 01:30:00,0.06993333333333333,0.0,0.21133333333333335,1.1826666666666665,1.394,,27.672000000000004
2018-08-10 01:45:00,0.07246666666666667,0.0,0.362,1.0833333333333333,1.4453333333333334,,27.709500000000002
2018-08-10 02:00:00,0.06693333333333333,0.0,0.21000000000000002,1.1260000000000001,1.3359999999999999,,27.61772222222222
2018-08-10 02:15:00,0.06553333333333335,0.0,0.21000000000000002,1.0933333333333335,1.3033333333333335,,27.630499999999998
2018-08-10 02:30:00,0.058866666666666664,0.0,0.21066666666666667,0.9626666666666668,1.1733333333333333,,27.51838888888889
2018-08-10 02:45:00,0.07426666666666668,0.0,0.36133333333333334,1.1179999999999999,1.4793333333333332,,27.560333333333336
2018-08-10 03:00:00,0.06706666666666666,0.0,0.2126666666666667,1.1266666666666665,1.3393333333333333,,27.584833333333332
2018-08-10 03:15:00,0.0664,0.0,0.20800000000000002,1.1179999999999999,1.326,,27.577
2018-08-10 03:30:00,0.07086666666666666,0.0,0.2086666666666667,1.2040000000000002,1.4126666666666667,,27.585944444444443
2018-08-10 03:45:00,0.0754,0.0,0.21200000000000002,1.2886666666666668,1.5006666666666668,,27.48288888888889
2018-08-10 04:00:00,0.08326666666666666,0.0,0.4646666666666667,1.1960000000000002,1.6606666666666667,,27.488555555555557
2018-08-10 04:15:00,0.0706,0.0,0.314,1.0906666666666667,1.4046666666666667,,27.517833333333332
2018-08-10 04:30:00,0.0706,0.0,0.286,1.1206666666666665,1.4066666666666667,,27.40427777777778
2018-08-10 04:45:00,0.06713333333333334,0.0,0.2086666666666667,1.13,1.3386666666666664,,27.404055555555555
2018-08-10 05:00:00,0.07073333333333333,0.0,0.35666666666666663,1.054,1.4106666666666667,,27.469611111111114
2018-08-10 05:15:00,0.06313333333333333,0.0,0.25066666666666665,1.008,1.2586666666666666,,27.70061111111111
2018-08-10 05:30:00,0.35786666666666667,0.0,5.02,2.1113333333333335,7.131333333333333,,27.545444444444446
2018-08-10 05:45:00,0.3938666666666667,0.0,5.349333333333333,2.5013333333333336,7.850666666666666,,27.545666666666666
2018-08-10 06:00:00,0.31633333333333336,0.0,4.513333333333334,1.7886666666666666,6.3020000000000005,,27.577
2018-08-10 06:15:00,0.3684,0.0,5.635999999999999,1.706,7.342,,27.431833333333334
2018-08-10 06:30:00,0.40240000000000004,0.0,6.238666666666666,1.7839999999999998,8.022666666666666,,27.52755555555556
2018-08-10 06:45:00,0.38506666666666667,0.0,6.140666666666666,1.534,7.674666666666666,,27.54077777777778
2018-08-10 07:00:00,0.3964,0.0,6.406666666666667,1.4933333333333332,7.9,,27.552
2018-08-10 07:15:00,0.5098666666666667,0.0,7.63,2.53,10.16,,27.700888888888887
2018-08-10 07:30:00,0.6057333333333333,0.6546666666666666,8.775333333333332,3.2946666666666666,12.724666666666668,,27.89333333333333
2018-08-10 07:45:00,0.6235333333333333,70.364,9.445333333333334,2.9819999999999998,82.79133333333333,,27.080222222222222
2018-08-10 08:00:00,0.7762,60.55266666666667,11.222666666666667,4.248,76.02333333333333,,24.89361111111111
2018-08-10 08:15:00,0.8439333333333333,55.07533333333333,12.461333333333334,4.3613333333333335,71.898,,24.165333333333333
2018-08-10 08:30:00,0.8516666666666667,54.937333333333335,13.153333333333334,4.865333333333334,72.95599999999999,,24.095333333333333
2018-08-10 08:45:00,0.9406666666666667,50.75066666666667,13.254666666666667,5.492,69.49733333333333,,24.018611111111113
2018-08-10 09:00:00,0.8876666666666666,48.95133333333333,12.669333333333332,5.3453333333333335,66.966,,24.12677777777778
2018-08-10 09:15:00,0.9235333333333333,53.041333333333334,12.467333333333332,5.9399999999999995,71.44866666666667,,24.029666666666667
2018-08-10 09:30:00,0.8980666666666667,57.094,12.454666666666666,5.444,74.99266666666668,,23.956000000000003
2018-08-10 09:45:00,0.8916000000000001,46.594,12.560666666666666,5.206666666666666,64.36133333333333,,24.01033333333333
2018-08-10 10:00:00,0.8895333333333333,47.534666666666666,12.46,5.266,65.26066666666667,,24.17366666666667
2018-08-10 10:15:00,0.9291333333333334,58.505333333333326,12.938666666666666,5.58,77.02399999999999,,24.009444444444444
2018-08-10 10:30:00,0.9276666666666668,55.01733333333333,13.019333333333332,5.467333333333333,73.50399999999999,,23.683055555555555
2018-08-10 10:45:00,0.9594,42.31333333333334,13.547333333333333,5.576,61.43666666666666,,23.771666666666665
2018-08-10 11:00:00,0.9594,53.06066666666666,13.214666666666666,5.917333333333334,72.19266666666667,,24.020333333333333
2018-08-10 11:15:00,0.9464,54.28733333333333,13.259333333333334,5.604,73.15066666666667,,23.916444444444444
2018-08-10 11:30:00,0.9496,54.02066666666666,13.336666666666666,5.589333333333333,72.94666666666667,,23.892555555555553
2018-08-10 11:45:00,0.9551999999999999,1.544,13.515333333333333,5.678,20.737333333333332,,24.396
2018-08-10 12:00:00,0.8859999999999999,0.0,12.906,5.672666666666667,18.578666666666667,,25.928833333333333
2018-08-10 12:15:00,0.7649333333333334,0.0,10.270666666666667,4.975333333333333,15.246,,26.767222222222223
2018-08-10 12:30:00,0.779,0.0,10.632000000000001,4.891333333333333,15.523333333333333,,27.428
2018-08-10 12:45:00,0.8215333333333333,0.396,11.250666666666666,5.126666666666667,16.773333333333333,,27.734333333333332
2018-08-10 13:00:00,0.8557333333333333,68.86066666666667,11.889333333333333,5.164,85.914,,26.86733333333333
2018-08-10 13:15:00,0.8954666666666667,61.83133333333333,13.192,5.706,80.72933333333334,,24.888944444444444
2018-08-10 13:30:00,0.9426,57.13733333333333,12.928666666666667,5.858,75.92399999999999,,24.23738888888889
2018-08-10 13:45:00,0.9301333333333334,44.728,12.892666666666665,5.644,63.26466666666667,,24.166833333333333
2018-08-10 14:00:00,0.9248666666666667,56.05266666666667,12.634666666666668,5.798,74.48533333333333,,24.29866666666667
2018-08-10 14:15:00,0.9284666666666667,60.50333333333333,12.607333333333335,5.898,79.00866666666666,,24.041333333333334
2018-08-10 14:30:00,0.9248,65.33266666666667,12.658666666666667,5.772666666666667,83.764,,23.574666666666666
2018-08-10 14:45:00,0.9362666666666667,54.58533333333333,13.024000000000001,5.636666666666667,73.24600000000001,,23.306
2018-08-10 15:00:00,0.9726666666666667,60.285333333333334,13.069999999999999,6.348,79.70333333333333,,23.539055555555553
2018-08-10 15:15:00,0.9700666666666666,59.687333333333335,12.836666666666668,6.505333333333334,79.02933333333334,,23.387999999999998
2018-08-10 15:30:00,0.9348666666666666,62.858666666666664,13.048666666666668,6.182,82.08933333333333,,23.408333333333335
2018-08-10 15:45:00,0.9440666666666666,49.194,13.043333333333333,5.7733333333333325,68.01066666666667,,23.200055555555554
2018-08-10 16:00:00,0.9244666666666668,59.06933333333334,12.772,5.653333333333333,77.49466666666667,,23.485722222222225
2018-08-10 16:15:00,0.9042,60.257333333333335,12.514000000000001,5.506666666666666,78.278,,23.215500000000002
2018-08-10 16:30:00,0.8984666666666666,2.6686666666666663,12.568666666666667,5.335333333333334,20.572666666666667,,23.69477777777778
2018-08-10 16:45:00,0.8775999999999999,0.0,12.538666666666668,4.952,17.490666666666666,,25.308666666666667
2018-08-10 17:00:00,0.8232666666666667,0.0,11.923333333333334,4.484666666666667,16.408,,26.25177777777778
2018-08-10 17:15:00,0.7586666666666667,0.0,11.234000000000002,3.8860000000000006,15.120000000000001,,26.716166666666666
2018-08-10 17:30:00,0.7362,0.0,11.04,3.630666666666667,14.670666666666667,,26.959999999999997
2018-08-10 17:45:00,0.6849333333333333,0.0,10.439333333333334,3.213333333333333,13.652666666666667,,27.202166666666663
2018-08-10 18:00:00,0.6147333333333334,0.0,9.746666666666666,2.504,12.250666666666666,,27.287277777777778
2018-08-10 18:15:00,0.5921333333333333,0.0,9.682666666666668,2.1146666666666665,11.797333333333334,,27.395333333333333
2018-08-10 18:30:00,0.5656,0.0,9.098666666666666,2.1766666666666667,11.275333333333332,,27.455055555555553
2018-08-10 18:45:00,0.5569333333333334,0.0,8.981333333333334,2.1213333333333333,11.102666666666666,,27.472333333333335
2018-08-10 19:00:00,0.5504666666666668,0.0,8.858,2.1166666666666667,10.974666666666668,,27.479
2018-08-10 19:15:00,0.5420666666666667,0.0,8.786666666666667,2.0206666666666666,10.807333333333334,,27.509666666666664
2018-08-10 19:30:00,0.5252,0.0,8.538,1.9306666666666665,10.468666666666666,,27.566333333333333
2018-08-10 19:45:00,0.5064666666666667,0.0,8.294666666666666,1.8013333333333332,10.096,,27.532333333333334
2018-08-10 20:00:00,0.4136666666666667,0.0,6.551333333333333,1.6960000000000004,8.247333333333334,,27.545333333333335
2018-08-10 20:15:00,0.37600000000000006,0.0,5.9093333333333335,1.586,7.495333333333334,,27.548166666666667
2018-08-10 20:30:00,0.32513333333333333,0.0,5.005333333333334,1.4733333333333334,6.478666666666666,,27.583444444444446
2018-08-10 20:45:00,0.3282,0.0,5.016666666666667,1.5226666666666666,6.539333333333333,,27.606277777777777
2018-08-10 21:00:00,0.3408666666666667,0.0,5.191999999999999,1.5993333333333335,6.791333333333333,,27.6215
2018-08-10 21:15:00,0.32593333333333335,0.0,4.922666666666666,1.5713333333333337,6.494,,27.6955
2018-08-10 21:30:00,0.3366,0.0,5.030666666666666,1.6733333333333333,6.704,,27.564
2018-08-10 21:45:00,0.17786666666666667,0.0,2.0286666666666666,1.5113333333333334,3.54,,27.5085
2018-08-10 22:00:00,0.16773333333333335,0.0,1.8579999999999999,1.4846666666666666,3.3426666666666667,,27.438166666666667
2018-08-10 22:15:00,0.14653333333333332,0.0,1.6933333333333331,1.2286666666666666,2.9219999999999997,,27.407333333333334
2018-08-10 22:30:00,0.10179999999999999,0.0,1.0666666666666667,0.966,2.0326666666666666,,27.291999999999998
2018-08-10 22:45:00,0.0738,0.0,0.47600000000000003,0.9933333333333334,1.4693333333333334,,27.27
2018-08-10 23:00:00,0.053933333333333326,0.0,0.114,0.9566666666666667,1.0706666666666669,,27.25633333333333
2018-08-10 23:15:00,0.0516,0.0,0.112,0.9153333333333333,1.0273333333333334,,27.247666666666664
2018-08-10 23:30:00,0.057866666666666663,0.0,0.26866666666666666,0.8806666666666667,1.1493333333333335,,27.234666666666666
2018-08-10 23:45:00,0.05326666666666667,0.0,0.11066666666666666,0.9506666666666667,1.0613333333333335,,27.22216666666667
2018-08-11 00:00:00,0.05826666666666667,0.0,0.114,1.046,1.16,,27.19711111111111
2018-08-11 00:15:00,0.060533333333333335,0.0,0.11333333333333333,1.0926666666666667,1.206,,27.226333333333333
2018-08-11 00:30:00,0.057466666666666666,0.0,0.11266666666666666,1.0339999999999998,1.1466666666666667,,27.241555555555557
2018-08-11 00:45:00,0.061200000000000004,0.0,0.26266666666666666,0.9566666666666667,1.2193333333333334,,27.26261111111111
2018-08-11 01:00:00,0.0528,0.0,0.11066666666666666,0.9440000000000001,1.0546666666666666,,27.186277777777775
2018-08-11 01:15:00,0.0572,0.0,0.11533333333333333,1.0226666666666666,1.1380000000000001,,27.1705
2018-08-11 01:30:00,0.05466666666666666,0.0,0.112,0.9773333333333334,1.0893333333333333,,27.19783333333333
2018-08-11 01:45:00,0.057133333333333335,0.0,0.15666666666666668,0.9806666666666667,1.1373333333333335,,27.1995
2018-08-11 02:00:00,0.0592,0.0,0.28733333333333333,0.8893333333333333,1.1766666666666665,,27.17488888888889
2018-08-11 02:15:00,0.05506666666666667,0.0,0.22333333333333333,0.8740000000000001,1.0973333333333335,,27.162944444444445
2018-08-11 02:30:00,0.06233333333333334,0.0,0.22066666666666668,1.0193333333333332,1.24,,27.259111111111114
2018-08-11 02:45:00,0.060000000000000005,0.0,0.112,1.0859999999999999,1.198,,27.209666666666667
2018-08-11 03:00:00,0.06653333333333333,0.0,0.22733333333333333,1.097333333333333,1.3246666666666664,,27.15838888888889
2018-08-11 03:15:00,0.0618,0.0,0.14733333333333334,1.082,1.2293333333333334,,27.182166666666667
2018-08-11 03:30:00,0.060733333333333334,0.0,0.11133333333333333,1.0966666666666667,1.208,,27.199055555555557
2018-08-11 03:45:00,0.05573333333333333,0.0,0.11466666666666667,0.9926666666666667,1.1073333333333333,,27.137055555555555
2018-08-11 04:00:00,0.056466666666666665,0.0,0.11666666666666667,1.0046666666666666,1.1213333333333333,,27.189333333333334
2018-08-11 04:15:00,0.06233333333333334,0.0,0.2673333333333333,0.9746666666666667,1.242,,27.200666666666667
2018-08-11 04:30:00,0.05473333333333333,0.0,0.11333333333333333,0.9766666666666667,1.09,,27.207666666666668
2018-08-11 04:45:00,0.05366666666666667,0.0,0.11066666666666666,0.9586666666666667,1.0693333333333332,,27.2085
2018-08-11 05:00:00,0.0496,0.0,0.112,0.8766666666666667,0.9886666666666668,,27.236666666666668
2018-08-11 05:15:00,0.06193333333333333,0.0,0.26799999999999996,0.9633333333333333,1.2313333333333332,,27.22533333333333
2018-08-11 05:30:00,0.06006666666666667,0.0,0.11066666666666666,1.0866666666666664,1.1973333333333334,,27.246666666666666
2018-08-11 05:45:00,0.059133333333333336,0.0,0.11,1.0686666666666667,1.1786666666666668,,27.228055555555557
2018-08-11 06:00:00,0.05873333333333333,0.0,0.10866666666666668,1.0593333333333335,1.1680000000000001,,27.2
2018-08-11 06:15:00,0.056133333333333334,0.0,0.15733333333333333,0.9606666666666667,1.1179999999999999,,27.220833333333335
2018-08-11 06:30:00,0.05633333333333333,0.0,0.2313333333333333,0.8886666666666667,1.12,,27.2285
2018-08-11 06:45:00,0.06386666666666667,0.0,0.32466666666666666,0.9473333333333334,1.272,,27.24233333333333
2018-08-11 07:00:00,0.07806666666666667,0.0,0.5606666666666666,0.9966666666666666,1.5573333333333332,,27.25883333333333
2018-08-11 07:15:00,0.0774,0.0,0.5626666666666668,0.9806666666666666,1.5433333333333334,,27.28933333333333
2018-08-11 07:30:00,0.07766666666666668,0.0,0.6073333333333333,0.94,1.5473333333333334,,27.296777777777777
2018-08-11 07:45:00,0.22113333333333335,0.0,2.914,1.494,4.408,,27.332833333333333
2018-08-11 08:00:00,0.20213333333333333,0.0,2.6913333333333336,1.3366666666666667,4.0280000000000005,,27.31972222222222
2018-08-11 08:15:00,0.198,0.0,2.772666666666667,1.1726666666666667,3.945333333333333,,27.507944444444444
2018-08-11 08:30:00,0.19526666666666667,0.0,2.7626666666666666,1.1286666666666667,3.8913333333333333,,27.628
2018-08-11 08:45:00,0.1968666666666667,0.0,2.7246666666666663,1.1980000000000002,3.9226666666666663,,27.6825
2018-08-11 09:00:00,0.18446666666666667,0.0,2.579333333333333,1.094,3.6733333333333333,,27.642
2018-08-11 09:15:00,0.19106666666666666,0.0,2.6853333333333333,1.1193333333333333,3.804666666666667,,27.633166666666668
2018-08-11 09:30:00,0.2334,0.0,3.2953333333333332,1.3566666666666667,4.652,,27.6275
2018-08-11 09:45:00,0.2274,0.0,3.240666666666667,1.2926666666666666,4.533333333333333,,27.825722222222222
2018-08-11 10:00:00,0.22206666666666666,0.0,3.119333333333333,1.306,4.425333333333333,,28.040000000000003
2018-08-11 10:15:00,0.2197333333333333,0.0,3.1226666666666665,1.2566666666666666,4.379333333333333,,27.96833333333333
2018-08-11 10:30:00,0.22193333333333334,0.0,3.099333333333333,1.3226666666666667,4.422,,28.110333333333333
2018-08-11 10:45:00,0.22326666666666664,0.0,3.1073333333333335,1.3426666666666667,4.45,,28.02438888888889
2018-08-11 11:00:00,0.21966666666666665,0.0,2.9753333333333334,1.4026666666666665,4.378,,27.934777777777775
2018-08-11 11:15:00,0.22313333333333332,0.0,2.98,1.4673333333333332,4.447333333333334,,28.149055555555556
2018-08-11 11:30:00,0.21673333333333333,0.0,2.978666666666667,1.3413333333333335,4.319999999999999,,28.068444444444445
2018-08-11 11:45:00,0.20906666666666665,0.0,2.9859999999999998,1.1813333333333333,4.167333333333334,,28.1
2018-08-11 12:00:00,0.2168,0.0,3.1319999999999997,1.188,4.319999999999999,,28.095222222222223
2018-08-11 12:15:00,0.21926666666666667,0.0,3.006666666666667,1.364,4.370666666666667,,28.10788888888889
2018-08-11 12:30:00,0.21646666666666667,0.0,3.103333333333333,1.2113333333333332,4.314666666666667,,28.222166666666666
2018-08-11 12:45:00,0.21626666666666666,0.0,3.1346666666666665,1.1753333333333333,4.31,,28.30216666666667
2018-08-11 13:00:00,0.21766666666666667,0.0,3.115333333333333,1.222,4.3373333333333335,,28.407833333333333
2018-08-11 13:15:00,0.2274,0.0,3.2006666666666663,1.332,4.532666666666667,,28.38883333333333
2018-08-11 13:30:00,0.2189333333333333,0.0,3.066666666666667,1.2979999999999998,4.3646666666666665,,28.43066666666667
2018-08-11 13:45:00,0.2214,0.0,3.0700000000000003,1.3453333333333333,4.415333333333334,,28.38566666666667
2018-08-11 14:00:00,0.219,0.0,3.0386666666666664,1.3279999999999998,4.366666666666666,,28.378666666666668
2018-08-11 14:15:00,0.23406666666666667,0.0,3.234,1.434,4.668,,28.424555555555557
2018-08-11 14:30:00,0.2248,0.0,3.3586666666666667,1.1213333333333333,4.48,,28.383944444444445
2018-08-11 14:45:00,0.22940000000000002,0.0,3.396,1.1766666666666665,4.572666666666667,,28.128333333333334
2018-08-11 15:00:00,0.23506666666666665,0.0,3.3733333333333335,1.3126666666666664,4.686000000000001,,28.323444444444444
2018-08-11 15:15:00,0.2412,0.0,3.454,1.3579999999999999,4.811999999999999,,28.123944444444444
2018-08-11 15:30:00,0.2602,0.0,3.7633333333333336,1.426,5.189333333333334,,28.296722222222222
2018-08-11 15:45:00,0.24259999999999998,0.0,3.5126666666666666,1.3206666666666667,4.833333333333333,,28.33566666666667
2018-08-11 16:00:00,0.23893333333333333,0.0,3.3406666666666665,1.4233333333333331,4.763999999999999,,28.287
2018-08-11 16:15:00,0.24293333333333333,0.0,3.452,1.391333333333333,4.843333333333333,,28.303166666666666
2018-08-11 16:30:00,0.23113333333333333,0.0,3.2640000000000002,1.3426666666666667,4.6066666666666665,,28.311500000000002
2018-08-11 16:45:00,0.2252,0.0,3.24,1.2506666666666668,4.490666666666667,,28.30933333333333
2018-08-11 17:00:00,0.2222,0.0,3.2853333333333334,1.1433333333333335,4.4286666666666665,,28.30116666666667
2018-08-11 17:15:00,0.1224,0.0,1.4593333333333334,0.9780000000000001,2.4373333333333336,,28.217166666666667
2018-08-11 17:30:00,0.0762,0.0,0.5573333333333333,0.9613333333333334,1.5186666666666668,,28.189
2018-08-11 17:45:00,0.06913333333333332,0.0,0.41600000000000004,0.9593333333333334,1.3753333333333333,,28.141944444444444
2018-08-11 18:00:00,0.07093333333333333,0.0,0.4233333333333333,0.9886666666666667,1.412,,28.09
2018-08-11 18:15:00,0.068,0.0,0.436,0.9193333333333334,1.3553333333333335,,28.169944444444447
2018-08-11 18:30:00,0.07113333333333333,0.0,0.5706666666666667,0.8466666666666668,1.4173333333333331,,28.14138888888889
2018-08-11 18:45:00,0.07113333333333333,0.0,0.39266666666666666,1.0246666666666668,1.4173333333333333,,28.08
2018-08-11 19:00:00,0.07073333333333333,0.0,0.3173333333333333,1.0926666666666667,1.41,,28.166166666666665
2018-08-11 19:15:00,0.06939999999999999,0.0,0.31333333333333335,1.0686666666666664,1.3820000000000001,,28.267
2018-08-11 19:30:00,0.0704,0.0,0.3373333333333334,1.0666666666666667,1.4040000000000001,,27.9965
2018-08-11 19:45:00,0.07133333333333333,0.0,0.43866666666666665,0.9826666666666667,1.4213333333333333,,27.983666666666668
2018-08-11 20:00:00,0.058,0.0,0.3,0.8546666666666667,1.1546666666666667,,27.97416666666667
2018-08-11 20:15:00,0.0632,0.0,0.304,0.9520000000000001,1.256,,27.962333333333333
2018-08-11 20:30:00,0.06393333333333334,0.0,0.3106666666666667,0.9633333333333334,1.274,,28.018944444444447
2018-08-11 20:45:00,0.06746666666666666,0.0,0.38466666666666666,0.962,1.3466666666666667,,27.958000000000002
2018-08-11 21:00:00,0.06673333333333333,0.0,0.388,0.9400000000000001,1.328,,27.94766666666667
2018-08-11 21:15:00,0.058333333333333334,0.0,0.3013333333333333,0.8593333333333334,1.1606666666666667,,27.946833333333334
2018-08-11 21:30:00,0.06593333333333333,0.0,0.30333333333333334,1.0093333333333334,1.3126666666666666,,27.96638888888889
2018-08-11 21:45:00,0.06886666666666666,0.0,0.30333333333333334,1.068,1.3713333333333333,,27.945833333333333
2018-08-11 22:00:00,0.07546666666666665,0.0,0.4553333333333333,1.0473333333333332,1.5026666666666666,,27.946166666666667
2018-08-11 22:15:00,0.068,0.0,0.3046666666666667,1.0506666666666666,1.3553333333333333,,27.944833333333335
2018-08-11 22:30:00,0.06566666666666666,0.0,0.336,0.972,1.308,,27.9325
2018-08-11 22:45:00,0.06473333333333334,0.0,0.40800000000000003,0.8826666666666668,1.2906666666666666,,27.76527777777778
2018-08-11 23:00:00,0.0582,0.0,0.2406666666666667,0.9186666666666667,1.1593333333333333,,27.833333333333332
2018-08-11 23:15:00,0.0678,0.0,0.39266666666666666,0.9633333333333333,1.356,,27.822999999999997
2018-08-11 23:30:00,0.060333333333333336,0.0,0.23333333333333334,0.9686666666666668,1.2020000000000002,,28.02877777777778
2018-08-11 23:45:00,0.060200000000000004,0.0,0.232,0.968,1.2,,27.92988888888889
2018-08-12 00:00:00,0.05266666666666667,0.0,0.17133333333333337,0.876,1.0473333333333334,,27.434444444444445
2018-08-12 00:15:00,0.05353333333333333,0.0,0.112,0.9573333333333333,1.0693333333333335,,27.393666666666668
2018-08-12 00:30:00,0.061000000000000006,0.0,0.26266666666666666,0.9533333333333334,1.2160000000000002,,27.73022222222222
2018-08-12 00:45:00,0.05853333333333333,0.0,0.112,1.0539999999999998,1.1660000000000001,,27.962
2018-08-12 01:00:00,0.060866666666666666,0.0,0.11800000000000001,1.0953333333333333,1.2133333333333334,,28.00422222222222
2018-08-12 01:15:00,0.053933333333333326,0.0,0.11333333333333333,0.9626666666666667,1.076,,28.101666666666667
2018-08-12 01:30:00,0.05686666666666666,0.0,0.26666666666666666,0.8646666666666667,1.1313333333333333,,27.980722222222223
2018-08-12 01:45:00,0.050666666666666665,0.0,0.11133333333333333,0.8966666666666666,1.008,,27.91
2018-08-12 02:00:00,0.055,0.0,0.12933333333333333,0.966,1.0953333333333333,,27.901333333333337
2018-08-12 02:15:00,0.0592,0.0,0.222,0.9573333333333333,1.1793333333333333,,27.725777777777775
2018-08-12 02:30:00,0.059533333333333334,0.0,0.22133333333333333,0.966,1.1873333333333336,,27.88872222222222
2018-08-12 02:45:00,0.06366666666666668,0.0,0.3406666666666667,0.9286666666666668,1.2693333333333334,,27.856111111111108
2018-08-12 03:00:00,0.04906666666666667,0.0,0.11,0.8680000000000001,0.9780000000000001,,27.927111111111113
2018-08-12 03:15:00,0.0576,0.0,0.114,1.0366666666666666,1.1506666666666667,,28.036944444444444
2018-08-12 03:30:00,0.059533333333333334,0.0,0.11333333333333333,1.0693333333333332,1.1826666666666668,,27.960833333333333
2018-08-12 03:45:00,0.0662,0.0,0.26999999999999996,1.0479999999999998,1.318,,27.851166666666664
2018-08-12 04:00:00,0.056,0.0,0.10933333333333334,1.0033333333333334,1.1126666666666667,,27.9005
2018-08-12 04:15:00,0.049,0.0,0.112,0.8626666666666668,0.9746666666666667,,27.86916666666667
2018-08-12 04:30:00,0.04986666666666666,0.0,0.112,0.8793333333333334,0.9913333333333334,,27.86738888888889
2018-08-12 04:45:00,0.054066666666666666,0.0,0.11,0.9673333333333333,1.0773333333333333,,27.86488888888889
2018-08-12 05:00:00,0.0638,0.0,0.26466666666666666,1.0073333333333332,1.272,,27.892722222222222
2018-08-12 05:15:00,0.05446666666666666,0.0,0.11266666666666666,0.9713333333333334,1.084,,27.867833333333333
2018-08-12 05:30:00,0.0596,0.0,0.11333333333333333,1.0733333333333333,1.1866666666666668,,27.862444444444446
2018-08-12 05:45:00,0.06566666666666666,0.0,0.22,1.0873333333333333,1.3073333333333332,,27.864333333333335
2018-08-12 06:00:00,0.06326666666666667,0.0,0.22,1.0393333333333332,1.2593333333333332,,27.898722222222222
2018-08-12 06:15:00,0.07173333333333334,0.0,0.33533333333333337,1.0946666666666665,1.43,,27.878666666666668
2018-08-12 06:30:00,0.05693333333333333,0.0,0.11333333333333333,1.02,1.1333333333333333,,27.908
2018-08-12 06:45:00,0.054,0.0,0.11266666666666666,0.9613333333333334,1.074,,27.912666666666667
2018-08-12 07:00:00,0.051333333333333335,0.0,0.09933333333333333,0.9226666666666666,1.022,,28.008666666666667
2018-08-12 07:15:00,0.05373333333333333,0.0,0.11133333333333333,0.9593333333333334,1.0706666666666669,,27.986
2018-08-12 07:30:00,0.059000000000000004,0.0,0.2653333333333333,0.91,1.1753333333333333,,28.044500000000003
2018-08-12 07:45:00,0.04973333333333333,0.0,0.112,0.8746666666666667,0.9866666666666667,,28.13922222222222
2018-08-12 08:00:00,0.052333333333333336,0.0,0.10933333333333332,0.93,1.0393333333333332,,28.1755
2018-08-12 08:15:00,0.06326666666666667,0.002,0.12399999999999999,1.1353333333333333,1.2613333333333334,,28.202333333333332
2018-08-12 08:30:00,0.0584,0.0,0.11066666666666666,1.0539999999999998,1.1646666666666667,,28.214222222222226
2018-08-12 08:45:00,0.06633333333333333,0.0,0.2693333333333333,1.052,1.3213333333333332,,28.196000000000005
2018-08-12 09:00:00,0.055266666666666665,0.0,0.116,0.9826666666666666,1.0986666666666667,,28.284555555555553
2018-08-12 09:15:00,0.0516,0.0,0.116,0.912,1.028,,28.47233333333333
2018-08-12 09:30:00,0.05246666666666667,0.0,0.11333333333333333,0.9313333333333333,1.0446666666666666,,28.376166666666666
2018-08-12 09:45:00,0.05846666666666667,0.0,0.20733333333333331,0.9553333333333334,1.1626666666666667,,28.3885
2018-08-12 10:00:00,0.0584,0.0,0.20466666666666666,0.9593333333333334,1.1640000000000001,,28.444333333333336
2018-08-12 10:15:00,0.05753333333333333,0.0,0.22333333333333333,0.9226666666666666,1.1460000000000001,,28.546333333333333
2018-08-12 10:30:00,0.0508,0.0,0.22466666666666668,0.7853333333333333,1.01,,28.656666666666663
2018-08-12 10:45:00,0.0864,0.0,0.8546666666666667,0.8653333333333334,1.72,,28.673166666666663
2018-08-12 11:00:00,0.08326666666666667,0.0,0.6106666666666667,1.0513333333333332,1.662,,28.607499999999998
2018-08-12 11:15:00,0.06666666666666667,0.0,0.25533333333333336,1.0746666666666667,1.3299999999999998,,28.697166666666664
2018-08-12 11:30:00,0.05853333333333333,0.0,0.11266666666666666,1.0533333333333332,1.1660000000000001,,28.6605
2018-08-12 11:45:00,0.058,0.0,0.112,1.0433333333333332,1.1553333333333333,,28.697166666666664
2018-08-12 12:00:00,0.054066666666666666,0.0,0.11333333333333333,0.9659999999999999,1.0793333333333335,,28.70961111111111
2018-08-12 12:15:00,0.055466666666666664,0.0,0.24266666666666664,0.8633333333333334,1.106,,28.66916666666667
2018-08-12 12:30:00,0.05486666666666666,0.0,0.13933333333333334,0.9546666666666667,1.094,,28.725
2018-08-12 12:45:00,0.05053333333333333,0.0,0.11666666666666667,0.8913333333333333,1.008,,28.7465
2018-08-12 13:00:00,0.05173333333333333,0.0,0.11733333333333333,0.912,1.0293333333333334,,28.782
2018-08-12 13:15:00,0.053933333333333326,0.0,0.112,0.9633333333333333,1.0753333333333333,,28.869000000000003
2018-08-12 13:30:00,0.060533333333333335,0.0,0.30866666666666664,0.8966666666666667,1.2053333333333334,,28.879
2018-08-12 13:45:00,0.0556,0.0,0.11866666666666667,0.9873333333333334,1.106,,28.764611111111112
2018-08-12 14:00:00,0.05906666666666667,0.0,0.11466666666666667,1.064,1.1786666666666668,,28.760833333333334
2018-08-12 14:15:00,0.05893333333333333,0.0,0.11266666666666666,1.0593333333333335,1.1720000000000002,,28.914333333333335
2018-08-12 14:30:00,0.060533333333333335,0.0,0.14533333333333334,1.0593333333333335,1.2046666666666668,,28.823
2018-08-12 14:45:00,0.0718,0.0,0.378,1.0513333333333332,1.4293333333333331,,28.8375
2018-08-12 15:00:00,0.056466666666666665,0.0,0.22266666666666665,0.902,1.1246666666666667,,28.855
2018-08-12 15:15:00,0.05026666666666667,0.0,0.14,0.86,1.0000000000000002,,28.928388888888886
2018-08-12 15:30:00,0.054200000000000005,0.0,0.11066666666666666,0.968,1.0786666666666667,,28.82261111111111
2018-08-12 15:45:00,0.053399999999999996,0.0,0.112,0.9526666666666668,1.0646666666666667,,28.919499999999996
2018-08-12 16:00:00,0.06273333333333334,0.0,0.2733333333333333,0.9773333333333334,1.2506666666666668,,28.95333333333333
2018-08-12 16:15:00,0.05386666666666667,0.0,0.11066666666666666,0.9593333333333334,1.07,,28.9645
2018-08-12 16:30:00,0.05313333333333334,0.0,0.11133333333333333,0.9473333333333334,1.0586666666666666,,28.99883333333333
2018-08-12 16:45:00,0.0528,0.0,0.10466666666666667,0.9473333333333332,1.052,,28.866666666666667
2018-08-12 17:00:00,0.05926666666666667,0.0,0.12133333333333333,1.058,1.1793333333333333,,28.78666666666667
2018-08-12 17:15:00,0.06853333333333333,0.0,0.2713333333333333,1.0946666666666665,1.3659999999999999,,28.686
2018-08-12 17:30:00,0.05873333333333333,0.0,0.11066666666666666,1.0573333333333332,1.168,,28.587666666666667
2018-08-12 17:45:00,0.05906666666666667,0.0,0.116,1.062,1.178,,28.72416666666667
2018-08-12 18:00:00,0.05353333333333333,0.0,0.112,0.9546666666666667,1.0666666666666667,,28.999444444444446
2018-08-12 18:15:00,0.05686666666666666,0.0,0.15266666666666667,0.9800000000000001,1.1326666666666667,,28.91127777777778
2018-08-12 18:30:00,0.0738,0.0,0.49733333333333335,0.9726666666666668,1.47,,28.864388888888886
2018-08-12 18:45:00,0.055266666666666665,0.0,0.10600000000000001,0.9966666666666667,1.1026666666666667,,28.72233333333333
2018-08-12 19:00:00,0.0562,0.0,0.14800000000000002,0.9693333333333333,1.1173333333333333,,28.633333333333333
2018-08-12 19:15:00,0.06126666666666667,0.0,0.216,1.0033333333333334,1.2193333333333334,,28.591166666666666
2018-08-12 19:30:00,0.06493333333333333,0.0,0.22333333333333333,1.0713333333333332,1.2946666666666666,,28.768444444444444
2018-08-12 19:45:00,0.0672,0.0,0.2806666666666667,1.0566666666666664,1.3373333333333333,,28.770500000000002
2018-08-12 20:00:00,0.0578,0.0,0.10666666666666667,1.046,1.1526666666666665,,28.736666666666668
2018-08-12 20:15:00,0.05686666666666666,0.0,0.11133333333333333,1.0219999999999998,1.1333333333333333,,28.718333333333337
2018-08-12 20:30:00,0.051333333333333335,0.0,0.10933333333333334,0.9126666666666666,1.022,,28.66572222222222
2018-08-12 20:45:00,0.052533333333333335,0.0,0.112,0.9313333333333333,1.0433333333333334,,28.615666666666666
2018-08-12 21:00:00,0.05686666666666666,0.0,0.26333333333333336,0.868,1.1313333333333333,,28.721444444444444
2018-08-12 21:15:00,0.053066666666666665,0.0,0.11266666666666666,0.9440000000000001,1.0566666666666666,,28.59216666666667
2018-08-12 21:30:00,0.05446666666666666,0.0,0.11266666666666666,0.9706666666666667,1.0833333333333333,,28.565
2018-08-12 21:45:00,0.051866666666666665,0.0,0.112,0.9206666666666667,1.0326666666666666,,28.59783333333333
2018-08-12 22:00:00,0.0492,0.0,0.11133333333333333,0.8673333333333334,0.9786666666666668,,28.5555
2018-08-12 22:15:00,0.06493333333333333,0.0,0.264,1.0286666666666666,1.2926666666666666,,28.50477777777778
2018-08-12 22:30:00,0.05926666666666667,0.0,0.11333333333333333,1.0666666666666667,1.1800000000000002,,28.5335
2018-08-12 22:45:00,0.0586,0.0,0.11333333333333333,1.0526666666666666,1.1660000000000001,,28.55788888888889
2018-08-12 23:00:00,0.0598,0.0,0.11733333333333333,1.0726666666666667,1.1900000000000002,,28.584999999999997
2018-08-12 23:15:00,0.0598,0.0,0.206,0.9860000000000001,1.1920000000000002,,28.532833333333333
2018-08-12 23:30:00,0.05693333333333333,0.0,0.23466666666666666,0.898,1.1326666666666667,,28.511333333333333
2018-08-12 23:45:00,0.057866666666666663,0.0,0.222,0.9326666666666666,1.1546666666666667,,28.476222222222223
2018-08-13 00:00:00,0.059866666666666665,0.0,0.22,0.9733333333333334,1.1933333333333336,,28.48983333333333
2018-08-13 00:15:00,0.054,0.0,0.10466666666666667,0.9713333333333334,1.076,,28.52266666666667
2018-08-13 00:30:00,0.0608,0.0,0.23999999999999996,0.9693333333333334,1.2093333333333334,,28.482777777777777
2018-08-13 00:45:00,0.05126666666666667,0.0,0.12266666666666667,0.898,1.0206666666666666,,28.535833333333333
2018-08-13 01:00:00,0.0542,0.0,0.10666666666666667,0.9700000000000001,1.0766666666666667,,28.510888888888886
2018-08-13 01:15:00,0.05793333333333333,0.0,0.10933333333333334,1.0439999999999998,1.1533333333333333,,28.584833333333332
2018-08-13 01:30:00,0.05853333333333333,0.0,0.11,1.056,1.1660000000000001,,28.584166666666665
2018-08-13 01:45:00,0.06613333333333334,0.0,0.26666666666666666,1.05,1.3166666666666667,,28.6155
2018-08-13 02:00:00,0.05773333333333333,0.0,0.11333333333333333,1.0373333333333332,1.1506666666666667,,28.633166666666668
2018-08-13 02:15:00,0.04906666666666667,0.0,0.11,0.8653333333333334,0.9753333333333334,,28.61266666666667
2018-08-13 02:30:00,0.05026666666666667,0.0,0.11666666666666667,0.8833333333333333,1.0,,28.576999999999998
2018-08-13 02:45:00,0.0536,0.0,0.11,0.9593333333333334,1.0693333333333332,,28.64016666666667
2018-08-13 03:00:00,0.06186666666666666,0.0,0.2693333333333333,0.9626666666666667,1.232,,28.601
2018-08-13 03:15:00,0.0542,0.0,0.114,0.9646666666666667,1.0786666666666667,,28.63566666666667
2018-08-13 03:30:00,0.05433333333333333,0.0,0.11333333333333333,0.9686666666666667,1.082,,28.651166666666665
2018-08-13 03:45:00,0.0534,0.0,0.11066666666666666,0.9526666666666667,1.0633333333333335,,28.50133333333333
2018-08-13 04:00:00,0.05893333333333333,0.0,0.20533333333333334,0.97,1.1753333333333333,,28.624666666666666
2018-08-13 04:15:00,0.0728,0.0,0.378,1.0719999999999998,1.45,,28.655666666666665
2018-08-13 04:30:00,0.06233333333333334,0.0,0.18666666666666665,1.0533333333333332,1.2399999999999998,,28.538722222222223
2018-08-13 04:45:00,0.0582,0.0,0.11266666666666666,1.0459999999999998,1.1586666666666665,,28.55933333333333
2018-08-13 05:00:00,0.054066666666666666,0.0,0.112,0.9633333333333334,1.0753333333333333,,28.586833333333335
2018-08-13 05:15:00,0.049933333333333337,0.0,0.114,0.8793333333333334,0.9933333333333334,,28.604499999999998
2018-08-13 05:30:00,0.05806666666666667,0.0,0.2673333333333333,0.8906666666666667,1.1580000000000001,,28.556166666666666
2018-08-13 05:45:00,0.054000000000000006,0.0,0.112,0.964,1.076,,28.526166666666665
2018-08-13 06:00:00,0.05213333333333334,0.0,0.11066666666666666,0.9273333333333333,1.038,,28.481833333333334
2018-08-13 06:15:00,0.0506,0.0,0.11333333333333333,0.8946666666666666,1.008,,28.5035
2018-08-13 06:30:00,0.05826666666666667,0.0,0.11266666666666666,1.0493333333333335,1.162,,28.53488888888889
2018-08-13 06:45:00,0.06899999999999999,0.0,0.26866666666666666,1.1079999999999999,1.3766666666666665,,28.6555
2018-08-13 07:00:00,0.06026666666666667,0.0,0.13333333333333333,1.0693333333333332,1.2026666666666666,,28.705333333333332
2018-08-13 07:15:00,0.061733333333333335,0.0,0.17200000000000001,1.058,1.23,,28.8245
2018-08-13 07:30:00,0.06486666666666667,0.0,0.222,1.0726666666666667,1.2946666666666666,,28.976666666666667
2018-08-13 07:45:00,0.06733333333333333,0.0,0.3813333333333333,0.9626666666666667,1.344,,28.885833333333334
2018-08-13 08:00:00,0.07926666666666667,0.0,0.62,0.9586666666666667,1.5786666666666667,,28.735
2018-08-13 08:15:00,0.14846666666666666,0.0,1.9473333333333334,1.0093333333333334,2.9566666666666666,,28.719611111111114
2018-08-13 08:30:00,0.14866666666666667,0.0,1.9493333333333334,1.0086666666666666,2.958,,28.830499999999997
2018-08-13 08:45:00,0.14719999999999997,0.0,1.9486666666666668,0.9793333333333333,2.928,,28.86888888888889
2018-08-13 09:00:00,0.1452,0.0,2.0813333333333333,0.8160000000000001,2.8973333333333335,,28.939833333333336
2018-08-13 09:15:00,0.15059999999999998,0.0,1.9600000000000002,1.0373333333333334,2.997333333333333,,28.89438888888889
2018-08-13 09:30:00,0.15573333333333333,0.0,1.9266666666666667,1.172,3.0986666666666665,,28.963833333333334
2018-08-13 09:45:00,0.15626666666666666,0.0,1.9160000000000001,1.1953333333333334,3.1113333333333335,,28.925666666666665
2018-08-13 10:00:00,0.16793333333333335,0.0,2.152,1.192,3.344,,28.932833333333335
2018-08-13 10:15:00,0.16106666666666666,0.0,2.017333333333333,1.1893333333333334,3.2066666666666666,,29.019833333333334
2018-08-13 10:30:00,0.15253333333333333,0.0,2.0246666666666666,1.0133333333333332,3.038,,29.01833333333333
2018-08-13 10:45:00,0.15306666666666666,0.0,2.0646666666666667,0.9833333333333333,3.048,,29.061833333333333
2018-08-13 11:00:00,0.15726666666666667,0.0,2.084,1.0486666666666666,3.1326666666666667,,28.98622222222222
2018-08-13 11:15:00,0.17593333333333336,0.0,2.338,1.1660000000000001,3.504,,29.11538888888889
2018-08-13 11:30:00,0.16233333333333333,0.0,2.103333333333333,1.13,3.2333333333333334,,29.18433333333333
2018-08-13 11:45:00,0.18846666666666667,0.0,2.518666666666667,1.2353333333333334,3.754,,29.248
2018-08-13 12:00:00,0.17346666666666666,0.0,2.2626666666666666,1.192,3.4546666666666668,,29.242
2018-08-13 12:15:00,0.18546666666666667,0.0,2.518666666666667,1.174,3.6926666666666668,,29.215333333333334
2018-08-13 12:30:00,0.19806666666666667,0.0,2.372,1.576,3.948,,29.25
2018-08-13 12:45:00,0.19039999999999999,0.0,2.1533333333333333,1.6400000000000001,3.7933333333333334,,29.261166666666668
2018-08-13 13:00:00,0.19273333333333334,0.0,2.5439999999999996,1.2986666666666666,3.8426666666666667,,29.288333333333334
2018-08-13 13:15:00,0.20199999999999999,0.0,2.606,1.4213333333333333,4.027333333333333,,29.436500000000002
2018-08-13 13:30:00,0.20733333333333331,0.0,2.834,1.2966666666666666,4.1306666666666665,,29.4595
2018-08-13 13:45:00,0.18893333333333334,0.0,2.587333333333333,1.174,3.761333333333333,,29.424333333333333
2018-08-13 14:00:00,0.19893333333333332,0.0,2.6806666666666663,1.2833333333333334,3.9639999999999995,,29.44483333333333
2018-08-13 14:15:00,0.18259999999999998,0.0,2.472,1.1653333333333333,3.6373333333333333,,29.509277777777775
2018-08-13 14:30:00,0.183,0.0,2.48,1.1666666666666667,3.6466666666666665,,29.356722222222224
2018-08-13 14:45:00,0.174,0.0,2.2159999999999997,1.25,3.466,,29.452499999999997
2018-08-13 15:00:00,0.1752,0.0,2.25,1.2393333333333334,3.489333333333333,,29.27622222222222
2018-08-13 15:15:00,0.18713333333333332,0.0,2.3973333333333335,1.3293333333333333,3.7266666666666666,,29.325555555555557
2018-08-13 15:30:00,0.17273333333333335,0.0,2.1746666666666665,1.2666666666666666,3.441333333333333,,29.362833333333334
2018-08-13 15:45:00,0.16446666666666668,0.0,2.2453333333333334,1.0306666666666666,3.2760000000000002,,29.35533333333333
2018-08-13 16:00:00,0.056266666666666666,0.0,0.15733333333333333,0.9626666666666667,1.12,,29.340722222222222
2018-08-13 16:15:00,0.05826666666666667,0.0,0.13466666666666666,1.0266666666666666,1.1613333333333336,,29.351666666666667
2018-08-13 16:30:00,0.061599999999999995,0.0,0.23466666666666666,0.9913333333333334,1.226,,29.388777777777776
2018-08-13 16:45:00,0.06166666666666667,0.0,0.346,0.8793333333333333,1.2253333333333332,,29.387222222222224
2018-08-13 17:00:00,0.0586,0.0,0.21933333333333332,0.9506666666666667,1.1700000000000002,,29.361833333333333
2018-08-13 17:15:00,0.05433333333333334,0.0,0.10933333333333332,0.972,1.0813333333333333,,29.37816666666667
2018-08-13 17:30:00,0.052533333333333335,0.0,0.11266666666666666,0.9333333333333333,1.046,,29.430055555555555
2018-08-13 17:45:00,0.05213333333333334,0.0,0.11733333333333333,0.9186666666666666,1.036,,29.24711111111111
2018-08-13 18:00:00,0.06793333333333333,0.0,0.2633333333333333,1.0919999999999999,1.3553333333333333,,29.11772222222222
2018-08-13 18:15:00,0.0594,0.0,0.112,1.0693333333333332,1.1813333333333333,,29.227833333333333
2018-08-13 18:30:00,0.060000000000000005,0.0,0.112,1.0839999999999999,1.1960000000000002,,29.207666666666668
2018-08-13 18:45:00,0.061066666666666665,0.0,0.11133333333333333,1.1033333333333333,1.2146666666666668,,29.195333333333334
2018-08-13 19:00:00,0.06826666666666667,0.0,0.26599999999999996,1.094,1.3599999999999999,,29.20677777777778
2018-08-13 19:15:00,0.0556,0.0,0.112,0.9953333333333333,1.1073333333333333,,29.169500000000003
2018-08-13 19:30:00,0.055,0.0,0.11133333333333333,0.9853333333333333,1.0966666666666667,,29.180777777777777
2018-08-13 19:45:00,0.054799999999999995,0.0,0.11133333333333333,0.978,1.0893333333333333,,29.139333333333337
2018-08-13 20:00:00,0.0582,0.0,0.16333333333333336,0.996,1.1593333333333333,,29.12472222222222
2018-08-13 20:15:00,0.06766666666666667,0.0,0.36933333333333335,0.98,1.3493333333333335,,29.138666666666666
2018-08-13 20:30:00,0.06013333333333334,0.0,0.22133333333333333,0.9766666666666667,1.198,,29.128777777777778
2018-08-13 20:45:00,0.05853333333333333,0.0,0.11666666666666667,1.0513333333333332,1.168,,29.136555555555557
2018-08-13 21:00:00,0.05973333333333333,0.0,0.11333333333333333,1.0753333333333333,1.1886666666666668,,29.127000000000002
2018-08-13 21:15:00,0.0592,0.0,0.11133333333333333,1.0666666666666667,1.1780000000000002,,29.1325
2018-08-13 21:30:00,0.06573333333333334,0.0,0.26999999999999996,1.04,1.31,,29.134000000000004
2018-08-13 21:45:00,0.0544,0.0,0.11266666666666666,0.972,1.0846666666666667,,29.110111111111113
2018-08-13 22:00:00,0.05273333333333333,0.0,0.11333333333333333,0.9359999999999999,1.0493333333333335,,29.212722222222222
2018-08-13 22:15:00,0.05466666666666666,0.0,0.11266666666666666,0.9786666666666667,1.0913333333333335,,29.117666666666665
2018-08-13 22:30:00,0.05413333333333333,0.0,0.11133333333333333,0.9673333333333333,1.0786666666666667,,29.110666666666663
2018-08-13 22:45:00,0.06233333333333333,0.0,0.264,0.9760000000000001,1.24,,29.109333333333332
2018-08-13 23:00:00,0.05466666666666666,0.0,0.112,0.9766666666666667,1.088666666666667,,29.065222222222225
2018-08-13 23:15:00,0.05473333333333333,0.0,0.11266666666666666,0.978,1.0906666666666667,,29.159555555555553
2018-08-13 23:30:00,0.05486666666666666,0.0,0.12066666666666667,0.9713333333333334,1.092,,29.091833333333334
2018-08-13 23:45:00,0.0576,0.0,0.14666666666666667,1.0013333333333334,1.148,,29.102611111111113
2018-08-14 00:00:00,0.06546666666666666,0.0,0.24066666666666667,1.0633333333333332,1.3039999999999998,,29.17233333333333
2018-08-14 00:15:00,0.06106666666666667,0.0,0.154,1.0633333333333332,1.2173333333333332,,29.125166666666665
2018-08-14 00:30:00,0.0644,0.0,0.22333333333333333,1.0593333333333332,1.2826666666666666,,29.113
2018-08-14 00:45:00,0.0634,0.0,0.22066666666666668,1.0426666666666666,1.2633333333333332,,29.1175
2018-08-14 01:00:00,0.055466666666666664,0.0,0.13133333333333333,0.972,1.1033333333333333,,29.118333333333332
2018-08-14 01:15:00,0.06026666666666667,0.0,0.26599999999999996,0.9333333333333333,1.1993333333333334,,29.08972222222222
2018-08-14 01:30:00,0.0496,0.0,0.114,0.87,0.984,,29.133222222222223
2018-08-14 01:45:00,0.0514,0.0,0.11066666666666666,0.9093333333333333,1.02,,29.099833333333333
2018-08-14 02:00:00,0.05486666666666666,0.0,0.114,0.978,1.0919999999999999,,29.095166666666668
2018-08-14 02:15:00,0.056266666666666666,0.0,0.14666666666666667,0.974,1.1206666666666665,,29.039277777777777
2018-08-14 02:30:00,0.0648,0.0,0.23399999999999999,1.056,1.29,,29.090500000000002
2018-08-14 02:45:00,0.060733333333333334,0.0,0.11133333333333333,1.096,1.2073333333333334,,29.109055555555553
2018-08-14 03:00:00,0.058666666666666666,0.0,0.112,1.0546666666666666,1.1666666666666667,,29.08833333333333
2018-08-14 03:15:00,0.0554,0.0,0.11800000000000001,0.9846666666666667,1.1026666666666667,,29.051777777777776
2018-08-14 03:30:00,0.058,0.0,0.17066666666666666,0.9833333333333333,1.1540000000000001,,29.0795
2018-08-14 03:45:00,0.060733333333333334,0.0,0.20733333333333331,1.004,1.2113333333333332,,29.09177777777778
2018-08-14 04:00:00,0.049466666666666666,0.0,0.11133333333333333,0.8746666666666666,0.986,,29.09688888888889
2018-08-14 04:15:00,0.05453333333333333,0.0,0.11066666666666666,0.9753333333333333,1.0859999999999999,,29.08516666666667
2018-08-14 04:30:00,0.05473333333333333,0.0,0.12333333333333334,0.9653333333333334,1.088666666666667,,29.098166666666664
2018-08-14 04:45:00,0.06446666666666666,0.0,0.29133333333333333,0.9933333333333334,1.2846666666666666,,29.12388888888889
2018-08-14 05:00:00,0.05973333333333333,0.0,0.3013333333333333,0.8853333333333334,1.1866666666666668,,29.078666666666667
2018-08-14 05:15:00,0.3058666666666667,0.0,4.248,1.8479999999999999,6.096,,29.077833333333334
2018-08-14 05:30:00,0.44606666666666667,0.0,6.0120000000000005,2.878,8.889999999999999,,29.1055
2018-08-14 05:45:00,0.31306666666666666,0.0,4.758,1.4806666666666668,6.238666666666666,,29.144000000000002
2018-08-14 06:00:00,0.3738,0.0,6.089333333333332,1.3619999999999999,7.451333333333333,,29.168833333333335
2018-08-14 06:15:00,0.41186666666666666,0.0,6.728666666666666,1.4833333333333334,8.212,,29.19922222222222
2018-08-14 06:30:00,0.42706666666666665,0.032,6.758666666666667,1.7546666666666666,8.545333333333334,,29.316166666666668
2018-08-14 06:45:00,0.4468,0.866,7.256,1.6460000000000001,9.767999999999999,,29.408
2018-08-14 07:00:00,0.4982,0.8886666666666667,7.48,2.4473333333333334,10.816,,29.416944444444443
2018-08-14 07:15:00,0.5403333333333333,0.9006666666666666,7.755333333333334,3.0113333333333334,11.667333333333334,,29.4
2018-08-14 07:30:00,0.5625333333333333,1.05,8.404666666666666,2.8073333333333332,12.262,,29.455333333333332
2018-08-14 07:45:00,0.6157333333333334,80.224,9.198,3.072666666666667,92.49466666666667,,28.78011111111111
2018-08-14 08:00:00,0.7194,106.61066666666667,10.421999999999999,3.914,120.94666666666667,,26.20161111111111
2018-08-14 08:15:00,0.8415333333333332,98.17733333333332,11.516,5.256,114.94933333333333,,24.44783333333333
2018-08-14 08:30:00,0.8915333333333334,90.15866666666666,11.997333333333334,5.766666666666667,107.92266666666666,,23.550833333333333
2018-08-14 08:45:00,0.9131333333333334,88.28866666666666,12.424,5.782,106.49466666666667,,23.068777777777775
2018-08-14 09:00:00,0.9070666666666667,73.92066666666666,12.165333333333335,5.911333333333333,91.99733333333333,,22.942944444444443
2018-08-14 09:15:00,0.9158000000000001,84.208,12.432,5.819333333333334,102.45933333333332,,22.978722222222224
2018-08-14 09:30:00,0.9528666666666666,72.396,13.056666666666667,5.934,91.38666666666667,,23.006388888888885
2018-08-14 09:45:00,0.8884000000000001,72.90799999999999,13.734666666666667,6.024666666666667,92.66733333333333,,23.12272222222222
2018-08-14 10:00:00,0.9759333333333333,72.25,13.49,6.078666666666667,91.81866666666666,,23.13288888888889
2018-08-14 10:15:00,0.9857333333333334,72.47133333333333,13.871999999999998,5.910666666666667,92.25399999999999,,23.151
2018-08-14 10:30:00,0.9729333333333333,70.23,13.566,5.836666666666667,89.63266666666667,,23.355055555555555
2018-08-14 10:45:00,0.9793333333333333,76.60066666666667,13.661333333333335,5.88,96.14200000000001,,23.2215
2018-08-14 11:00:00,0.9730666666666666,67.83200000000001,13.648666666666667,5.748666666666667,87.22933333333334,,23.156333333333333
2018-08-14 11:15:00,0.9452,68.83066666666667,14.354666666666668,6.414666666666666,89.6,,23.272666666666666
2018-08-14 11:30:00,0.9384,73.694,13.130666666666666,5.723333333333334,92.548,,23.313333333333333
2018-08-14 11:45:00,0.9765333333333334,2.3853333333333335,14.537333333333333,6.034666666666666,22.957333333333334,,23.922500000000003
2018-08-14 12:00:00,0.8858666666666667,0.0,12.162,5.500666666666667,17.662666666666667,,25.913833333333333
2018-08-14 12:15:00,0.8274666666666666,0.0,11.228,5.264666666666667,16.492666666666665,,26.973166666666664
2018-08-14 12:30:00,0.7899999999999999,0.0,10.647333333333334,5.096666666666667,15.744,,27.642444444444443
2018-08-14 12:45:00,0.7715333333333334,0.3526666666666667,10.472,4.905333333333333,15.729999999999999,,27.999666666666666
2018-08-14 13:00:00,0.8637333333333334,81.77333333333333,11.930666666666665,5.282666666666667,98.98666666666666,,27.373333333333335
2018-08-14 13:15:00,0.9362666666666667,98.64133333333334,13.132666666666667,5.527333333333333,117.30133333333333,,24.5385
2018-08-14 13:30:00,0.9206666666666667,75.04533333333333,13.54,5.965999999999999,94.55133333333333,,23.321166666666667
2018-08-14 13:45:00,0.9840666666666666,64.44266666666667,13.375333333333334,6.296,84.114,,23.269499999999997
2018-08-14 14:00:00,0.9912,70.92599999999999,13.730666666666668,6.066,90.72266666666665,,23.52766666666667
2018-08-14 14:15:00,0.9776,69.114,13.348,6.164666666666666,88.62666666666668,,23.236333333333334
2018-08-14 14:30:00,0.9848,61.06466666666667,13.198,6.587999999999999,80.85066666666667,,23.304166666666667
2018-08-14 14:45:00,0.9722000000000001,62.214000000000006,13.306,6.074,81.59400000000001,,23.479499999999998
2018-08-14 15:00:00,0.9497333333333333,66.352,13.773333333333333,6.374,86.49933333333334,,23.31672222222222
2018-08-14 15:15:00,1.0,60.80866666666667,13.619333333333334,6.592666666666667,81.02066666666666,,23.3665
2018-08-14 15:30:00,0.9807333333333333,66.432,13.557333333333334,6.130666666666667,86.11999999999999,,23.545333333333335
2018-08-14 15:45:00,0.9848,61.86133333333333,13.502,6.176,81.53933333333333,,23.52138888888889
2018-08-14 16:00:00,0.9713999999999999,59.644,13.329333333333333,6.161333333333333,79.13466666666666,,23.624222222222222
2018-08-14 16:15:00,0.943,60.72933333333334,13.086,5.709333333333333,79.52466666666666,,23.63127777777778
2018-08-14 16:30:00,0.9214,2.9706666666666663,12.727333333333332,5.634666666666666,21.332666666666668,,24.067666666666664
2018-08-14 16:45:00,0.8708666666666667,0.0,12.152666666666669,5.199333333333333,17.352,,25.854166666666668
2018-08-14 17:00:00,0.8091333333333334,0.0,11.772,4.352666666666666,16.124666666666666,,26.767444444444443
2018-08-14 17:15:00,0.6749333333333333,0.0,10.307333333333332,3.1453333333333333,13.452666666666666,,27.423944444444444
2018-08-14 17:30:00,0.5800666666666667,0.0,8.961333333333332,2.5986666666666665,11.56,,27.795666666666666
2018-08-14 17:45:00,0.5254,0.0,8.016666666666667,2.457333333333333,10.474,,27.90861111111111
2018-08-14 18:00:00,0.5303333333333333,0.0,7.903333333333333,2.6700000000000004,10.573333333333332,,27.915055555555558
2018-08-14 18:15:00,0.5008,0.0,7.589333333333332,2.3906666666666667,9.979999999999999,,28.032
2018-08-14 18:30:00,0.48686666666666667,0.0,7.287333333333334,2.4133333333333336,9.700666666666667,,28.105833333333333
2018-08-14 18:45:00,0.4560666666666667,0.0,6.866,2.220666666666667,9.086666666666668,,28.118499999999997
2018-08-14 19:00:00,0.46646666666666664,0.0,6.914,2.380666666666667,9.294666666666666,,28.13866666666667
2018-08-14 19:15:00,0.45513333333333333,0.0,6.9046666666666665,2.1653333333333338,9.07,,28.35861111111111
2018-08-14 19:30:00,0.38653333333333334,0.0,5.699333333333334,2.001333333333333,7.700666666666667,,28.29361111111111
2018-08-14 19:45:00,0.3343333333333333,0.0,4.695333333333333,1.9646666666666668,6.66,,28.176444444444446
2018-08-14 20:00:00,0.32,0.0,4.552666666666666,1.8206666666666669,6.373333333333333,,27.951388888888893
2018-08-14 20:15:00,0.3126666666666667,0.0,4.341333333333334,1.8860000000000001,6.227333333333334,,28.096944444444443
2018-08-14 20:30:00,0.2996,0.0,4.1706666666666665,1.8006666666666669,5.971333333333334,,28.058055555555555
2018-08-14 20:45:00,0.16806666666666667,0.0,1.6046666666666667,1.7406666666666668,3.3453333333333335,,28.08711111111111
2018-08-14 21:00:00,0.17326666666666668,0.0,1.7646666666666666,1.6873333333333336,3.452,,28.077166666666667
2018-08-14 21:15:00,0.14326666666666668,0.0,1.5593333333333335,1.2926666666666666,2.852,,28.038166666666665
2018-08-14 21:30:00,0.10013333333333334,0.0,1.03,0.9673333333333333,1.9973333333333334,,28.07688888888889
2018-08-14 21:45:00,0.07980000000000001,0.0,0.4906666666666667,1.1,1.5906666666666667,,28.060166666666664
2018-08-14 22:00:00,0.0708,0.0,0.3093333333333333,1.0973333333333335,1.4066666666666667,,28.07316666666667
2018-08-14 22:15:00,0.05826666666666667,0.0,0.11066666666666666,1.0486666666666666,1.1593333333333333,,27.982777777777777
2018-08-14 22:30:00,0.05706666666666667,0.0,0.11133333333333333,1.0266666666666666,1.1380000000000001,,28.019833333333334
2018-08-14 22:45:00,0.049666666666666665,0.0,0.11066666666666666,0.8773333333333333,0.988,,28.014000000000003
2018-08-14 23:00:00,0.049933333333333337,0.0,0.11133333333333333,0.8813333333333334,0.9926666666666667,,28.013166666666667
2018-08-14 23:15:00,0.06206666666666667,0.0,0.3046666666666667,0.9326666666666666,1.2373333333333334,,28.0045
2018-08-14 23:30:00,0.061200000000000004,0.0,0.21933333333333332,1.0,1.2193333333333334,,28.031722222222225
2018-08-14 23:45:00,0.06026666666666667,0.0,0.222,0.9760000000000001,1.198,,27.972388888888887
2018-08-15 00:00:00,0.0574,0.0,0.15533333333333335,0.9866666666666667,1.1420000000000001,,28.0575
2018-08-15 00:15:00,0.05486666666666666,0.0,0.11533333333333333,0.9786666666666667,1.094,,28.022333333333336
2018-08-15 00:30:00,0.06326666666666667,0.0,0.2733333333333333,0.9866666666666667,1.2600000000000002,,28.005777777777777
2018-08-15 00:45:00,0.05673333333333333,0.0,0.10200000000000001,1.0253333333333332,1.1273333333333333,,28.025
2018-08-15 01:00:00,0.05973333333333333,0.0,0.11133333333333333,1.076,1.1873333333333336,,27.979055555555554
2018-08-15 01:15:00,0.0586,0.0,0.11266666666666666,1.054,1.1666666666666667,,28.030166666666666
2018-08-15 01:30:00,0.0552,0.0,0.11133333333333333,0.9866666666666667,1.0979999999999999,,28.000222222222224
2018-08-15 01:45:00,0.057666666666666665,0.0,0.2653333333333333,0.8833333333333333,1.1486666666666667,,28.0545
2018-08-15 02:00:00,0.04953333333333333,0.0,0.11066666666666666,0.8746666666666667,0.9853333333333334,,28.024
2018-08-15 02:15:00,0.05446666666666666,0.0,0.12066666666666667,0.9626666666666667,1.0833333333333333,,28.056277777777776
2018-08-15 02:30:00,0.06026666666666667,0.0,0.21933333333333332,0.9806666666666667,1.2,,28.018166666666666
2018-08-15 02:45:00,0.061599999999999995,0.0,0.23466666666666666,0.9913333333333333,1.226,,28.0405
2018-08-15 03:00:00,0.0656,0.0,0.26866666666666666,1.0413333333333332,1.3099999999999998,,28.049166666666668
2018-08-15 03:15:00,0.05806666666666667,0.0,0.17333333333333334,0.9826666666666667,1.156,,28.053
2018-08-15 03:30:00,0.053733333333333334,0.0,0.10600000000000001,0.964,1.07,,27.928722222222223
2018-08-15 03:45:00,0.057666666666666665,0.0,0.10866666666666668,1.0393333333333332,1.148,,28.081166666666665
2018-08-15 04:00:00,0.058333333333333334,0.0,0.10866666666666668,1.0533333333333332,1.162,,28.081222222222223
2018-08-15 04:15:00,0.062266666666666665,0.0,0.26799999999999996,0.9706666666666667,1.2386666666666668,,28.063666666666666
2018-08-15 04:30:00,0.055466666666666664,0.0,0.10400000000000001,1.0013333333333334,1.1053333333333335,,28.070666666666668
2018-08-15 04:45:00,0.05486666666666666,0.0,0.10200000000000001,0.9906666666666666,1.0926666666666667,,28.11361111111111
2018-08-15 05:00:00,0.0544,0.0,0.10266666666666667,0.9813333333333333,1.084,,28.0695
2018-08-15 05:15:00,0.063,0.0,0.26466666666666666,0.99,1.2546666666666666,,28.055722222222222
2018-08-15 05:30:00,0.3038666666666667,0.0,3.995333333333334,2.0593333333333335,6.054666666666667,,28.060666666666666
2018-08-15 05:45:00,0.36846666666666666,0.0,4.715999999999999,2.6273333333333335,7.343333333333333,,28.102
2018-08-15 06:00:00,0.4205333333333333,0.0,6.898666666666666,1.4873333333333334,8.386,,28.11761111111111
2018-08-15 06:15:00,0.4348,0.0,7.033333333333333,1.6280000000000001,8.661333333333333,,28.211277777777777
2018-08-15 06:30:00,0.4451333333333334,0.0,7.275999999999999,1.5919999999999999,8.867999999999999,,28.311833333333333
2018-08-15 06:45:00,0.45566666666666666,0.0,7.2026666666666666,1.8753333333333333,9.078,,28.406388888888888
2018-08-15 07:00:00,0.39493333333333336,0.0,6.096,1.7779999999999998,7.874,,28.474
2018-08-15 07:15:00,0.41786666666666666,0.0,6.592666666666667,1.7386666666666666,8.331333333333333,,28.588
2018-08-15 07:30:00,0.5895333333333334,0.5353333333333334,8.798666666666666,2.9486666666666665,12.282666666666668,,28.8775
2018-08-15 07:45:00,0.6838,79.288,10.624666666666666,3.33,93.24266666666666,,27.902944444444447
2018-08-15 08:00:00,0.723,97.94800000000001,10.622666666666667,3.788,112.35866666666668,,25.15994444444444
2018-08-15 08:15:00,0.8555333333333334,81.31266666666667,11.542666666666666,5.507333333333333,98.36266666666667,,23.553055555555556
2018-08-15 08:30:00,0.8660666666666667,64.362,12.242666666666668,5.014666666666667,81.61933333333333,,23.18577777777778
2018-08-15 08:45:00,0.8944,57.952,12.102,5.718666666666667,75.77266666666667,,23.582611111111113
2018-08-15 09:00:00,0.9152,71.14666666666668,12.659333333333333,5.711333333333333,89.51733333333333,,23.783
2018-08-15 09:15:00,0.9482666666666667,67.64466666666667,13.281333333333333,5.616666666666666,86.54266666666668,,23.526500000000002
2018-08-15 09:30:00,0.9252,65.32866666666668,13.268,5.791333333333333,84.38799999999999,,23.49866666666667
2018-08-15 09:45:00,0.9751333333333333,65.812,13.438666666666668,6.041333333333333,85.29199999999999,,23.439833333333333
2018-08-15 10:00:00,0.9852666666666666,63.275999999999996,13.823333333333334,5.905333333333333,83.00466666666667,,23.454833333333333
2018-08-15 10:15:00,0.9720666666666666,68.09733333333334,13.926,6.098666666666667,88.122,,23.528666666666666
2018-08-15 10:30:00,0.9865999999999999,63.582,13.624666666666666,6.1386666666666665,83.34533333333334,,23.469333333333335
2018-08-15 10:45:00,0.9838,53.416000000000004,13.354000000000001,6.2826666666666675,73.05266666666667,,23.681166666666666
2018-08-15 11:00:00,0.979,64.21666666666667,13.456666666666667,6.187333333333333,83.86066666666667,,23.77466666666667
2018-08-15 11:15:00,0.9851333333333333,62.55533333333334,13.415333333333333,6.267333333333334,82.238,,23.493666666666666
2018-08-15 11:30:00,0.9590666666666666,60.11066666666667,13.506666666666666,6.156000000000001,79.77333333333333,,23.54427777777778
2018-08-15 11:45:00,0.9534,2.194666666666667,13.575333333333333,6.447333333333333,22.217333333333332,,24.320055555555555
2018-08-15 12:00:00,0.9639333333333333,0.0,12.550666666666666,6.664,19.214666666666666,,26.07477777777778
2018-08-15 12:15:00,0.8804666666666667,0.0,11.274,6.268666666666666,17.542666666666666,,26.901333333333334
2018-08-15 12:30:00,0.8538666666666667,0.0,10.901333333333334,6.114,17.015333333333334,,27.471999999999998
2018-08-15 12:45:00,0.8518,0.2613333333333333,10.959333333333332,6.018,17.238666666666667,,27.883166666666668
2018-08-15 13:00:00,0.8851333333333334,80.41133333333333,11.817333333333332,5.822666666666667,98.05133333333333,,27.230666666666668
2018-08-15 13:15:00,0.9803999999999999,85.85933333333334,13.536,6.438666666666666,105.834,,24.328388888888888
2018-08-15 13:30:00,0.9889333333333333,62.51133333333333,13.309333333333333,6.480666666666666,82.30133333333333,,23.37183333333333
2018-08-15 13:45:00,0.9939333333333333,57.058,13.377333333333333,6.940666666666667,77.37599999999999,,23.803222222222225
2018-08-15 14:00:00,0.9979333333333333,62.52466666666667,13.552666666666665,6.711333333333333,82.78866666666666,,23.651166666666665
2018-08-15 14:15:00,0.9936,60.984,13.196,6.6626666666666665,80.84266666666667,,23.516666666666666
2018-08-15 14:30:00,0.9833333333333333,62.62266666666666,13.227333333333332,6.631333333333333,82.48133333333332,,23.482333333333333
2018-08-15 14:45:00,0.9893333333333333,53.41466666666667,13.240666666666666,6.634,73.28933333333333,,23.44238888888889
2018-08-15 15:00:00,0.9793999999999999,58.086666666666666,13.291333333333334,6.316,77.69399999999999,,23.524166666666666
2018-08-15 15:15:00,0.9842666666666666,63.49066666666667,13.358,6.414666666666666,83.26333333333334,,23.27
2018-08-15 15:30:00,0.9747333333333332,61.413333333333334,13.196,6.318,80.92733333333334,,23.349833333333333
2018-08-15 15:45:00,0.9732,53.095333333333336,13.224666666666668,6.182,72.502,,23.2495
2018-08-15 16:00:00,0.9627333333333332,57.768666666666675,13.234000000000002,5.956666666666666,76.95933333333333,,23.449666666666666
2018-08-15 16:15:00,0.9122,56.018,12.346,5.832666666666666,74.19666666666667,,23.269166666666667
2018-08-15 16:30:00,0.9071333333333335,2.6406666666666667,12.431333333333333,5.648,20.720000000000002,,23.904722222222222
2018-08-15 16:45:00,0.8972,0.0,12.254,5.625333333333333,17.87933333333333,,25.586722222222225
2018-08-15 17:00:00,0.8562666666666667,0.0,11.811333333333334,5.253333333333333,17.064666666666668,,26.514333333333337
2018-08-15 17:15:00,0.7609333333333334,0.0,11.184666666666667,4.847333333333333,16.032,,26.916444444444444
2018-08-15 17:30:00,0.7100666666666666,0.0,10.216666666666667,3.9339999999999997,14.150666666666666,,27.150166666666667
2018-08-15 17:45:00,0.7115333333333334,0.0,10.142,4.042666666666666,14.184666666666667,,27.217944444444445
2018-08-15 18:00:00,0.6774666666666668,0.0,9.787333333333333,3.7186666666666666,13.506,,27.474666666666668
2018-08-15 18:15:00,0.6888000000000001,0.0,9.99,3.741333333333333,13.731333333333334,,27.5485
2018-08-15 18:30:00,0.6610666666666667,0.0,9.772666666666668,3.4026666666666667,13.175333333333333,,27.589666666666666
2018-08-15 18:45:00,0.6238666666666667,0.0,9.244666666666665,3.19,12.434666666666665,,27.769166666666667
2018-08-15 19:00:00,0.6108666666666667,0.0,9.192,2.9806666666666666,12.172666666666666,,27.814944444444443
2018-08-15 19:15:00,0.6165333333333333,0.0,9.409999999999998,2.8766666666666665,12.286666666666665,,27.67983333333333
2018-08-15 19:30:00,0.5746666666666667,0.0,8.659333333333333,2.7906666666666666,11.45,,27.689166666666665
2018-08-15 19:45:00,0.5311333333333333,0.0,8.044,2.542,10.586,,27.716333333333335
2018-08-15 20:00:00,0.389,0.0,5.378666666666667,2.376,7.754666666666667,,27.672833333333337
2018-08-15 20:15:00,0.3582666666666666,0.0,4.986000000000001,2.1539999999999995,7.14,,27.652333333333335
2018-08-15 20:30:00,0.28986666666666666,0.0,3.6666666666666665,2.114666666666667,5.781333333333333,,27.670666666666666
2018-08-15 20:45:00,0.2659333333333333,0.0,3.380666666666667,1.9233333333333333,5.304,,27.576166666666666
2018-08-15 21:00:00,0.24306666666666665,0.0,3.1079999999999997,1.738,4.846,,27.55366666666667
2018-08-15 21:15:00,0.16453333333333334,0.0,2.174,1.102666666666667,3.276666666666667,,27.5085
2018-08-15 21:30:00,0.17233333333333334,0.0,2.324,1.108,3.4320000000000004,,27.35955555555556
2018-08-15 21:45:00,0.16813333333333336,0.0,2.152,1.1966666666666665,3.3486666666666665,,27.484555555555556
2018-08-15 22:00:00,0.17646666666666666,0.0,2.304666666666667,1.2093333333333334,3.5140000000000002,,27.506833333333336
2018-08-15 22:15:00,0.08506666666666667,0.0,0.5346666666666666,1.1606666666666667,1.6953333333333334,,27.564
2018-08-15 22:30:00,0.06960000000000001,0.0,0.20800000000000002,1.1793333333333333,1.3873333333333335,,27.583666666666666
2018-08-15 22:45:00,0.060866666666666666,0.0,0.10533333333333333,1.106,1.2113333333333334,,27.426333333333332
2018-08-15 23:00:00,0.0674,0.0,0.16133333333333333,1.18,1.3413333333333333,,27.46183333333333
2018-08-15 23:15:00,0.06933333333333333,0.0,0.17200000000000001,1.2113333333333332,1.383333333333333,,27.63622222222222
2018-08-15 23:30:00,0.0634,0.0,0.116,1.146,1.262,,27.432555555555556
2018-08-15 23:45:00,0.0636,0.0,0.19266666666666668,1.074,1.2666666666666666,,27.505833333333335
2018-08-16 00:00:00,0.05486666666666666,0.0,0.05333333333333334,1.0386666666666666,1.092,,27.486833333333333
2018-08-16 00:15:00,0.05593333333333333,0.0,0.05333333333333334,1.0599999999999998,1.1133333333333333,,27.507055555555556
2018-08-16 00:30:00,0.05773333333333333,0.0,0.051333333333333335,1.097333333333333,1.1486666666666665,,27.499666666666666
2018-08-16 00:45:00,0.06546666666666666,0.0,0.2086666666666667,1.0939999999999999,1.3026666666666666,,27.453166666666668
2018-08-16 01:00:00,0.058,0.0,0.05333333333333334,1.1006666666666665,1.154,,27.412166666666668
2018-08-16 01:15:00,0.05846666666666667,0.0,0.052000000000000005,1.1106666666666667,1.1626666666666667,,27.43166666666667
2018-08-16 01:30:00,0.05506666666666667,0.0,0.05333333333333334,1.0433333333333334,1.0966666666666667,,27.372666666666667
2018-08-16 01:45:00,0.06333333333333332,0.0,0.05333333333333334,1.2086666666666666,1.262,,27.382333333333335
2018-08-16 02:00:00,0.07093333333333333,0.0,0.2086666666666667,1.206,1.4146666666666665,,27.405888888888892
2018-08-16 02:15:00,0.058333333333333334,0.0,0.051333333333333335,1.1113333333333333,1.1626666666666667,,27.376666666666665
2018-08-16 02:30:00,0.0496,0.0,0.05266666666666667,0.936,0.9886666666666668,,27.3985
2018-08-16 02:45:00,0.05633333333333333,0.0,0.051333333333333335,1.07,1.1213333333333333,,27.38533333333333
2018-08-16 03:00:00,0.06306666666666667,0.0,0.11066666666666668,1.1453333333333333,1.256,,27.375222222222224
2018-08-16 03:15:00,0.07146666666666666,0.0,0.31533333333333335,1.1086666666666667,1.424,,27.380499999999998
2018-08-16 03:30:00,0.0614,0.0,0.166,1.0573333333333332,1.2233333333333332,,27.391000000000002
2018-08-16 03:45:00,0.058333333333333334,0.0,0.06733333333333333,1.0946666666666667,1.162,,27.380388888888888
2018-08-16 04:00:00,0.06319999999999999,0.0,0.050666666666666665,1.2073333333333334,1.258,,27.389555555555557
2018-08-16 04:15:00,0.06326666666666667,0.0,0.05333333333333334,1.2073333333333334,1.2606666666666666,,27.402833333333334
2018-08-16 04:30:00,0.07106666666666667,0.0,0.21133333333333332,1.2053333333333331,1.4166666666666667,,27.429055555555557
2018-08-16 04:45:00,0.10166666666666666,0.0,0.6166666666666667,1.4080000000000001,2.0246666666666666,,27.414166666666667
2018-08-16 05:00:00,0.3962,0.0,5.22,2.6813333333333333,7.901333333333333,,27.44472222222222
2018-08-16 05:15:00,0.2984666666666667,0.0,3.842666666666667,2.1026666666666665,5.945333333333334,,27.435166666666667
2018-08-16 05:30:00,0.26526666666666665,0.0,4.100666666666666,1.1913333333333334,5.292,,27.44938888888889
2018-08-16 05:45:00,0.35913333333333336,0.0,5.9193333333333324,1.242,7.161333333333333,,27.579944444444443
2018-08-16 06:00:00,0.4036666666666667,0.0,6.699333333333333,1.35,8.049333333333333,,27.670333333333335
2018-08-16 06:15:00,0.41233333333333333,0.0,6.719333333333334,1.5006666666666666,8.22,,27.604388888888888
2018-08-16 06:30:00,0.4226,0.0,6.806,1.6179999999999999,8.424,,27.825833333333332
2018-08-16 06:45:00,0.4398666666666667,0.0,6.8420000000000005,1.9213333333333333,8.763333333333332,,27.84283333333333
2018-08-16 07:00:00,0.5164666666666666,0.0,7.647333333333334,2.6926666666666668,10.34,,27.852444444444448
2018-08-16 07:15:00,0.5266666666666667,0.0,7.7459999999999996,2.7520000000000002,10.498,,27.833833333333335
2018-08-16 07:30:00,0.5929333333333333,0.5033333333333333,8.804666666666666,3.012,12.319999999999999,,27.86361111111111
2018-08-16 07:45:00,0.6838,77.154,10.362666666666666,3.268666666666667,90.78533333333334,,27.260833333333334
2018-08-16 08:00:00,0.6890666666666667,79.032,10.204,3.5273333333333334,92.76333333333334,,24.584166666666665
2018-08-16 08:15:00,0.8418666666666667,57.9,12.151333333333332,4.625333333333334,74.67666666666668,,23.297277777777776
2018-08-16 08:30:00,0.8916000000000001,64.174,12.797333333333334,4.971333333333334,81.94266666666665,,23.519055555555557
2018-08-16 08:45:00,0.8922000000000001,54.702,12.563333333333333,5.513333333333334,72.77866666666667,,23.412333333333333
2018-08-16 09:00:00,0.9336666666666666,52.008,13.447333333333331,6.218,71.67333333333333,,23.693277777777777
2018-08-16 09:15:00,0.9657333333333332,59.001333333333335,13.516666666666667,5.733333333333333,78.25133333333333,,23.649166666666666
2018-08-16 09:30:00,0.9882666666666666,60.00533333333333,13.206666666666667,6.652,79.864,,23.47666666666667
2018-08-16 09:45:00,0.9343333333333333,60.721333333333334,12.826666666666666,6.344666666666667,79.89266666666667,,23.399055555555556
2018-08-16 10:00:00,0.9222,49.352666666666664,13.115333333333334,6.426,68.894,,23.476388888888888
2018-08-16 10:15:00,0.9736666666666667,55.467999999999996,13.096666666666666,6.399333333333333,74.964,,23.567555555555554
2018-08-16 10:30:00,0.9626,60.124,12.976666666666667,6.218666666666667,79.31933333333333,,23.273
2018-08-16 10:45:00,0.9491333333333334,57.599333333333334,12.760666666666667,6.184,76.54400000000001,,23.12183333333333
2018-08-16 11:00:00,0.9483999999999999,60.967333333333336,12.812000000000001,6.092,79.87133333333334,,23.08238888888889
2018-08-16 11:15:00,0.9602666666666667,49.58533333333333,12.864666666666666,6.275333333333333,68.72533333333334,,22.9595
2018-08-16 11:30:00,0.9674666666666667,57.083999999999996,13.115333333333332,6.724,76.92333333333333,,23.241722222222222
2018-08-16 11:45:00,0.9324,2.156,12.661333333333333,5.975333333333334,20.792666666666666,,23.872666666666664
2018-08-16 12:00:00,0.8964666666666667,0.0,11.97,5.894666666666667,17.86466666666667,,25.53177777777778
2018-08-16 12:15:00,0.8854666666666666,0.0,11.583333333333334,6.060666666666666,17.644000000000002,,26.671444444444443
2018-08-16 12:30:00,0.8844666666666666,0.0,11.693333333333333,5.930666666666666,17.624000000000002,,27.289166666666667
2018-08-16 12:45:00,0.8775333333333334,0.23399999999999999,11.367333333333335,6.1193333333333335,17.720666666666666,,27.735166666666665
2018-08-16 13:00:00,0.8731333333333333,77.31466666666667,11.597333333333333,5.802666666666667,94.71466666666667,,27.073333333333334
2018-08-16 13:15:00,0.9360666666666667,75.48333333333333,12.504666666666667,6.149333333333333,94.13733333333333,,24.459166666666665
2018-08-16 13:30:00,0.9658,62.75066666666667,13.307333333333334,6.024000000000001,82.08200000000001,,23.653666666666666
2018-08-16 13:45:00,0.9802,61.275333333333336,13.270000000000001,6.3053333333333335,80.85066666666667,,23.5175
2018-08-16 14:00:00,0.9794666666666667,57.248000000000005,13.178666666666665,6.4193333333333324,76.846,,23.656499999999998
2018-08-16 14:15:00,0.9308666666666666,59.956,13.280666666666665,6.423333333333333,79.66000000000001,,23.865055555555553
2018-08-16 14:30:00,0.9649333333333333,61.065333333333335,13.044666666666668,6.394000000000001,80.50399999999999,,23.67
2018-08-16 14:45:00,0.9645333333333334,62.792,12.970666666666666,6.255333333333334,82.018,,23.393277777777776
2018-08-16 15:00:00,0.9733999999999999,51.15266666666666,13.189333333333334,6.368666666666667,70.71066666666667,,23.18938888888889
2018-08-16 15:15:00,1.0,58.41266666666666,13.883333333333333,6.894666666666667,79.19066666666666,,23.444944444444445
2018-08-16 15:30:00,0.9702000000000001,62.01933333333333,14.247333333333334,6.650666666666666,82.91733333333333,,23.288833333333333
2018-08-16 15:45:00,0.9952666666666666,58.559333333333335,13.788666666666668,6.473333333333333,78.82133333333333,,23.108833333333333
2018-08-16 16:00:00,0.9855999999999999,49.60066666666667,13.656,6.046,69.30266666666667,,23.26055555555556
2018-08-16 16:15:00,0.9738666666666667,43.894,13.785333333333334,5.628666666666667,63.308,,23.686944444444446
2018-08-16 16:30:00,0.9397333333333333,2.427333333333333,13.196,5.61,21.233333333333334,,24.337
2018-08-16 16:45:00,0.9078666666666667,0.0,12.836,5.256,18.092,,25.67
2018-08-16 17:00:00,0.8366,0.0,12.493333333333334,5.198666666666667,17.692,,26.546666666666667
2018-08-16 17:15:00,0.7813333333333333,0.0,11.383999999999999,4.188,15.572,,26.931222222222225
2018-08-16 17:30:00,0.7748,0.0,11.276666666666666,4.165333333333333,15.442,,27.204666666666665
2018-08-16 17:45:00,0.7667333333333333,0.0,11.175999999999998,4.102,15.277999999999999,,27.430500000000002
2018-08-16 18:00:00,0.7532666666666666,0.0,11.018666666666666,3.9933333333333336,15.012,,27.590666666666667
2018-08-16 18:15:00,0.754,0.0,11.154,3.8699999999999997,15.024,,27.663333333333334
2018-08-16 18:30:00,0.6993333333333334,0.0,10.296666666666669,3.6439999999999997,13.940666666666667,,27.681333333333335
2018-08-16 18:45:00,0.6782666666666668,0.0006666666666666666,9.864666666666668,3.6566666666666667,13.522,,27.73588888888889
2018-08-16 19:00:00,0.6370666666666668,0.0,9.552,3.144,12.696,,27.744611111111112
2018-08-16 19:15:00,0.6000666666666666,0.0,9.089333333333332,2.8680000000000003,11.957333333333333,,27.703055555555558
2018-08-16 19:30:00,0.578,0.0,8.926666666666668,2.591333333333333,11.517999999999999,,27.87633333333333
2018-08-16 19:45:00,0.5799333333333333,0.0,8.876,2.679333333333333,11.555333333333332,,27.849555555555558
2018-08-16 20:00:00,0.5692,0.0,8.742666666666667,2.5953333333333335,11.338,,27.689388888888892
2018-08-16 20:15:00,0.5051333333333333,0.0,7.772666666666667,2.296,10.068666666666667,,27.708444444444446
2018-08-16 20:30:00,0.46453333333333335,0.0,7.014666666666667,2.2453333333333334,9.26,,27.607000000000003
2018-08-16 20:45:00,0.3996,0.0,5.707333333333333,2.257333333333334,7.964666666666667,,27.661166666666666
2018-08-16 21:00:00,0.39353333333333335,0.0,5.596,2.2493333333333334,7.8453333333333335,,27.701833333333333
2018-08-16 21:15:00,0.22093333333333334,0.0,2.631333333333333,1.7699999999999998,4.401333333333333,,27.705944444444444
2018-08-16 21:30:00,0.20946666666666666,0.0,2.5226666666666664,1.6526666666666665,4.175333333333333,,27.518944444444443
2018-08-16 21:45:00,0.2026,0.0,2.615333333333333,1.422,4.037333333333333,,27.469611111111114
2018-08-16 22:00:00,0.1874666666666667,0.0,2.4979999999999998,1.2386666666666668,3.7366666666666664,,27.55972222222222
2018-08-16 22:15:00,0.09326666666666666,0.0,0.6400000000000001,1.2213333333333334,1.8613333333333333,,27.510666666666665
2018-08-16 22:30:00,0.0566,0.0,0.05333333333333334,1.0746666666666664,1.128,,27.51077777777778
2018-08-16 22:45:00,0.0666,0.0,0.22133333333333335,1.1039999999999999,1.3253333333333333,,27.457555555555555
2018-08-16 23:00:00,0.058666666666666666,0.0,0.051333333333333335,1.1186666666666665,1.1700000000000002,,27.52766666666667
2018-08-16 23:15:00,0.0592,0.0,0.054000000000000006,1.1246666666666667,1.178666666666667,,27.423555555555556
2018-08-16 23:30:00,0.06473333333333334,0.0,0.052000000000000005,1.236,1.288,,27.40377777777778
2018-08-16 23:45:00,0.07186666666666668,0.0,0.19533333333333333,1.2366666666666668,1.432,,27.39311111111111
2018-08-17 00:00:00,0.07326666666666666,0.0,0.2626666666666667,1.198,1.4606666666666663,,27.424
2018-08-17 00:15:00,0.06806666666666668,0.0,0.17200000000000001,1.1833333333333333,1.3553333333333333,,27.375333333333334
2018-08-17 00:30:00,0.057,0.0,0.13333333333333333,1.0013333333333334,1.1346666666666667,,27.37088888888889
2018-08-17 00:45:00,0.0562,0.0,0.05333333333333334,1.0653333333333335,1.1186666666666667,,27.34755555555556
2018-08-17 01:00:00,0.06313333333333333,0.0,0.17066666666666666,1.0866666666666664,1.2573333333333332,,27.478166666666667
2018-08-17 01:15:00,0.05973333333333333,0.0,0.08666666666666667,1.1019999999999999,1.1886666666666665,,27.414666666666665
2018-08-17 01:30:00,0.056799999999999996,0.0,0.05,1.0819999999999999,1.132,,27.31961111111111
2018-08-17 01:45:00,0.059133333333333336,0.0,0.05266666666666667,1.1239999999999999,1.1766666666666665,,27.325666666666667
2018-08-17 02:00:00,0.057466666666666666,0.0,0.050666666666666665,1.0953333333333333,1.1460000000000001,,27.244444444444447
2018-08-17 02:15:00,0.07233333333333333,0.0,0.20933333333333334,1.2333333333333334,1.4426666666666668,,27.227333333333334
2018-08-17 02:30:00,0.06193333333333333,0.0,0.05266666666666667,1.1826666666666665,1.2353333333333334,,27.276833333333332
2018-08-17 02:45:00,0.06253333333333333,0.0,0.05266666666666667,1.1933333333333331,1.2459999999999998,,27.232333333333333
2018-08-17 03:00:00,0.06426666666666667,0.0,0.05266666666666667,1.2286666666666666,1.2813333333333332,,27.2315
2018-08-17 03:15:00,0.05946666666666667,0.0,0.052000000000000005,1.1306666666666665,1.1826666666666665,,27.240555555555556
2018-08-17 03:30:00,0.068,0.0,0.20733333333333334,1.1473333333333333,1.3546666666666667,,27.225833333333334
2018-08-17 03:45:00,0.05946666666666667,0.0,0.05266666666666667,1.1313333333333333,1.184,,27.221
2018-08-17 04:00:00,0.06433333333333334,0.0,0.10600000000000001,1.1746666666666665,1.2806666666666664,,27.23261111111111
2018-08-17 04:15:00,0.06253333333333333,0.0,0.162,1.0839999999999999,1.2459999999999998,,27.220444444444446
2018-08-17 04:30:00,0.07719999999999999,0.0,0.3733333333333333,1.166,1.539333333333333,,27.310555555555553
2018-08-17 04:45:00,0.073,0.0,0.29733333333333334,1.1586666666666665,1.456,,27.108166666666666
2018-08-17 05:00:00,0.06766666666666668,0.0,0.158,1.19,1.3479999999999999,,27.09
2018-08-17 05:15:00,0.08653333333333334,0.0,0.4693333333333334,1.2586666666666666,1.728,,27.072666666666667
2018-08-17 05:30:00,0.08246666666666667,0.0,0.56,1.086,1.6460000000000001,,27.054444444444446
2018-08-17 05:45:00,0.08793333333333334,0.0,0.7393333333333333,1.0153333333333334,1.7546666666666666,,27.082
2018-08-17 06:00:00,0.12006666666666667,0.0,1.2426666666666668,1.1486666666666667,2.3913333333333333,,27.07511111111111
2018-08-17 06:15:00,0.25406666666666666,0.0,3.630666666666667,1.4326666666666665,5.0633333333333335,,27.019444444444446
2018-08-17 06:30:00,0.46780000000000005,0.0,7.099333333333333,2.2199999999999998,9.319333333333333,,27.238
2018-08-17 06:45:00,0.23533333333333334,0.0,7.648571428571429,2.3999999999999995,10.04857142857143,,27.41333333333333
2018-08-17 12:00:00,0.17413333333333333,0.0,11.733333333333333,5.613333333333333,5.203999999999999,,25.87148148148148
2018-08-17 12:15:00,0.8684,0.0,11.812666666666667,5.494,17.30666666666667,,26.649222222222225
2018-08-17 12:30:00,0.8392666666666666,0.0,11.608666666666666,5.1226666666666665,16.731333333333332,,27.15577777777778
2018-08-17 12:45:00,0.8386666666666667,0.22733333333333333,11.605333333333332,5.1146666666666665,16.947333333333333,,27.462722222222222
2018-08-17 13:00:00,0.873,77.96133333333334,11.853333333333332,5.544666666666667,95.35933333333334,,26.77583333333333
2018-08-17 13:15:00,0.9494666666666667,70.92733333333334,13.162666666666667,5.762666666666666,89.85266666666666,,24.202277777777777
2018-08-17 13:30:00,0.9673333333333333,60.248666666666665,13.393333333333334,5.888000000000001,79.53,,23.112222222222222
2018-08-17 13:45:00,0.9372,64.30066666666667,13.780666666666667,6.1,84.18133333333334,,23.451833333333337
2018-08-17 14:00:00,0.9829333333333333,59.33133333333333,13.816,5.805333333333334,78.95266666666666,,23.268166666666666
2018-08-17 14:15:00,0.9351333333333333,55.13066666666667,13.884666666666668,6.042666666666666,75.058,,23.017222222222223
2018-08-17 14:30:00,0.9020666666666667,50.785999999999994,13.984,6.306,71.076,,23.237555555555556
2018-08-17 14:45:00,0.9583333333333334,58.751333333333335,13.202666666666666,6.058000000000001,78.012,,23.40588888888889
2018-08-17 15:00:00,0.9634666666666667,62.248666666666665,13.318666666666667,6.026666666666667,81.594,,23.1135
2018-08-17 15:15:00,0.9627333333333332,60.437999999999995,13.326666666666666,5.969333333333334,79.734,,22.930833333333332
2018-08-17 15:30:00,0.9829333333333333,43.66733333333333,13.574000000000002,6.0873333333333335,63.32866666666667,,22.912666666666667
2018-08-17 15:45:00,0.9756666666666667,42.980000000000004,13.437333333333335,6.0280000000000005,62.44533333333333,,23.453333333333333
2018-08-17 16:00:00,0.9615333333333334,51.89666666666667,13.297333333333334,5.867999999999999,71.062,,23.618055555555557
2018-08-17 16:15:00,0.9833333333333333,51.32066666666666,13.006666666666666,6.778666666666667,71.106,,23.44222222222222
2018-08-17 16:30:00,0.967,3.2093333333333334,13.096666666666668,6.425333333333333,22.731333333333335,,23.995833333333334
2018-08-17 16:45:00,0.8999333333333334,0.002,12.544666666666668,5.666,18.212666666666667,,25.434
2018-08-17 17:00:00,0.8105333333333333,0.0,11.526,4.626666666666667,16.152666666666665,,26.184388888888886
2018-08-17 17:15:00,0.7361333333333333,0.0,10.848,3.8193333333333332,14.667333333333334,,26.69633333333333
2018-08-17 17:30:00,0.7110666666666667,0.0,10.594,3.5786666666666664,14.172666666666666,,26.877
2018-08-17 17:45:00,0.6904,0.0,10.158666666666667,3.603333333333333,13.762,,27.0375
2018-08-17 18:00:00,0.6528666666666667,0.0,9.572666666666667,3.44,13.012666666666666,,27.209833333333332
2018-08-17 18:15:00,0.6409333333333334,0.0,9.374666666666666,3.4,12.774666666666667,,27.29733333333333
2018-08-17 18:30:00,0.6540666666666667,0.0,9.754666666666667,3.2800000000000002,13.034666666666665,,27.358166666666666
2018-08-17 18:45:00,0.6282,0.0,9.517333333333333,3.0020000000000002,12.519333333333332,,27.403833333333335
2018-08-17 19:00:00,0.5756666666666667,0.0,8.770666666666667,2.6993333333333336,11.469999999999999,,27.66188888888889
2018-08-17 19:15:00,0.5708,0.0,8.814,2.562,11.376,,28.02911111111111
2018-08-17 19:30:00,0.5179333333333334,0.0,7.896666666666666,2.427333333333333,10.324,,27.710888888888892
2018-08-17 19:45:00,0.45886666666666664,0.0,7.306,1.8373333333333333,9.143333333333334,,27.762666666666668
2018-08-17 20:00:00,0.41653333333333337,0.0,6.646,1.6526666666666665,8.298666666666668,,27.718555555555557
2018-08-17 20:15:00,0.33226666666666665,0.0,5.060666666666666,1.5593333333333335,6.62,,27.760111111111108
2018-08-17 20:30:00,0.25993333333333335,0.0,4.053333333333333,1.1266666666666665,5.179999999999999,,27.687444444444445
2018-08-17 20:45:00,0.19706666666666667,0.0,2.8506666666666662,1.0733333333333335,3.9239999999999995,,27.60677777777778
2018-08-17 21:00:00,0.13620000000000002,0.0,1.7233333333333332,0.998,2.7213333333333334,,27.49411111111111
2018-08-17 21:15:00,0.06699999999999999,0.0,0.336,0.9993333333333333,1.3353333333333335,,27.391333333333332
2018-08-17 21:30:00,0.0556,0.0,0.05333333333333334,1.054,1.1073333333333333,,27.334888888888887
2018-08-17 21:45:00,0.06886666666666666,0.0,0.2826666666666667,1.09,1.3726666666666667,,27.3
2018-08-17 22:00:00,0.062266666666666665,0.0,0.16266666666666665,1.076,1.2386666666666666,,27.275555555555556
2018-08-17 22:15:00,0.06026666666666667,0.0,0.15333333333333335,1.0493333333333335,1.2026666666666666,,27.250888888888888
2018-08-17 22:30:00,0.0512,0.0,0.05,0.968,1.018,,27.231333333333335
2018-08-17 22:45:00,0.048133333333333334,0.0,0.05333333333333334,0.904,0.9573333333333334,,27.253444444444444
2018-08-17 23:00:00,0.05946666666666667,0.0,0.20733333333333334,0.9773333333333334,1.1846666666666665,,27.225833333333334
2018-08-17 23:15:00,0.0544,0.0,0.05466666666666667,1.0306666666666666,1.0853333333333335,,27.099
2018-08-17 23:30:00,0.052399999999999995,0.0,0.050666666666666665,0.994,1.0446666666666666,,27.145777777777777
2018-08-17 23:45:00,0.0554,0.002,0.058,1.046,1.106,,27.0775
2018-08-18 00:00:00,0.050666666666666665,0.0,0.052000000000000005,0.9580000000000001,1.0100000000000002,,27.106833333333334
2018-08-18 00:15:00,0.062066666666666666,0.0,0.20466666666666666,1.032,1.2366666666666668,,27.053833333333333
2018-08-18 00:30:00,0.05893333333333333,0.0,0.05333333333333334,1.1193333333333333,1.1726666666666667,,27.0485
2018-08-18 00:45:00,0.0608,0.0,0.13066666666666665,1.082,1.2126666666666666,,27.046666666666667
2018-08-18 01:00:00,0.06420000000000001,0.0,0.16333333333333336,1.1173333333333333,1.2806666666666664,,27.03372222222222
2018-08-18 01:15:00,0.05893333333333333,0.0,0.15733333333333335,1.016,1.1733333333333331,,27.04922222222222
2018-08-18 01:30:00,0.06113333333333334,0.0,0.20600000000000002,1.0113333333333334,1.2173333333333334,,26.988
2018-08-18 01:45:00,0.05313333333333333,0.0,0.052000000000000005,1.0073333333333332,1.0593333333333335,,27.033
2018-08-18 02:00:00,0.05366666666666666,0.0,0.054000000000000006,1.0146666666666666,1.0686666666666667,,27.05816666666667
2018-08-18 02:15:00,0.053399999999999996,0.0,0.05266666666666667,1.008,1.0606666666666666,,27.055
2018-08-18 02:30:00,0.06006666666666667,0.0,0.20666666666666667,0.9893333333333333,1.1960000000000002,,27.07388888888889
2018-08-18 02:45:00,0.0532,0.0,0.052000000000000005,1.0053333333333334,1.0573333333333332,,27.079944444444443
2018-08-18 03:00:00,0.057,0.0,0.052000000000000005,1.084,1.136,,26.97427777777778
2018-08-18 03:15:00,0.0554,0.0,0.052000000000000005,1.05,1.102,,27.058500000000002
2018-08-18 03:30:00,0.0638,0.0,0.20533333333333334,1.0653333333333335,1.2706666666666668,,27.06211111111111
2018-08-18 03:45:00,0.061533333333333336,0.0,0.05333333333333334,1.1713333333333333,1.2246666666666668,,27.06866666666667
2018-08-18 04:00:00,0.055466666666666664,0.0,0.052000000000000005,1.052,1.1039999999999999,,27.005166666666664
2018-08-18 04:15:00,0.05393333333333334,0.0,0.052000000000000005,1.02,1.072,,27.05627777777778
2018-08-18 04:30:00,0.05586666666666667,0.0,0.192,0.9213333333333333,1.1133333333333335,,27.065166666666666
2018-08-18 04:45:00,0.05006666666666667,0.0,0.066,0.932,0.998,,27.075666666666667
2018-08-18 05:00:00,0.054,0.0,0.05333333333333334,1.02,1.0733333333333335,,27.059388888888886
2018-08-18 05:15:00,0.058333333333333334,0.0,0.14266666666666666,1.0173333333333334,1.16,,27.0585
2018-08-18 05:30:00,0.059000000000000004,0.0,0.162,1.0126666666666666,1.1746666666666665,,27.06
2018-08-18 05:45:00,0.1032,0.0,1.024,1.0326666666666666,2.0566666666666666,,27.062833333333334
2018-08-18 06:00:00,0.185,0.0,2.6693333333333333,1.0173333333333334,3.686666666666667,,27.075499999999998
2018-08-18 06:15:00,0.19106666666666666,0.0,2.6940000000000004,1.114,3.808,,27.123222222222225
2018-08-18 06:30:00,0.0788,0.0,0.4646666666666667,1.1006666666666667,1.5653333333333335,,27.160444444444444
2018-08-18 06:45:00,0.05533333333333333,0.0,0.05,1.052,1.102,,27.130999999999997
2018-08-18 07:00:00,0.05653333333333333,0.0,0.20133333333333334,0.9233333333333335,1.1246666666666667,,27.1245
2018-08-18 07:15:00,0.0486,0.0,0.05266666666666667,0.912,0.9646666666666667,,27.168
2018-08-18 07:30:00,0.054266666666666664,0.0,0.05466666666666667,1.0253333333333334,1.0799999999999998,,27.20927777777778
2018-08-18 07:45:00,0.05366666666666666,0.0,0.052000000000000005,1.0166666666666666,1.0686666666666667,,27.21588888888889
2018-08-18 08:00:00,0.05973333333333333,0.0,0.17,1.0226666666666666,1.1926666666666668,,27.35788888888889
2018-08-18 08:15:00,0.051866666666666665,0.0,0.09400000000000001,0.9413333333333334,1.0353333333333334,,27.37088888888889
2018-08-18 08:30:00,0.04566666666666667,0.0,0.05800000000000001,0.85,0.908,,27.4725
2018-08-18 08:45:00,0.4920666666666667,0.0,7.713333333333334,2.0926666666666667,9.806000000000001,,27.69838888888889
2018-08-18 09:00:00,0.6293333333333333,0.0,10.591333333333333,1.9493333333333331,12.540666666666665,,27.6675
2018-08-18 09:15:00,0.6346666666666666,0.0,10.972666666666667,1.6753333333333333,12.648,,27.695
2018-08-18 09:30:00,0.6273333333333333,0.0,10.874666666666664,1.6260000000000001,12.500666666666666,,27.85538888888889
2018-08-18 09:45:00,0.622,0.0,10.891333333333332,1.506,12.397333333333332,,28.03083333333333
2018-08-18 10:00:00,0.6182666666666666,0.0,10.776,1.5433333333333332,12.319333333333333,,28.183333333333334
2018-08-18 10:15:00,0.6105999999999999,0.0,10.604000000000001,1.5613333333333332,12.165333333333335,,28.209833333333332
2018-08-18 10:30:00,0.6169999999999999,0.0,10.744,1.55,12.294,,28.301166666666667
2018-08-18 10:45:00,0.42793333333333333,0.0,6.959999999999999,1.5673333333333332,8.527333333333333,,28.285722222222223
2018-08-18 11:00:00,0.30546666666666666,0.0,4.597333333333333,1.4873333333333332,6.084666666666666,,28.324333333333335
2018-08-18 11:15:00,0.3174666666666667,0.0,4.550666666666667,1.7726666666666666,6.323333333333333,,28.29588888888889
2018-08-18 11:30:00,0.3219333333333333,0.0,4.744,1.6706666666666665,6.414666666666666,,28.299666666666667
2018-08-18 11:45:00,0.2992666666666667,0.0,4.451333333333333,1.51,5.961333333333333,,28.370444444444445
2018-08-18 12:00:00,0.25726666666666664,0.0,3.634,1.4966666666666666,5.1306666666666665,,28.37355555555556
2018-08-18 12:15:00,0.21213333333333334,0.0,2.987333333333333,1.2386666666666666,4.226,,28.3485
2018-08-18 12:30:00,0.21346666666666667,0.0,3.0386666666666664,1.2146666666666666,4.253333333333333,,28.37366666666667
2018-08-18 12:45:00,0.21173333333333336,0.0,2.9819999999999998,1.238,4.220000000000001,,28.339333333333336
2018-08-18 13:00:00,0.19173333333333334,0.0,2.386,1.4326666666666668,3.8186666666666667,,28.27438888888889
2018-08-18 13:15:00,0.1412,0.0,1.7233333333333334,1.088666666666667,2.812,,28.08822222222222
2018-08-18 13:30:00,0.15033333333333332,0.0,1.8446666666666665,1.154,2.9986666666666664,,28.07177777777778
2018-08-18 13:45:00,0.1398,0.0,1.6993333333333334,1.0873333333333333,2.7866666666666666,,28.054444444444446
2018-08-18 14:00:00,0.09693333333333333,0.0,0.866,1.068,1.9340000000000002,,28.498277777777776
2018-08-18 14:15:00,0.05306666666666667,0.0,0.02733333333333333,1.03,1.0573333333333332,,28.464222222222222
2018-08-18 14:30:00,0.057666666666666665,0.0,0.026666666666666665,1.1193333333333333,1.1460000000000001,,28.36816666666667
2018-08-18 14:45:00,0.06433333333333333,0.0,0.17866666666666667,1.1026666666666667,1.2813333333333332,,28.313499999999998
2018-08-18 15:00:00,0.0564,0.0,0.02333333333333333,1.0993333333333333,1.1226666666666667,,28.4395
2018-08-18 15:15:00,0.0578,0.0,0.036000000000000004,1.1146666666666667,1.1506666666666667,,28.353166666666667
2018-08-18 15:30:00,0.06146666666666666,0.0,0.138,1.0853333333333335,1.2233333333333334,,28.30666666666667
2018-08-18 15:45:00,0.05653333333333333,0.0,0.14200000000000002,0.9833333333333333,1.1253333333333333,,28.25766666666667
2018-08-18 16:00:00,0.07713333333333333,0.0,0.5866666666666667,0.95,1.5366666666666666,,28.228833333333334
2018-08-18 16:15:00,0.10773333333333332,0.0,1.252,0.8913333333333334,2.143333333333333,,28.229333333333333
2018-08-18 16:30:00,0.0508,0.0,0.022000000000000002,0.9866666666666666,1.0086666666666666,,28.167055555555557
2018-08-18 16:45:00,0.05273333333333333,0.0,0.023333333333333334,1.0246666666666666,1.048,,28.189333333333334
2018-08-18 17:00:00,0.059133333333333336,0.0,0.178,1.002,1.18,,28.078
2018-08-18 17:15:00,0.052333333333333336,0.0,0.020666666666666667,1.0213333333333334,1.042,,27.99416666666667
2018-08-18 17:30:00,0.05226666666666667,0.0,0.022000000000000002,1.0186666666666668,1.0406666666666669,,28.145166666666668
2018-08-18 17:45:00,0.05073333333333333,0.0,0.020666666666666667,0.9893333333333333,1.01,,27.92711111111111
2018-08-18 18:00:00,0.060533333333333335,0.0,0.12066666666666667,1.0826666666666669,1.2033333333333334,,27.917166666666667
2018-08-18 18:15:00,0.05853333333333333,0.0,0.08,1.0853333333333335,1.1653333333333333,,27.8975
2018-08-18 18:30:00,0.0538,0.0,0.022000000000000002,1.0513333333333332,1.0733333333333335,,27.76883333333333
2018-08-18 18:45:00,0.047933333333333335,0.0,0.020666666666666667,0.9339999999999999,0.9546666666666667,,27.865333333333332
2018-08-18 19:00:00,0.04786666666666666,0.0,0.024,0.9266666666666666,0.9506666666666667,,27.859111111111112
2018-08-18 19:15:00,0.0586,0.0,0.17200000000000001,0.994,1.1660000000000001,,27.893444444444444
2018-08-18 19:30:00,0.051666666666666666,0.0,0.022000000000000002,1.0046666666666666,1.0266666666666666,,27.86111111111111
2018-08-18 19:45:00,0.0562,0.0,0.11266666666666666,1.0073333333333332,1.12,,27.834833333333332
2018-08-18 20:00:00,0.05513333333333333,0.0,0.13866666666666666,0.9586666666666666,1.0973333333333335,,27.944
2018-08-18 20:15:00,0.061200000000000004,0.0,0.2566666666666667,0.9613333333333334,1.218,,28.034166666666668
2018-08-18 20:30:00,0.05593333333333333,0.0,0.037333333333333336,1.0766666666666667,1.114,,27.959833333333332
2018-08-18 20:45:00,0.0578,0.0,0.025333333333333333,1.1260000000000001,1.1513333333333333,,27.929055555555557
2018-08-18 21:00:00,0.056,0.0,0.02266666666666667,1.0933333333333333,1.116,,27.940333333333335
2018-08-18 21:15:00,0.054599999999999996,0.0,0.02266666666666667,1.0633333333333332,1.0859999999999999,,27.953055555555558
2018-08-18 21:30:00,0.0564,0.0,0.18066666666666667,0.9413333333333332,1.122,,27.850944444444444
2018-08-18 21:45:00,0.049666666666666665,0.0,0.02333333333333333,0.9646666666666667,0.988,,27.861666666666668
2018-08-18 22:00:00,0.05353333333333333,0.0,0.025333333333333333,1.0373333333333332,1.0626666666666666,,27.709777777777777
2018-08-18 22:15:00,0.053399999999999996,0.0,0.022000000000000002,1.042,1.064,,27.829333333333334
2018-08-18 22:30:00,0.05846666666666667,0.0,0.18466666666666667,0.978,1.1626666666666667,,27.74555555555555
2018-08-18 22:45:00,0.04773333333333333,0.0,0.02333333333333333,0.926,0.9493333333333334,,27.83511111111111
2018-08-18 23:00:00,0.0486,0.0,0.024,0.9433333333333334,0.9673333333333335,,27.812500000000004
2018-08-18 23:15:00,0.05733333333333333,0.0,0.021333333333333333,1.1179999999999999,1.1393333333333333,,27.788833333333336
2018-08-18 23:30:00,0.05826666666666667,0.0,0.02266666666666667,1.1373333333333333,1.16,,27.789833333333334
2018-08-18 23:45:00,0.0642,0.0,0.17933333333333332,1.1013333333333333,1.2806666666666666,,27.747
2018-08-19 00:00:00,0.05346666666666667,0.0,0.05333333333333334,1.012,1.0653333333333335,,27.70311111111111
2018-08-19 00:15:00,0.05793333333333333,0.0,0.13333333333333333,1.0226666666666666,1.156,,27.807666666666666
2018-08-19 00:30:00,0.0586,0.0,0.14266666666666666,1.026,1.1686666666666667,,27.812333333333335
2018-08-19 00:45:00,0.05893333333333333,0.0,0.16066666666666668,1.014,1.1746666666666667,,27.849444444444444
2018-08-19 01:00:00,0.054000000000000006,0.0,0.07600000000000001,0.998,1.074,,27.83277777777778
2018-08-19 01:15:00,0.048,0.0,0.02333333333333333,0.9306666666666668,0.9540000000000001,,27.76638888888889
2018-08-19 01:30:00,0.04673333333333333,0.0,0.021333333333333333,0.9066666666666667,0.9280000000000002,,27.781333333333333
2018-08-19 01:45:00,0.0538,0.0,0.025333333333333333,1.0433333333333334,1.0686666666666667,,27.779833333333332
2018-08-19 02:00:00,0.06026666666666667,0.0,0.18133333333333332,1.0213333333333334,1.2026666666666666,,27.776333333333334
2018-08-19 02:15:00,0.059533333333333334,0.0,0.024666666666666667,1.1606666666666667,1.1853333333333333,,27.778499999999998
2018-08-19 02:30:00,0.0586,0.0,0.02333333333333333,1.1466666666666667,1.1700000000000002,,27.784166666666668
2018-08-19 02:45:00,0.05573333333333333,0.0,0.02266666666666667,1.0893333333333333,1.1119999999999999,,27.784333333333333
2018-08-19 03:00:00,0.05686666666666666,0.0,0.020666666666666667,1.1119999999999999,1.1326666666666665,,27.904166666666665
2018-08-19 03:15:00,0.06113333333333334,0.0,0.17200000000000001,1.046,1.218,,27.863833333333336
2018-08-19 03:30:00,0.0516,0.0,0.02333333333333333,1.002,1.0253333333333334,,27.794999999999998
2018-08-19 03:45:00,0.053200000000000004,0.0,0.020666666666666667,1.0353333333333332,1.056,,27.797944444444443
2018-08-19 04:00:00,0.05206666666666667,0.0,0.02266666666666667,1.0146666666666666,1.0373333333333334,,27.782666666666668
2018-08-19 04:15:00,0.0594,0.0,0.17600000000000002,1.008,1.1840000000000002,,27.77716666666667
2018-08-19 04:30:00,0.05553333333333333,0.0,0.12533333333333335,0.98,1.1053333333333333,,27.777611111111113
2018-08-19 04:45:00,0.0564,0.0,0.14266666666666666,0.9813333333333334,1.1239999999999999,,27.785666666666668
2018-08-19 05:00:00,0.054799999999999995,0.0,0.09866666666666668,0.9913333333333334,1.09,,27.77466666666667
2018-08-19 05:15:00,0.05673333333333333,0.0,0.02333333333333333,1.1039999999999999,1.1273333333333333,,27.7865
2018-08-19 05:30:00,0.06426666666666667,0.0,0.18466666666666667,1.0953333333333333,1.28,,27.790833333333335
2018-08-19 05:45:00,0.12639999999999998,0.0,1.224,1.2946666666666669,2.518666666666667,,27.781
2018-08-19 06:00:00,0.19886666666666666,0.0,2.710666666666667,1.2513333333333334,3.962,,27.7665
2018-08-19 06:15:00,0.184,0.0,2.710666666666667,0.956,3.6666666666666665,,27.775166666666667
2018-08-19 06:30:00,0.16513333333333333,0.0,2.418,0.872,3.29,,27.723277777777778
2018-08-19 06:45:00,0.05333333333333334,0.0,0.12333333333333334,0.9380000000000001,1.0613333333333332,,27.839
2018-08-19 07:00:00,0.051333333333333335,0.0,0.021333333333333333,1.0006666666666666,1.022,,27.83577777777778
2018-08-19 07:15:00,0.05653333333333333,0.0,0.11466666666666668,1.0086666666666668,1.1233333333333333,,28.000833333333333
2018-08-19 07:30:00,0.05333333333333334,0.0,0.15066666666666667,0.91,1.0606666666666666,,28.01983333333333
2018-08-19 07:45:00,0.0782,0.0,0.5813333333333334,0.9753333333333334,1.5566666666666669,,27.951166666666666
2018-08-19 08:00:00,0.06960000000000001,0.0,0.27466666666666667,1.1119999999999999,1.3866666666666667,,28.0335
2018-08-19 08:15:00,0.06906666666666667,0.0,0.272,1.1046666666666667,1.3766666666666665,,28.189111111111114
2018-08-19 08:30:00,0.0682,0.0,0.2733333333333334,1.084,1.3573333333333333,,28.15338888888889
2018-08-19 08:45:00,0.0726,0.0,0.458,0.9906666666666666,1.4486666666666668,,28.165000000000003
2018-08-19 09:00:00,0.07706666666666666,0.0,0.5393333333333333,0.9966666666666666,1.536,,28.289499999999997
2018-08-19 09:15:00,0.0762,0.0,0.502,1.0146666666666666,1.5166666666666666,,28.177666666666664
2018-08-19 09:30:00,0.0592,0.0,0.17733333333333334,1.002,1.1793333333333331,,28.2285
2018-08-19 09:45:00,0.055066666666666673,0.0,0.10933333333333334,0.9873333333333333,1.0966666666666667,,28.338166666666666
2018-08-19 10:00:00,0.1108,0.0,1.2586666666666668,0.95,2.208666666666667,,28.326277777777776
2018-08-19 10:15:00,0.108,0.0,1.1513333333333335,1.0033333333333334,2.1546666666666665,,28.327055555555557
2018-08-19 10:30:00,0.1126,0.0,1.148666666666667,1.098,2.246666666666667,,28.388666666666666
2018-08-19 10:45:00,0.11633333333333334,0.0,1.1680000000000001,1.1546666666666667,2.322666666666667,,28.41916666666667
2018-08-19 11:00:00,0.12573333333333334,0.0,1.3013333333333335,1.2073333333333334,2.508666666666667,,28.530444444444445
2018-08-19 11:15:00,0.11873333333333334,0.0,1.2593333333333334,1.1093333333333333,2.368666666666667,,28.507833333333334
2018-08-19 11:30:00,0.11473333333333334,0.0,1.1693333333333336,1.116,2.2853333333333334,,28.6145
2018-08-19 11:45:00,0.11673333333333333,0.0,1.1780000000000002,1.1520000000000001,2.33,,28.744666666666667
2018-08-19 12:00:00,0.12093333333333334,0.0,1.2860000000000003,1.1266666666666665,2.412666666666667,,28.738666666666667
2018-08-19 12:15:00,0.20853333333333335,0.0,3.0679999999999996,1.09,4.158,,28.712333333333333
2018-08-19 12:30:00,0.20900000000000002,0.0,3.0480000000000005,1.1186666666666667,4.166666666666667,,28.87088888888889
2018-08-19 12:45:00,0.26233333333333336,0.0,4.048,1.184,5.232,,28.837055555555555
2018-08-19 13:00:00,0.26653333333333334,0.0,4.0840000000000005,1.232,5.316000000000001,,28.923333333333336
2018-08-19 13:15:00,0.25893333333333335,0.0,3.984666666666667,1.1780000000000002,5.162666666666667,,28.968666666666667
2018-08-19 13:30:00,0.26813333333333333,0.0,4.138666666666667,1.208,5.346666666666667,,28.994666666666667
2018-08-19 13:45:00,0.2656,0.0,3.98,1.3186666666666667,5.298666666666667,,29.106611111111114
2018-08-19 14:00:00,0.2647333333333333,0.0,3.9513333333333334,1.327333333333333,5.278666666666667,,28.907500000000002
2018-08-19 14:15:00,0.2654666666666667,0.0,3.968666666666667,1.326,5.294666666666668,,28.894944444444445
2018-08-19 14:30:00,0.2714666666666667,0.0,4.144,1.2719999999999998,5.416,,28.910833333333336
2018-08-19 14:45:00,0.26026666666666665,0.0,3.9873333333333334,1.2033333333333334,5.190666666666667,,28.838
2018-08-19 15:00:00,0.2626,0.0,3.983333333333334,1.2553333333333332,5.238666666666666,,28.928833333333333
2018-08-19 15:15:00,0.24033333333333334,0.0,3.6793333333333336,1.1146666666666667,4.794,,28.926499999999997
2018-08-19 15:30:00,0.21833333333333332,0.0,3.3306666666666667,1.0206666666666666,4.351333333333333,,28.923833333333334
2018-08-19 15:45:00,0.23206666666666667,0.0,3.537333333333333,1.0893333333333333,4.626666666666666,,28.933055555555555
2018-08-19 16:00:00,0.09000000000000001,0.0,0.7693333333333334,1.0233333333333332,1.7926666666666666,,28.939500000000002
2018-08-19 16:15:00,0.05846666666666667,0.0,0.14533333333333334,1.018,1.1633333333333333,,29.055444444444444
2018-08-19 16:30:00,0.05233333333333333,0.0,0.028666666666666667,1.0126666666666666,1.0413333333333334,,28.913666666666668
2018-08-19 16:45:00,0.061733333333333335,0.0,0.16266666666666665,1.0666666666666667,1.2293333333333334,,29.108333333333334
2018-08-19 17:00:00,0.057466666666666666,0.0,0.03866666666666666,1.1053333333333333,1.144,,28.9055
2018-08-19 17:15:00,0.05706666666666667,0.0,0.02333333333333333,1.1119999999999999,1.1353333333333333,,29.037666666666667
2018-08-19 17:30:00,0.0582,0.0,0.021333333333333333,1.1353333333333333,1.1566666666666667,,28.854499999999998
2018-08-19 17:45:00,0.05573333333333333,0.0,0.02266666666666667,1.0853333333333333,1.1079999999999999,,28.805833333333332
2018-08-19 18:00:00,0.063,0.0,0.174,1.0806666666666667,1.2546666666666666,,28.988166666666665
2018-08-19 18:15:00,0.048466666666666665,0.0,0.021333333333333333,0.9393333333333334,0.9606666666666667,,28.902499999999996
2018-08-19 18:30:00,0.04713333333333333,0.0,0.022000000000000002,0.9166666666666666,0.9386666666666666,,28.7495
2018-08-19 18:45:00,0.052599999999999994,0.0,0.02266666666666667,1.0253333333333334,1.048,,28.667333333333332
2018-08-19 19:00:00,0.0622,0.0,0.20466666666666666,1.0333333333333334,1.238,,28.645666666666667
2018-08-19 19:15:00,0.05173333333333333,0.0,0.024,1.006,1.03,,28.614611111111113
2018-08-19 19:30:00,0.051333333333333335,0.0,0.02333333333333333,0.9986666666666667,1.022,,28.623944444444444
2018-08-19 19:45:00,0.049466666666666666,0.0,0.02266666666666667,0.9613333333333334,0.984,,28.591333333333335
2018-08-19 20:00:00,0.06346666666666667,0.0,0.16733333333333336,1.0973333333333335,1.2646666666666668,,28.590666666666667
2018-08-19 20:15:00,0.07013333333333334,0.0,0.27666666666666667,1.1206666666666665,1.3973333333333333,,28.585333333333335
2018-08-19 20:30:00,0.06006666666666667,0.0,0.08200000000000002,1.114,1.1960000000000002,,28.58083333333333
2018-08-19 20:45:00,0.056266666666666666,0.0,0.022000000000000002,1.0986666666666667,1.1206666666666665,,28.580333333333332
2018-08-19 21:00:00,0.051533333333333334,0.0,0.024,1.002,1.026,,28.57633333333333
2018-08-19 21:15:00,0.054533333333333336,0.0,0.17600000000000002,0.9086666666666667,1.0846666666666667,,28.405944444444444
2018-08-19 21:30:00,0.051000000000000004,0.0,0.02333333333333333,0.9926666666666667,1.016,,28.55111111111111
2018-08-19 21:45:00,0.051666666666666666,0.0,0.02266666666666667,1.0073333333333332,1.03,,28.593277777777775
2018-08-19 22:00:00,0.05226666666666667,0.0,0.02333333333333333,1.018,1.0413333333333334,,28.59283333333333
2018-08-19 22:15:00,0.0584,0.0,0.13933333333333334,1.0226666666666666,1.162,,28.56083333333333
2018-08-19 22:30:00,0.04926666666666667,0.0,0.058,0.922,0.9800000000000001,,28.53788888888889
2018-08-19 22:45:00,0.051533333333333334,0.0,0.022000000000000002,1.0046666666666666,1.0266666666666666,,28.56411111111111
2018-08-19 23:00:00,0.059666666666666666,0.0,0.024666666666666667,1.1626666666666665,1.1873333333333334,,28.562277777777776
2018-08-19 23:15:00,0.056466666666666665,0.0,0.02333333333333333,1.1006666666666667,1.1239999999999999,,28.577388888888887
2018-08-19 23:30:00,0.06326666666666667,0.0,0.17266666666666666,1.0859999999999999,1.2586666666666666,,28.61472222222222
2018-08-19 23:45:00,0.0522,0.0,0.02333333333333333,1.0133333333333332,1.0366666666666666,,28.54988888888889
2018-08-20 00:00:00,0.0482,0.0,0.02666666666666667,0.932,0.9586666666666667,,28.54788888888889
2018-08-20 00:15:00,0.056799999999999996,0.0,0.13133333333333336,0.9986666666666667,1.13,,28.48166666666667
2018-08-20 00:30:00,0.0662,0.0,0.2866666666666667,1.0326666666666666,1.3193333333333332,,28.544333333333334
2018-08-20 00:45:00,0.055,0.0,0.09400000000000001,1.0006666666666666,1.0946666666666665,,28.547
2018-08-20 01:00:00,0.05146666666666667,0.0,0.02266666666666667,1.0006666666666666,1.0233333333333334,,28.481499999999997
2018-08-20 01:15:00,0.04646666666666666,0.0,0.02266666666666667,0.9019999999999999,0.9246666666666667,,28.514555555555553
2018-08-20 01:30:00,0.04633333333333333,0.0,0.03666666666666667,0.8833333333333333,0.92,,28.543666666666663
2018-08-20 01:45:00,0.06133333333333334,0.0,0.16133333333333333,1.0606666666666666,1.2220000000000002,,28.539333333333335
2018-08-20 02:00:00,0.0566,0.0,0.024,1.1026666666666667,1.1266666666666665,,28.525
2018-08-20 02:15:00,0.055799999999999995,0.0,0.02266666666666667,1.088,1.1106666666666667,,28.499055555555557
2018-08-20 02:30:00,0.05173333333333333,0.0,0.02266666666666667,1.0093333333333334,1.032,,28.552000000000003
2018-08-20 02:45:00,0.05726666666666667,0.0,0.14,0.9993333333333333,1.1393333333333333,,28.5475
2018-08-20 03:00:00,0.056266666666666666,0.0,0.060000000000000005,1.0606666666666666,1.120666666666667,,28.570888888888888
2018-08-20 03:15:00,0.051000000000000004,0.0,0.021333333333333333,0.9926666666666667,1.014,,28.467055555555554
2018-08-20 03:30:00,0.05413333333333333,0.0,0.02333333333333333,1.054,1.0773333333333333,,28.417722222222224
2018-08-20 03:45:00,0.054066666666666666,0.0,0.02266666666666667,1.052,1.0746666666666667,,28.561666666666667
2018-08-20 04:00:00,0.0592,0.0,0.17600000000000002,1.0033333333333334,1.1793333333333333,,28.54733333333333
2018-08-20 04:15:00,0.0536,0.0,0.02266666666666667,1.042,1.0646666666666667,,28.544999999999998
2018-08-20 04:30:00,0.057,0.0,0.12333333333333334,1.0133333333333332,1.1366666666666667,,28.547666666666665
2018-08-20 04:45:00,0.06306666666666667,0.0,0.14,1.1173333333333333,1.2573333333333332,,28.588777777777782
2018-08-20 05:00:00,0.06126666666666667,0.0,0.10000000000000002,1.1206666666666665,1.2206666666666668,,28.627166666666668
2018-08-20 05:15:00,0.0654,0.0,0.1753333333333333,1.129333333333333,1.3046666666666666,,28.557333333333336
2018-08-20 05:30:00,0.0664,0.0,0.2033333333333333,1.1193333333333333,1.3226666666666667,,28.61938888888889
2018-08-20 05:45:00,0.07913333333333333,0.0,0.49600000000000005,1.0813333333333333,1.5773333333333333,,28.572499999999998
2018-08-20 06:00:00,0.09626666666666667,0.0,0.8866666666666667,1.034,1.9206666666666667,,28.51811111111111
2018-08-20 06:15:00,0.45086666666666664,0.0,6.906666666666666,2.0786666666666664,8.985333333333333,,28.642777777777777
2018-08-20 06:30:00,0.5223333333333333,0.0,8.015333333333334,2.3946666666666667,10.41,,28.673555555555556
2018-08-20 06:45:00,0.43666666666666665,0.7706666666666667,7.023333333333334,1.68,9.474,,28.926666666666666
2018-08-20 07:00:00,0.5510666666666667,0.8926666666666667,8.876666666666665,2.106,11.875333333333334,,29.020833333333332
2018-08-20 07:15:00,0.6627333333333334,0.8953333333333333,10.458666666666666,2.7513333333333336,14.105333333333334,,29.065
2018-08-20 07:30:00,0.6851333333333333,1.3493333333333333,11.099333333333334,2.5533333333333332,15.002,,28.98916666666667
2018-08-20 07:45:00,0.7118,79.37333333333332,10.837333333333333,3.35,93.56066666666666,,28.475666666666665
2018-08-20 08:00:00,0.7869333333333334,103.38333333333334,11.455333333333332,4.228666666666666,119.06733333333334,,25.880666666666666
2018-08-20 08:15:00,0.8756666666666667,93.71533333333333,12.925999999999998,5.241333333333333,111.88266666666667,,24.0965
2018-08-20 08:30:00,0.8822,88.61200000000001,12.777999999999999,4.798666666666667,106.18866666666666,,23.262666666666668
2018-08-20 08:45:00,0.8705999999999999,66.786,12.399333333333333,4.951333333333333,84.13666666666667,,23.127666666666666
2018-08-20 09:00:00,0.8978,65.624,12.354000000000001,5.593333333333333,83.57133333333333,,23.420333333333335
2018-08-20 09:15:00,0.8616666666666667,69.75066666666666,12.273333333333333,4.8966666666666665,86.92066666666666,,23.594222222222225
2018-08-20 09:30:00,0.9053333333333333,67.56266666666666,12.788,5.256666666666666,85.60733333333333,,23.447555555555553
2018-08-20 09:45:00,0.9057999999999999,69.15266666666666,12.360666666666667,5.69,87.20333333333333,,23.282
2018-08-20 10:00:00,0.9186,58.00866666666666,12.630666666666666,5.676,76.31533333333333,,23.425444444444445
2018-08-20 10:15:00,0.9122666666666668,71.66733333333333,12.667333333333334,5.516000000000001,89.85066666666667,,23.674055555555558
2018-08-20 10:30:00,0.9284666666666667,63.623333333333335,13.058666666666666,5.4446666666666665,82.12666666666665,,23.374000000000002
2018-08-20 10:45:00,0.9245333333333333,61.727999999999994,12.771333333333333,5.652666666666667,80.152,,23.442666666666664
2018-08-20 11:00:00,0.9378,66.37333333333333,12.970666666666666,5.717333333333333,85.06133333333334,,23.561111111111114
2018-08-20 11:15:00,0.9255333333333334,60.38933333333333,12.755333333333335,5.690666666666667,78.83533333333334,,23.494111111111113
2018-08-20 11:30:00,0.9217333333333334,61.08866666666667,12.83,5.538666666666667,79.45733333333332,,23.46188888888889
2018-08-20 11:45:00,0.9211333333333334,2.9033333333333338,12.939333333333334,5.418,21.26066666666667,,24.307166666666664
2018-08-20 12:00:00,0.9115333333333333,1.016,12.622666666666667,5.542666666666666,19.181333333333335,,26.17611111111111
2018-08-20 12:15:00,0.7848,0.4026666666666667,11.100666666666667,5.3020000000000005,16.805333333333333,,27.136444444444447
2018-08-20 12:30:00,0.7357333333333334,0.0,10.106,5.566,15.671999999999999,,27.81822222222222
2018-08-20 12:45:00,0.7422,0.166,9.532,5.257333333333333,14.955333333333332,,28.312944444444444
2018-08-20 13:00:00,0.8032666666666667,79.45466666666667,10.790666666666665,5.220666666666667,95.466,,27.356888888888886
2018-08-20 13:15:00,0.8811333333333333,98.786,11.854000000000001,5.702666666666667,116.34266666666666,,24.82633333333333
2018-08-20 13:30:00,0.9374666666666668,69.07466666666666,12.553333333333335,6.149333333333333,87.77733333333335,,23.48166666666667
2018-08-20 13:45:00,0.9586666666666666,64.266,13.160666666666666,5.953333333333333,83.38000000000001,,23.57283333333333
2018-08-20 14:00:00,0.9349333333333333,72.49666666666667,13.662666666666667,6.130666666666667,92.28999999999999,,23.578833333333332
2018-08-20 14:15:00,0.9659333333333333,65.26466666666667,13.117999999999999,6.167333333333334,84.55,,23.481555555555556
2018-08-20 14:30:00,0.9572666666666667,66.89066666666666,13.210666666666667,5.868666666666667,85.97,,23.720000000000002
2018-08-20 14:45:00,0.9499333333333333,62.06066666666666,13.265999999999998,5.669333333333333,80.99600000000001,,23.628833333333333
2018-08-20 15:00:00,0.9816,61.024,13.326666666666666,6.394666666666667,80.74533333333333,,23.51361111111111
2018-08-20 15:15:00,0.9626,60.35933333333333,12.958666666666668,6.230666666666667,79.54866666666666,,23.459
2018-08-20 15:30:00,0.9591999999999999,64.596,12.987333333333334,6.132666666666667,83.716,,23.519166666666667
2018-08-20 15:45:00,0.966,56.25866666666666,13.159333333333334,6.096,75.514,,23.535
2018-08-20 16:00:00,0.9350666666666666,56.842666666666666,12.780000000000001,5.855333333333333,75.47800000000001,,23.451166666666666
2018-08-20 16:15:00,0.9081333333333333,62.848,12.500666666666666,5.599333333333333,80.94800000000001,,23.346444444444444
2018-08-20 16:30:00,0.9148,3.9306666666666663,12.492666666666667,5.737333333333334,22.160666666666664,,23.924500000000002
2018-08-20 16:45:00,0.8994666666666666,0.0,12.333333333333334,5.592666666666667,17.926,,25.648000000000003
2018-08-20 17:00:00,0.7983999999999999,0.0,11.408666666666667,4.504666666666667,15.913333333333332,,26.65266666666667
2018-08-20 17:15:00,0.658,0.0,9.828666666666665,3.2873333333333337,13.115999999999998,,27.106833333333334
2018-08-20 17:30:00,0.6171333333333333,0.0,9.344666666666665,2.9526666666666666,12.297333333333333,,27.395
2018-08-20 17:45:00,0.604,0.0,9.186666666666667,2.848,12.034666666666665,,27.66783333333333
2018-08-20 18:00:00,0.5932,0.0,8.885333333333334,2.932,11.817333333333332,,27.794555555555558
2018-08-20 18:15:00,0.5734666666666667,0.0,8.628666666666666,2.7973333333333334,11.425999999999998,,27.91027777777778
2018-08-20 18:30:00,0.5959333333333333,0.0,8.783333333333333,3.0900000000000003,11.873333333333333,,28.036833333333334
2018-08-20 18:45:00,0.6052666666666667,0.0,8.903333333333332,3.158,12.061333333333332,,28.056833333333334
2018-08-20 19:00:00,0.581,0.0,8.806000000000001,2.7706666666666666,11.576666666666666,,28.050666666666665
2018-08-20 19:15:00,0.5256666666666667,0.0,7.890666666666667,2.588,10.478666666666667,,28.0075
2018-08-20 19:30:00,0.43320000000000003,0.0,6.408,2.2239999999999998,8.632000000000001,,28.092111111111112
2018-08-20 19:45:00,0.4023333333333333,0.0,6.332666666666666,1.688,8.020666666666667,,28.115499999999997
2018-08-20 20:00:00,0.38686666666666664,0.0,6.226,1.4873333333333332,7.713333333333334,,28.110666666666663
2018-08-20 20:15:00,0.28219999999999995,0.0,4.1546666666666665,1.4726666666666666,5.6273333333333335,,28.1055
2018-08-20 20:30:00,0.2188,0.0,2.912,1.4486666666666668,4.360666666666666,,28.026333333333334
2018-08-20 20:45:00,0.16713333333333333,0.0,1.9773333333333334,1.3506666666666667,3.3280000000000003,,28.092
2018-08-20 21:00:00,0.14793333333333333,0.0,1.8353333333333333,1.1119999999999999,2.9473333333333334,,27.887944444444443
2018-08-20 21:15:00,0.09580000000000001,0.0,0.9600000000000001,0.9493333333333334,1.9093333333333333,,27.89527777777778
2018-08-20 21:30:00,0.0572,0.0,0.14866666666666667,0.9913333333333333,1.1400000000000001,,27.863833333333332
2018-08-20 21:45:00,0.055266666666666665,0.0,0.02266666666666667,1.0786666666666667,1.1013333333333333,,27.956833333333336
2018-08-20 22:00:00,0.05326666666666667,0.0,0.022000000000000002,1.038,1.06,,28.046499999999998
2018-08-20 22:15:00,0.06233333333333333,0.0,0.232,1.0073333333333332,1.2393333333333334,,27.95561111111111
2018-08-20 22:30:00,0.05946666666666667,0.0,0.14133333333333334,1.0433333333333332,1.1846666666666665,,27.917944444444444
2018-08-20 22:45:00,0.0618,0.0,0.14200000000000002,1.0899999999999999,1.2319999999999998,,27.843833333333336
2018-08-20 23:00:00,0.052866666666666666,0.0,0.058,0.9946666666666667,1.0526666666666666,,27.865944444444445
2018-08-20 23:15:00,0.04786666666666666,0.0,0.02266666666666667,0.928,0.9506666666666668,,27.813499999999998
2018-08-20 23:30:00,0.0554,0.0,0.186,0.916,1.102,,27.7905
2018-08-20 23:45:00,0.0496,0.0,0.024,0.964,0.988,,27.81061111111111
2018-08-21 00:00:00,0.0504,0.0,0.02266666666666667,0.9806666666666667,1.0033333333333334,,27.7845
2018-08-21 00:15:00,0.051000000000000004,0.0,0.02333333333333333,0.9913333333333333,1.0146666666666666,,27.787
2018-08-21 00:30:00,0.04766666666666666,0.0,0.022000000000000002,0.9253333333333333,0.9473333333333334,,27.729166666666668
2018-08-21 00:45:00,0.06066666666666667,0.0,0.182,1.0273333333333334,1.2093333333333334,,27.781333333333336
2018-08-21 01:00:00,0.05573333333333333,0.0,0.02333333333333333,1.0853333333333333,1.1086666666666667,,27.836055555555557
2018-08-21 01:15:00,0.05446666666666666,0.0,0.020666666666666667,1.0619999999999998,1.0826666666666667,,27.80111111111111
2018-08-21 01:30:00,0.05633333333333333,0.0,0.025333333333333333,1.0979999999999999,1.1233333333333335,,27.769833333333334
2018-08-21 01:45:00,0.049666666666666665,0.0,0.021333333333333333,0.9673333333333333,0.9886666666666667,,27.79877777777778
2018-08-21 02:00:00,0.059333333333333335,0.0,0.2793333333333334,0.9006666666666666,1.18,,27.7865
2018-08-21 02:15:00,0.057,0.0,0.14133333333333334,0.9946666666666667,1.136,,27.789166666666667
2018-08-21 02:30:00,0.054599999999999996,0.0,0.09666666666666668,0.9906666666666666,1.0873333333333333,,27.820777777777778
2018-08-21 02:45:00,0.04953333333333333,0.0,0.021333333333333333,0.966,0.9873333333333334,,27.809722222222224
2018-08-21 03:00:00,0.04286666666666667,0.0,0.05733333333333333,0.794,0.8513333333333333,,27.807222222222222
2018-08-21 03:15:00,0.0528,0.0,0.14533333333333334,0.9053333333333333,1.0506666666666669,,27.797000000000004
2018-08-21 03:30:00,0.052533333333333335,0.0,0.022000000000000002,1.0226666666666666,1.0446666666666666,,27.800166666666666
2018-08-21 03:45:00,0.056266666666666666,0.0,0.02333333333333333,1.0959999999999999,1.1193333333333333,,27.82172222222222
2018-08-21 04:00:00,0.05313333333333334,0.0,0.022000000000000002,1.036,1.058,,27.77688888888889
2018-08-21 04:15:00,0.0552,0.0,0.1673333333333333,0.9306666666666668,1.0979999999999999,,27.820055555555555
2018-08-21 04:30:00,0.0528,0.0,0.03866666666666667,1.0126666666666666,1.0513333333333332,,27.817999999999998
2018-08-21 04:45:00,0.05493333333333333,0.0,0.050666666666666665,1.042,1.0926666666666667,,27.805333333333333
2018-08-21 05:00:00,0.052333333333333336,0.0,0.022000000000000002,1.0206666666666666,1.0426666666666666,,27.88094444444444
2018-08-21 05:15:00,0.05566666666666666,0.0,0.19866666666666666,0.912,1.1106666666666667,,27.82316666666667
2018-08-21 05:30:00,0.08493333333333333,0.0,0.6786666666666666,1.014,1.6926666666666668,,27.825
2018-08-21 05:45:00,0.1106,0.0,1.22,0.9866666666666666,2.2066666666666666,,27.847944444444447
2018-08-21 06:00:00,0.146,0.0,1.8453333333333333,1.0626666666666666,2.908,,27.833833333333335
2018-08-21 06:15:00,0.3687333333333333,0.0,5.551333333333333,1.7986666666666666,7.35,,27.849833333333333
2018-08-21 06:30:00,0.5456000000000001,0.0,8.196666666666665,2.679333333333333,10.876,,27.98338888888889
2018-08-21 06:45:00,0.504,0.0,8.231333333333334,1.814,10.045333333333334,,28.051666666666666
2018-08-21 07:00:00,0.5577333333333333,0.6013333333333333,8.726,2.39,11.717333333333332,,28.139833333333335
2018-08-21 07:15:00,0.5844666666666666,0.8806666666666667,9.498666666666667,2.1493333333333333,12.528666666666668,,28.282
2018-08-21 07:30:00,0.6788000000000001,0.6786666666666666,10.271333333333333,3.259333333333333,14.209333333333335,,28.62827777777778
2018-08-21 07:45:00,0.6581333333333333,77.21000000000001,10.210666666666667,2.908666666666667,90.32933333333334,,27.66866666666667
2018-08-21 08:00:00,0.7346666666666667,93.24466666666667,10.963999999999999,3.679333333333333,107.88799999999999,,24.952555555555556
2018-08-21 08:15:00,0.8762000000000001,70.74266666666668,12.58,4.881333333333333,88.204,,23.391222222222222
2018-08-21 08:30:00,0.8966666666666666,61.251999999999995,13.124666666666666,4.742666666666667,79.11933333333333,,23.354333333333333
2018-08-21 08:45:00,0.9309999999999999,62.63933333333333,13.392,5.1626666666666665,81.194,,23.730666666666664
2018-08-21 09:00:00,0.9464666666666667,67.49733333333333,13.416,5.45,86.36333333333333,,23.601555555555553
2018-08-21 09:15:00,0.9631333333333333,64.93533333333333,13.942,5.257333333333333,84.13466666666666,,23.36311111111111
2018-08-21 09:30:00,0.9842,63.61333333333334,14.358666666666666,5.496666666666667,83.46866666666666,,23.507333333333335
2018-08-21 09:45:00,0.9882000000000001,55.142,14.230666666666668,5.561333333333334,74.934,,23.358555555555554
2018-08-21 10:00:00,0.9759333333333333,62.41133333333334,14.139333333333333,5.324,81.87466666666667,,23.516222222222222
2018-08-21 10:15:00,0.9844666666666666,62.10333333333333,14.093333333333334,5.642666666666667,81.83933333333333,,23.317
2018-08-21 10:30:00,0.9916,59.43866666666667,14.434666666666667,5.597333333333334,79.47066666666666,,23.103666666666665
2018-08-21 10:45:00,0.9758,61.332,13.85,5.614,80.796,,23.259666666666664
2018-08-21 11:00:00,0.9840666666666666,53.712,13.697333333333335,5.989999999999999,73.39933333333333,,22.615000000000002
2018-08-21 11:15:00,0.9675333333333334,59.05133333333333,13.611333333333334,5.679333333333333,78.34200000000001,,22.991
2018-08-21 11:30:00,0.9884666666666667,61.473333333333336,13.848,5.914666666666666,81.236,,22.758333333333333
2018-08-21 11:45:00,0.9718666666666667,3.253333333333333,13.590666666666667,5.795333333333333,22.639333333333333,,23.669333333333334
2018-08-21 12:00:00,0.9500666666666666,0.0,12.432,6.502666666666667,18.93466666666667,,25.408666666666665
2018-08-21 12:15:00,0.8738666666666667,0.0,12.166666666666666,5.245333333333334,17.412,,26.494666666666667
2018-08-21 12:30:00,0.8302666666666666,0.0,11.609333333333332,4.9366666666666665,16.546,,26.89966666666667
2018-08-21 12:45:00,0.8274,0.11866666666666666,11.161999999999999,5.330666666666667,16.61133333333333,,27.326999999999998
2018-08-21 13:00:00,0.8359333333333333,79.14933333333333,11.589333333333334,5.070666666666667,95.80933333333333,,26.775333333333332
2018-08-21 13:15:00,0.9212,78.22333333333333,12.906,5.4526666666666666,96.58200000000001,,24.04866666666667
2018-08-21 13:30:00,0.9817333333333332,60.169999999999995,13.681333333333333,6.024666666666667,79.87599999999999,,23.596333333333334
2018-08-21 13:45:00,0.9916666666666667,59.385999999999996,13.933333333333334,5.978,79.29733333333334,,23.276666666666664
2018-08-21 14:00:00,0.987,61.24733333333334,13.845333333333334,5.881333333333333,80.974,,23.165333333333333
2018-08-21 14:15:00,0.965,60.14533333333333,13.523333333333333,5.744666666666666,79.41333333333334,,23.224666666666668
2018-08-21 14:30:00,0.9618,65.40733333333334,13.37,5.799333333333333,84.57666666666667,,23.29866666666667
2018-08-21 14:45:00,0.9822000000000001,54.266,13.785333333333334,5.846666666666667,73.898,,23.491555555555557
2018-08-21 15:00:00,0.9472,57.160666666666664,13.383999999999999,6.127333333333334,76.672,,23.31977777777778
2018-08-21 15:15:00,0.9704666666666667,64.38133333333333,13.322000000000001,6.02,83.72333333333334,,23.234222222222222
2018-08-21 15:30:00,0.9612666666666667,61.014,13.205333333333334,6.027333333333333,80.24666666666667,,23.155444444444445
2018-08-21 15:45:00,0.9478666666666666,53.07533333333333,13.921333333333333,6.203333333333333,73.2,,23.098333333333336
2018-08-21 16:00:00,0.9767333333333333,60.458666666666666,13.336,6.133333333333334,79.92800000000001,,23.221999999999998
2018-08-21 16:15:00,0.9160666666666667,61.61533333333333,12.872000000000002,5.384,79.87133333333333,,23.174
2018-08-21 16:30:00,0.9436666666666668,3.2786666666666666,13.054,5.776666666666667,22.109333333333332,,24.16033333333333
2018-08-21 16:45:00,0.9135333333333334,0.0,13.050666666666668,5.156666666666666,18.207333333333334,,25.735666666666667
2018-08-21 17:00:00,0.8048,0.0,11.858,4.180666666666666,16.038666666666664,,26.523777777777777
2018-08-21 17:15:00,0.6919333333333333,0.0,10.202666666666666,3.5906666666666665,13.793333333333333,,27.05088888888889
2018-08-21 17:30:00,0.6688,0.0,10.061333333333332,3.27,13.331333333333331,,27.416944444444443
2018-08-21 17:45:00,0.6872,0.0,10.251333333333333,3.4473333333333334,13.698666666666666,,27.52927777777778
2018-08-21 18:00:00,0.6781333333333334,0.0,10.325333333333333,3.194,13.519333333333332,,27.54272222222222
2018-08-21 18:15:00,0.6658666666666666,0.0,9.786,3.484,13.27,,27.49827777777778
2018-08-21 18:30:00,0.6318,0.0,9.297333333333333,3.292666666666667,12.59,,27.773944444444446
2018-08-21 18:45:00,0.6055333333333334,0.0,9.043333333333331,3.0233333333333334,12.066666666666666,,27.683666666666667
2018-08-21 19:00:00,0.5969333333333332,0.0,9.032,2.864,11.895999999999999,,27.766333333333332
2018-08-21 19:15:00,0.5891333333333333,0.0,8.809999999999999,2.9266666666666667,11.736666666666666,,27.556499999999996
2018-08-21 19:30:00,0.5746666666666667,0.0,8.834,2.6173333333333333,11.451333333333332,,26.884333333333334
2018-08-21 19:45:00,0.5518666666666667,0.0,8.686,2.3153333333333332,11.001333333333333,,27.76805555555556
2018-08-21 20:00:00,0.45893333333333336,0.0,7.1979999999999995,1.9533333333333331,9.151333333333332,,27.884
2018-08-21 20:15:00,0.2561333333333333,0.0,3.5606666666666666,1.5440000000000003,5.104666666666668,,27.852500000000003
2018-08-21 20:30:00,0.16513333333333333,0.0,1.8426666666666667,1.4480000000000002,3.2906666666666666,,27.731611111111114
2018-08-21 20:45:00,0.09713333333333334,0.0,0.9633333333333334,0.9746666666666666,1.938,,27.773666666666667
2018-08-21 21:00:00,0.1032,0.0,1.0493333333333335,1.0093333333333334,2.0586666666666664,,27.608999999999998
2018-08-21 21:15:00,0.0882,0.0,0.686,1.0713333333333332,1.7573333333333332,,27.5295
2018-08-21 21:30:00,0.06713333333333332,0.0,0.26133333333333336,1.0753333333333333,1.3366666666666667,,27.585611111111113
2018-08-21 21:45:00,0.050333333333333334,0.0,0.024,0.978,1.002,,27.5355
2018-08-21 22:00:00,0.0498,0.0,0.02333333333333333,0.9686666666666667,0.9919999999999999,,27.520500000000002
2018-08-21 22:15:00,0.05053333333333333,0.0,0.021333333333333333,0.9853333333333333,1.0066666666666666,,27.54372222222222
2018-08-21 22:30:00,0.05093333333333334,0.0,0.024666666666666667,0.99,1.0146666666666666,,27.524166666666666
2018-08-21 22:45:00,0.05826666666666667,0.0,0.17933333333333332,0.9806666666666666,1.16,,27.507833333333334
2018-08-21 23:00:00,0.05026666666666667,0.0,0.02266666666666667,0.9786666666666667,1.0013333333333334,,27.507
2018-08-21 23:15:00,0.04786666666666666,0.0,0.024,0.9299999999999999,0.9540000000000001,,27.511944444444445
2018-08-21 23:30:00,0.04593333333333333,0.0,0.02333333333333333,0.8913333333333334,0.9146666666666667,,27.50011111111111
2018-08-21 23:45:00,0.048933333333333336,0.0,0.04733333333333333,0.928,0.9753333333333333,,27.520333333333333
2018-08-22 00:00:00,0.06753333333333332,0.0,0.29133333333333333,1.0539999999999998,1.3453333333333333,,27.495833333333334
2018-08-22 00:15:00,0.06013333333333334,0.0,0.14200000000000002,1.056,1.1980000000000002,,27.498
2018-08-22 00:30:00,0.056666666666666664,0.0,0.07933333333333334,1.0473333333333332,1.1266666666666665,,27.51033333333333
2018-08-22 00:45:00,0.052199999999999996,0.0,0.020666666666666667,1.0193333333333332,1.04,,27.5125
2018-08-22 01:00:00,0.05773333333333333,0.0,0.17600000000000002,0.9733333333333333,1.1493333333333333,,27.527111111111108
2018-08-22 01:15:00,0.04613333333333333,0.0,0.024666666666666667,0.8933333333333333,0.918,,27.52572222222222
2018-08-22 01:30:00,0.0526,0.0,0.02333333333333333,1.0226666666666666,1.046,,27.563777777777776
2018-08-22 01:45:00,0.050666666666666665,0.0,0.022000000000000002,0.9853333333333333,1.0073333333333332,,27.53511111111111
2018-08-22 02:00:00,0.05726666666666667,0.0,0.14,0.9993333333333332,1.1393333333333333,,27.525333333333332
2018-08-22 02:15:00,0.051533333333333334,0.0,0.06066666666666667,0.9653333333333334,1.026,,27.49777777777778
2018-08-22 02:30:00,0.04493333333333333,0.0,0.02266666666666667,0.8713333333333334,0.894,,27.531499999999998
2018-08-22 02:45:00,0.0472,0.0,0.02266666666666667,0.916,0.9386666666666666,,27.531
2018-08-22 03:00:00,0.05366666666666667,0.0,0.021333333333333333,1.0453333333333332,1.0666666666666667,,27.534
2018-08-22 03:15:00,0.0642,0.0,0.17733333333333334,1.1013333333333333,1.2786666666666666,,27.666666666666668
2018-08-22 03:30:00,0.056266666666666666,0.0,0.022000000000000002,1.097333333333333,1.1193333333333333,,27.733555555555554
2018-08-22 03:45:00,0.056266666666666666,0.0,0.022000000000000002,1.0986666666666665,1.1206666666666665,,27.732666666666667
2018-08-22 04:00:00,0.05566666666666666,0.0,0.068,1.0413333333333332,1.1093333333333333,,27.738
2018-08-22 04:15:00,0.0624,0.0,0.23866666666666667,1.0046666666666666,1.2433333333333332,,27.743888888888886
2018-08-22 04:30:00,0.06026666666666667,0.0,0.194,1.008,1.2020000000000002,,27.74422222222222
2018-08-22 04:45:00,0.0518,0.0,0.043333333333333335,0.9893333333333333,1.0326666666666666,,27.952333333333332
2018-08-22 05:00:00,0.0508,0.0,0.024,0.986,1.01,,27.717166666666667
2018-08-22 05:15:00,0.06206666666666667,0.0,0.26333333333333336,0.974,1.2373333333333332,,27.640555555555558
2018-08-22 05:30:00,0.09346666666666666,0.0,0.88,0.9819999999999999,1.8619999999999999,,27.64816666666667
2018-08-22 05:45:00,0.07666666666666666,0.0,0.5346666666666666,0.9933333333333333,1.5279999999999998,,27.74716666666667
2018-08-22 06:00:00,0.17053333333333331,0.0,2.042,1.3573333333333333,3.399333333333333,,27.751555555555555
2018-08-22 06:15:00,0.5897333333333333,0.0,9.3,2.4486666666666665,11.748666666666667,,27.76872222222222
2018-08-22 06:30:00,0.5229333333333334,0.0,8.238666666666667,2.1853333333333333,10.424000000000001,,27.82038888888889
2018-08-22 06:45:00,0.4951333333333333,0.0,8.362666666666666,1.5026666666666666,9.865333333333332,,27.975055555555556
2018-08-22 07:00:00,0.5221333333333333,0.0,8.633333333333333,1.7746666666666668,10.408,,27.99416666666667
2018-08-22 07:15:00,0.6078666666666667,0.0,9.614666666666666,2.5006666666666666,12.115333333333332,,28.005499999999998
2018-08-22 07:30:00,0.6512,0.34600000000000003,10.331999999999999,2.6493333333333333,13.327333333333334,,28.029055555555555
2018-08-22 07:45:00,0.6755333333333334,77.90066666666667,10.738666666666667,2.728,91.36733333333333,,27.451833333333337
2018-08-22 08:00:00,0.7269333333333333,89.47866666666667,11.133999999999999,3.353333333333333,103.966,,24.77766666666667
2018-08-22 08:15:00,0.7774666666666668,62.866,11.563999999999998,3.9306666666666668,78.36066666666666,,23.387
2018-08-22 08:30:00,0.8358,61.23466666666666,12.364,4.296,77.89466666666667,,23.482333333333333
2018-08-22 08:45:00,0.8798666666666667,65.47,12.858666666666666,4.675333333333333,83.00399999999999,,23.577555555555556
2018-08-22 09:00:00,0.8978666666666667,56.669999999999995,12.809333333333333,5.0806666666666676,74.56,,23.511666666666667
2018-08-22 09:15:00,0.9332666666666667,58.36466666666667,13.182666666666668,5.450666666666667,76.998,,23.588277777777776
2018-08-22 09:30:00,0.9431333333333334,64.95733333333334,13.158666666666669,5.6386666666666665,83.75466666666667,,23.590333333333334
2018-08-22 09:45:00,0.9353333333333332,62.95333333333334,13.400666666666668,5.239333333333334,81.59333333333333,,23.45627777777778
2018-08-22 10:00:00,0.8992666666666668,60.132,12.998,4.922666666666667,78.05266666666667,,23.381000000000004
2018-08-22 10:15:00,0.8938,56.86333333333334,13.621999999999998,5.199333333333334,75.68466666666667,,23.49844444444444
2018-08-22 10:30:00,0.9366,57.76866666666667,13.485333333333333,5.182666666666666,76.43666666666667,,23.41422222222222
2018-08-22 10:45:00,0.9312666666666666,64.94,13.237333333333334,5.323333333333333,83.50066666666666,,23.314666666666668
2018-08-22 11:00:00,0.9131333333333334,61.550666666666665,12.939333333333334,5.259333333333333,79.74933333333334,,23.17361111111111
2018-08-22 11:15:00,0.9190666666666666,60.498666666666665,13.111333333333333,5.205333333333333,78.81533333333333,,23.53411111111111
2018-08-22 11:30:00,0.9453999999999999,54.58866666666667,13.325999999999999,5.515333333333333,73.43,,23.259444444444444
2018-08-22 11:45:00,0.9512666666666667,3.1553333333333335,13.409333333333334,5.6193333333333335,22.184,,23.966
2018-08-22 12:00:00,0.8911333333333334,0.0,11.889333333333333,5.867333333333333,17.756666666666664,,25.7355
2018-08-22 12:15:00,0.8358,0.0,11.381333333333334,5.279333333333333,16.660666666666668,,26.68588888888889
2018-08-22 12:30:00,0.8528666666666667,0.0,11.586,5.413333333333333,16.999333333333333,,27.215
2018-08-22 12:45:00,0.8699333333333333,0.10066666666666667,11.866666666666667,5.483333333333333,17.450666666666667,,27.540000000000003
2018-08-22 13:00:00,0.8904,78.30133333333333,12.434,5.307333333333333,96.04266666666668,,26.886777777777777
2018-08-22 13:15:00,0.9363333333333334,77.51733333333333,13.200666666666667,5.459999999999999,96.17800000000001,,24.4
2018-08-22 13:30:00,0.9448000000000001,62.606,13.292,6.069333333333334,81.96733333333333,,23.592388888888888
2018-08-22 13:45:00,0.95,62.775333333333336,13.803333333333333,6.158,82.73666666666666,,23.485333333333333
2018-08-22 14:00:00,0.9797333333333333,56.98133333333333,13.772,6.6706666666666665,77.424,,23.57327777777778
2018-08-22 14:15:00,0.9982000000000001,61.931333333333335,14.422666666666665,6.314666666666667,82.66866666666667,,23.592888888888886
2018-08-22 14:30:00,1.0,62.35666666666667,14.304,6.260666666666666,82.92133333333332,,23.523666666666667
2018-08-22 14:45:00,1.0,62.43733333333333,13.990666666666668,6.570666666666667,82.99866666666667,,23.49288888888889
2018-08-22 15:00:00,0.9962,53.74066666666667,13.982000000000001,6.342,74.06466666666667,,23.417666666666666
2018-08-22 15:15:00,0.9982000000000001,61.10666666666667,14.210666666666667,6.147333333333334,81.46466666666667,,23.51711111111111
2018-08-22 15:30:00,1.0,57.36866666666666,14.363333333333333,6.326666666666666,78.05866666666665,,23.184
2018-08-22 15:45:00,0.9938666666666667,46.132666666666665,14.033333333333333,6.108666666666666,66.27466666666666,,23.359777777777776
2018-08-22 16:00:00,0.9825333333333333,42.13733333333333,13.54,6.104666666666668,61.782000000000004,,23.459833333333332
2018-08-22 16:15:00,0.9451333333333333,42.696,12.990666666666668,5.852666666666667,61.53933333333334,,23.78783333333333
2018-08-22 16:30:00,0.9307333333333333,3.4099999999999993,12.910666666666666,5.64,21.960666666666665,,24.18061111111111
2018-08-22 16:45:00,0.8876000000000001,0.0,12.23,5.458,17.688,,25.557666666666666
2018-08-22 17:00:00,0.8094,0.0,11.563333333333333,4.631333333333333,16.194666666666667,,26.378
2018-08-22 17:15:00,0.6819333333333333,0.0,9.928,3.6673333333333336,13.595333333333334,,26.69066666666667
2018-08-22 17:30:00,0.6362,0.0,9.418000000000001,3.2626666666666666,12.680666666666667,,26.928833333333333
2018-08-22 17:45:00,0.6053333333333334,0.0,9.149333333333335,2.912,12.061333333333334,,27.071166666666667
2018-08-22 18:00:00,0.6073333333333333,0.0,9.052,3.049333333333333,12.101333333333335,,27.176
2018-08-22 18:15:00,0.6004666666666666,0.0,8.823333333333334,3.1413333333333338,11.964666666666668,,27.269833333333334
2018-08-22 18:30:00,0.6120666666666666,0.0,9.004666666666667,3.1919999999999997,12.196666666666667,,27.49511111111111
2018-08-22 18:45:00,0.605,0.0,8.990000000000002,3.0626666666666664,12.052666666666669,,27.657555555555557
2018-08-22 19:00:00,0.5982666666666667,0.0,9.294666666666666,2.9306666666666668,12.225333333333333,,27.484722222222224
2018-08-22 19:15:00,0.5739333333333333,0.0,8.786,2.652,11.437999999999999,,27.639333333333333
2018-08-22 19:30:00,0.4812,0.0,7.383333333333334,2.2066666666666666,9.59,,27.645166666666668
2018-08-22 19:45:00,0.4355333333333333,0.0,6.690666666666667,1.9913333333333334,8.681999999999999,,27.65994444444444
2018-08-22 20:00:00,0.33,0.0,4.8806666666666665,1.6926666666666668,6.573333333333333,,27.56116666666667
2018-08-22 20:15:00,0.28673333333333334,0.0,4.150666666666666,1.5666666666666669,5.7173333333333325,,27.545666666666666
2018-08-22 20:30:00,0.2581333333333334,0.0,3.598,1.5486666666666669,5.1466666666666665,,27.52283333333333
2018-08-22 20:45:00,0.179,0.0,1.9946666666666666,1.5706666666666669,3.5653333333333337,,27.438333333333333
2018-08-22 21:00:00,0.16999999999999998,0.0,1.8126666666666666,1.572,3.384666666666667,,27.303333333333335
2018-08-22 21:15:00,0.15180000000000002,0.0,1.7013333333333334,1.3226666666666667,3.024,,27.40266666666667
2018-08-22 21:30:00,0.09653333333333333,0.0,0.9466666666666668,0.9786666666666667,1.9253333333333336,,27.283333333333335
2018-08-22 21:45:00,0.11193333333333334,0.0,1.1780000000000002,1.056,2.234,,27.257444444444445
2018-08-22 22:00:00,0.09893333333333333,0.0,0.93,1.0426666666666666,1.9726666666666666,,27.222833333333334
2018-08-22 22:15:00,0.073,0.0,0.5086666666666667,0.9433333333333334,1.4520000000000002,,27.217499999999998
2018-08-22 22:30:00,0.04953333333333333,0.0,0.02333333333333333,0.962,0.9853333333333334,,27.199833333333334
2018-08-22 22:45:00,0.059533333333333334,0.0,0.12933333333333336,1.0573333333333335,1.1866666666666668,,27.194999999999997
2018-08-22 23:00:00,0.06113333333333334,0.0,0.19666666666666668,1.0233333333333334,1.22,,27.1955
2018-08-22 23:15:00,0.059666666666666666,0.0,0.22933333333333333,0.9593333333333334,1.1886666666666668,,27.199833333333334
2018-08-22 23:30:00,0.05633333333333333,0.0,0.024,1.0993333333333335,1.1233333333333335,,27.202111111111112
2018-08-22 23:45:00,0.05693333333333333,0.0,0.022000000000000002,1.1106666666666667,1.1326666666666667,,27.173944444444444
2018-08-23 00:00:00,0.05493333333333333,0.0,0.02266666666666667,1.0719999999999998,1.0946666666666667,,27.305444444444444
2018-08-23 00:15:00,0.06113333333333334,0.0,0.184,1.036,1.22,,27.268333333333334
2018-08-23 00:30:00,0.0538,0.0,0.024,1.048,1.072,,27.238333333333333
2018-08-23 00:45:00,0.05246666666666666,0.0,0.022000000000000002,1.0233333333333332,1.0453333333333332,,27.266000000000002
2018-08-23 01:00:00,0.048266666666666666,0.0,0.02266666666666667,0.9373333333333334,0.9600000000000001,,27.259333333333334
2018-08-23 01:15:00,0.04886666666666666,0.0,0.020666666666666667,0.9513333333333335,0.972,,27.30483333333333
2018-08-23 01:30:00,0.06113333333333334,0.0,0.17933333333333332,1.0373333333333334,1.2166666666666666,,27.348555555555556
2018-08-23 01:45:00,0.0528,0.0,0.02266666666666667,1.026,1.0486666666666666,,27.321833333333334
2018-08-23 02:00:00,0.04833333333333333,0.0,0.024,0.9366666666666668,0.9606666666666668,,27.337333333333333
2018-08-23 02:15:00,0.0516,0.0,0.020666666666666667,1.006,1.0266666666666666,,27.36238888888889
2018-08-23 02:30:00,0.0584,0.0,0.02266666666666667,1.1400000000000001,1.1626666666666667,,27.385499999999997
2018-08-23 02:45:00,0.06373333333333334,0.0,0.17866666666666667,1.0899999999999999,1.2686666666666668,,27.34283333333333
2018-08-23 03:00:00,0.05686666666666666,0.0,0.10933333333333334,1.022,1.1313333333333333,,27.362833333333334
2018-08-23 03:15:00,0.0604,0.0,0.13466666666666666,1.068,1.2026666666666666,,27.375999999999998
2018-08-23 03:30:00,0.05846666666666667,0.0,0.12200000000000003,1.0426666666666666,1.1646666666666667,,27.39016666666667
2018-08-23 03:45:00,0.04973333333333333,0.0,0.021333333333333333,0.9673333333333333,0.9886666666666667,,27.30838888888889
2018-08-23 04:00:00,0.055799999999999995,0.0,0.174,0.9366666666666668,1.1106666666666667,,27.3645
2018-08-23 04:15:00,0.05286666666666666,0.0,0.02266666666666667,1.028,1.0506666666666669,,27.41711111111111
2018-08-23 04:30:00,0.051866666666666665,0.0,0.02333333333333333,1.0073333333333332,1.0306666666666666,,27.373333333333335
2018-08-23 04:45:00,0.048666666666666664,0.0,0.022000000000000002,0.9440000000000001,0.966,,27.309
2018-08-23 05:00:00,0.05466666666666666,0.0,0.126,0.9613333333333334,1.0873333333333335,,27.211000000000002
2018-08-23 05:15:00,0.0592,0.0,0.084,1.094,1.1780000000000002,,27.213666666666665
2018-08-23 05:30:00,0.0782,0.0,0.43533333333333335,1.1226666666666667,1.558,,27.293055555555554
2018-08-23 05:45:00,0.10886666666666667,0.0,1.1540000000000001,1.0193333333333334,2.1733333333333333,,27.24416666666667
2018-08-23 06:00:00,0.13313333333333333,0.0,1.4653333333333334,1.1886666666666665,2.6540000000000004,,27.243833333333335
2018-08-23 06:15:00,0.49613333333333337,0.0,6.942666666666667,2.945333333333333,9.888,,27.273333333333333
2018-08-23 06:30:00,0.5573333333333333,0.0,8.212,2.896666666666667,11.108666666666666,,27.404611111111112
2018-08-23 06:45:00,0.5071333333333333,0.0,8.506666666666668,1.6026666666666667,10.109333333333332,,27.441111111111113
2018-08-23 07:00:00,0.5462666666666667,0.0,8.800666666666666,2.088,10.888666666666667,,27.5645
2018-08-23 07:15:00,0.5969333333333332,0.0,9.372666666666667,2.522,11.894666666666668,,27.799277777777778
2018-08-23 07:30:00,0.6385333333333333,0.38799999999999996,9.855333333333334,2.8699999999999997,13.113333333333333,,27.958000000000002
2018-08-23 07:45:00,0.7053999999999999,78.102,10.704,3.3553333333333333,92.16133333333333,,27.266111111111112
2018-08-23 08:00:00,0.754,86.386,11.228666666666667,3.796,101.41066666666667,,24.483888888888888
2018-08-23 08:15:00,0.8513999999999999,59.275999999999996,12.308666666666666,4.657333333333333,76.242,,23.3735
2018-08-23 08:30:00,0.9162,64.718,12.735333333333333,5.522666666666667,82.97600000000001,,23.47266666666667
2018-08-23 08:45:00,0.8972666666666667,55.592,12.486666666666668,5.396,73.47466666666668,,23.744833333333336
2018-08-23 09:00:00,0.9322666666666667,57.97666666666667,12.864666666666666,5.721333333333334,76.56266666666667,,23.657666666666668
2018-08-23 09:15:00,0.9546666666666667,65.076,13.376666666666667,5.666666666666667,84.11933333333333,,23.4755
2018-08-23 09:30:00,0.9681333333333334,60.15333333333333,13.442666666666666,5.856,79.452,,23.346333333333334
2018-08-23 09:45:00,0.9977333333333332,59.37533333333333,14.074666666666667,6.003333333333333,79.45333333333333,,23.472388888888887
2018-08-23 10:00:00,0.9952000000000001,60.716,13.863333333333335,6.144666666666667,80.724,,23.640111111111114
2018-08-23 10:15:00,0.9713999999999999,57.87066666666667,13.381333333333334,5.988666666666666,77.24066666666667,,23.372166666666665
2018-08-23 10:30:00,0.9643333333333334,64.87866666666666,13.247333333333334,6.054,84.18,,23.43138888888889
2018-08-23 10:45:00,0.9788666666666667,57.190666666666665,13.6,5.984,76.77466666666668,,23.323666666666668
2018-08-23 11:00:00,0.9618666666666666,58.31333333333334,13.329333333333333,5.841333333333334,77.484,,23.547833333333337
2018-08-23 11:15:00,0.9489333333333333,60.025333333333336,13.654,6.501333333333333,80.18066666666667,,23.544111111111114
2018-08-23 11:30:00,0.9881333333333333,59.37199999999999,13.334666666666667,6.454,79.16066666666667,,23.359166666666667
2018-08-23 11:45:00,0.9743999999999999,3.454,13.662,5.760666666666666,22.876666666666665,,23.989555555555558
2018-08-23 12:00:00,0.9212,0.0,12.434666666666667,5.926,18.360666666666667,,25.599333333333334
2018-08-23 12:15:00,0.8594,0.0,11.595333333333333,5.531333333333333,17.126666666666665,,26.5875
2018-08-23 12:30:00,0.821,0.0,10.843333333333332,5.52,16.363333333333333,,27.067166666666665
2018-08-23 12:45:00,0.8166666666666667,0.12466666666666668,11.018666666666666,5.259333333333333,16.402666666666665,,27.439055555555555
2018-08-23 13:00:00,0.9089333333333334,80.82199999999999,12.547333333333334,5.568,98.93733333333333,,26.711333333333336
2018-08-23 13:15:00,0.9335333333333333,75.31666666666666,13.249333333333334,5.3580000000000005,93.92399999999999,,24.19077777777778
2018-08-23 13:30:00,0.9838,63.28999999999999,14.491333333333333,5.848666666666667,83.63000000000001,,23.51816666666667
2018-08-23 13:45:00,0.9918,57.824,14.020000000000001,6.1979999999999995,78.042,,23.480222222222224
2018-08-23 14:00:00,0.9988666666666667,60.83866666666666,13.968666666666667,6.308000000000001,81.11533333333334,,23.5865
2018-08-23 14:15:00,0.9945333333333333,63.19466666666666,13.802,6.390000000000001,83.38666666666667,,23.615222222222222
2018-08-23 14:30:00,0.9830666666666666,62.24666666666666,13.981333333333334,6.5600000000000005,82.788,,23.583000000000002
2018-08-23 14:45:00,0.9713999999999999,56.926,14.562666666666667,6.835333333333334,78.32400000000001,,23.502166666666664
2018-08-23 15:00:00,0.998,62.95733333333333,14.286666666666667,6.419333333333333,83.66333333333334,,23.575833333333332
2018-08-23 15:15:00,0.999,64.04666666666667,14.032,6.75,84.82866666666665,,23.416166666666665
2018-08-23 15:30:00,1.0,54.47266666666666,14.277333333333333,6.256666666666666,75.00666666666666,,23.175722222222223
2018-08-23 15:45:00,0.9705333333333334,62.43933333333334,14.947333333333335,6.641333333333334,84.028,,23.579333333333334
2018-08-23 16:00:00,0.999,59.68533333333333,14.520666666666667,6.018666666666666,80.22466666666666,,23.193500000000004
2018-08-23 16:15:00,0.9951333333333333,61.885999999999996,14.123333333333335,5.946,81.95533333333333,,23.068888888888885
2018-08-23 16:30:00,0.9699333333333333,4.0280000000000005,13.741999999999999,5.684666666666667,23.454666666666665,,23.57016666666667
2018-08-23 16:45:00,0.9455333333333333,0.0,13.499333333333334,5.346666666666667,18.846,,25.278277777777777
2018-08-23 17:00:00,0.8897999999999999,0.0,12.894666666666668,4.838666666666667,17.733333333333334,,26.306833333333334
2018-08-23 17:15:00,0.7534,0.0,11.415333333333335,3.5993333333333335,15.014666666666667,,26.66311111111111
2018-08-23 17:30:00,0.6844,0.0,10.378666666666668,3.2626666666666666,13.641333333333334,,27.02583333333333
2018-08-23 17:45:00,0.6304666666666667,0.0,9.881333333333334,2.6820000000000004,12.563333333333333,,27.1965
2018-08-23 18:00:00,0.6144666666666667,0.0,9.533999999999999,2.7113333333333336,12.245333333333333,,27.30216666666667
2018-08-23 18:15:00,0.5687333333333334,0.0,8.896666666666667,2.4339999999999997,11.330666666666668,,27.360999999999997
2018-08-23 18:30:00,0.48073333333333335,0.0,6.929999999999999,2.6506666666666665,9.580666666666668,,27.55194444444444
2018-08-23 18:45:00,0.47333333333333333,0.0,6.865333333333334,2.566666666666667,9.431999999999999,,27.6675
2018-08-23 19:00:00,0.47446666666666665,0.0,6.977333333333333,2.476,9.453333333333335,,27.579833333333333
2018-08-23 19:15:00,0.4473333333333333,0.0,6.849333333333333,2.0613333333333332,8.910666666666666,,27.507
2018-08-23 19:30:00,0.43033333333333335,0.0,6.628666666666666,1.9480000000000002,8.576666666666666,,27.31361111111111
2018-08-23 19:45:00,0.41019999999999995,0.0,6.294666666666667,1.8813333333333333,8.176,,27.23788888888889
2018-08-23 20:00:00,0.38653333333333334,0.0,5.797333333333333,1.9053333333333333,7.7026666666666666,,27.34
2018-08-23 20:15:00,0.28726666666666667,0.0,3.9679999999999995,1.7606666666666666,5.728666666666666,,27.326666666666664
2018-08-23 20:30:00,0.1852,0.0,2.06,1.6300000000000001,3.69,,27.2525
2018-08-23 20:45:00,0.16673333333333332,0.0,1.7553333333333332,1.5613333333333335,3.316666666666667,,27.204166666666666
2018-08-23 21:00:00,0.17540000000000003,0.0,1.9413333333333334,1.55,3.491333333333334,,27.148555555555554
2018-08-23 21:15:00,0.1188,0.0,1.2280000000000002,1.1406666666666667,2.368666666666667,,27.31011111111111
2018-08-23 21:30:00,0.056266666666666666,0.0,0.11333333333333334,1.006,1.1193333333333333,,27.129666666666665
2018-08-23 21:45:00,0.04986666666666666,0.0,0.021333333333333333,0.9706666666666667,0.9920000000000001,,27.249166666666667
2018-08-23 22:00:00,0.06566666666666666,0.0,0.24933333333333335,1.0579999999999998,1.3073333333333332,,27.07016666666667
2018-08-23 22:15:00,0.05506666666666667,0.0,0.02266666666666667,1.0726666666666667,1.0953333333333333,,27.054166666666667
2018-08-23 22:30:00,0.05573333333333333,0.0,0.024,1.0866666666666667,1.1106666666666667,,27.03722222222222
2018-08-23 22:45:00,0.0556,0.0,0.13,0.978,1.108,,27.033
2018-08-23 23:00:00,0.06433333333333333,0.0,0.15,1.1293333333333335,1.2793333333333334,,27.18566666666667
2018-08-23 23:15:00,0.0726,0.0,0.28800000000000003,1.1573333333333333,1.4453333333333334,,27.218833333333336
2018-08-23 23:30:00,0.0592,0.0,0.02333333333333333,1.1566666666666667,1.1800000000000002,,27.209666666666667
2018-08-23 23:45:00,0.05413333333333334,0.0,0.02266666666666667,1.0553333333333332,1.078,,27.20872222222222
2018-08-24 00:00:00,0.053200000000000004,0.0,0.022000000000000002,1.0393333333333332,1.0613333333333335,,27.232166666666664
2018-08-24 00:15:00,0.0628,0.0,0.18266666666666667,1.068,1.2506666666666666,,27.200166666666668
2018-08-24 00:30:00,0.05493333333333333,0.0,0.03333333333333333,1.0599999999999998,1.0933333333333333,,27.196166666666667
2018-08-24 00:45:00,0.055466666666666664,0.0,0.024,1.0799999999999998,1.104,,27.1835
2018-08-24 01:00:00,0.0516,0.0,0.02333333333333333,1.0053333333333334,1.0286666666666666,,27.196833333333334
2018-08-24 01:15:00,0.06326666666666667,0.0,0.23866666666666667,1.0233333333333332,1.262,,27.212833333333332
2018-08-24 01:30:00,0.054599999999999996,0.0,0.02266666666666667,1.0639999999999998,1.0866666666666667,,27.229166666666668
2018-08-24 01:45:00,0.05433333333333333,0.0,0.021333333333333333,1.062,1.0833333333333333,,27.266888888888893
2018-08-24 02:00:00,0.05593333333333333,0.0,0.022000000000000002,1.0913333333333335,1.1133333333333335,,27.240333333333336
2018-08-24 02:15:00,0.06426666666666667,0.0,0.18800000000000003,1.09,1.278,,27.209999999999997
2018-08-24 02:30:00,0.06486666666666667,0.0,0.132,1.1613333333333336,1.2933333333333332,,27.194
2018-08-24 02:45:00,0.06493333333333333,0.0,0.14200000000000002,1.1493333333333333,1.2913333333333334,,27.25766666666667
2018-08-24 03:00:00,0.057666666666666665,0.0,0.08333333333333334,1.064,1.1473333333333333,,27.143166666666666
2018-08-24 03:15:00,0.05,0.0,0.021333333333333333,0.972,0.9933333333333334,,27.225
2018-08-24 03:30:00,0.06226666666666667,0.0,0.17933333333333332,1.0593333333333332,1.2386666666666666,,27.249166666666667
2018-08-24 03:45:00,0.0554,0.0,0.022000000000000002,1.0779999999999998,1.1,,27.25583333333333
2018-08-24 04:00:00,0.05293333333333334,0.0,0.021333333333333333,1.0293333333333332,1.0506666666666666,,27.25
2018-08-24 04:15:00,0.049666666666666665,0.0,0.024,0.9646666666666666,0.9886666666666667,,27.22627777777778
2018-08-24 04:30:00,0.05633333333333333,0.0,0.062000000000000006,1.0593333333333332,1.1213333333333333,,27.093611111111112
2018-08-24 04:45:00,0.06473333333333334,0.0,0.216,1.0713333333333332,1.2873333333333332,,27.01977777777778
2018-08-24 05:00:00,0.06046666666666667,0.0,0.021333333333333333,1.1840000000000002,1.2053333333333334,,27.09
2018-08-24 05:15:00,0.071,0.0,0.362,1.0533333333333335,1.4153333333333333,,27.09772222222222
2018-08-24 05:30:00,0.0896,0.0,0.7200000000000001,1.0686666666666667,1.7886666666666668,,26.9495
2018-08-24 05:45:00,0.09739999999999999,0.0,0.7833333333333333,1.1593333333333333,1.9426666666666668,,27.207666666666668
2018-08-24 06:00:00,0.3086,0.0,4.738666666666666,1.4126666666666667,6.151333333333333,,27.183722222222222
2018-08-24 06:15:00,0.6160666666666667,0.0,9.317333333333332,2.957333333333333,12.274666666666667,,27.241
2018-08-24 06:30:00,0.5795333333333333,0.0,9.533333333333333,2.018,11.551333333333334,,27.326666666666664
2018-08-24 06:45:00,0.5821333333333333,0.0,9.696,1.9053333333333333,11.601333333333333,,27.45583333333333
2018-08-24 07:00:00,0.5915333333333332,0.0,9.646666666666667,2.1406666666666667,11.787333333333333,,27.46838888888889
2018-08-24 07:15:00,0.6341333333333333,0.0,10.023333333333333,2.6113333333333335,12.634666666666666,,27.602611111111113
2018-08-24 07:30:00,0.6325333333333333,0.372,10.306000000000001,2.298,12.975999999999999,,27.704
2018-08-24 07:45:00,0.6546666666666667,74.17666666666668,10.25,2.7973333333333334,87.224,,26.833111111111112
2018-08-24 08:00:00,0.7002666666666666,74.05466666666666,10.590666666666667,3.896666666666667,88.542,,24.383166666666668
2018-08-24 08:15:00,0.8399333333333333,57.15466666666667,12.740666666666666,4.763999999999999,74.65933333333332,,23.330333333333332
2018-08-24 08:30:00,0.9117333333333334,60.839333333333336,12.84,5.327333333333333,79.00666666666666,,23.377333333333336
2018-08-24 08:45:00,0.9097333333333334,57.916666666666664,12.823333333333332,5.306,76.046,,23.367666666666665
2018-08-24 09:00:00,0.8894000000000001,50.80133333333333,12.860666666666667,5.244666666666666,68.90666666666667,,23.243999999999996
2018-08-24 09:15:00,0.8985333333333333,58.407333333333334,12.561333333333332,5.343999999999999,76.31266666666667,,23.476611111111108
2018-08-24 09:30:00,0.9719333333333334,62.918,13.312666666666667,6.1386666666666665,82.36933333333333,,23.285833333333336
2018-08-24 09:45:00,0.9733999999999999,60.358,13.524,5.887333333333333,79.76933333333334,,23.09038888888889
2018-08-24 10:00:00,0.9868,49.965333333333334,13.720666666666666,6.140666666666666,69.82666666666667,,23.19238888888889
2018-08-24 10:15:00,0.9760666666666666,58.215333333333334,13.594666666666667,6.024666666666667,77.83466666666666,,23.465833333333332
2018-08-24 10:30:00,0.9302666666666667,58.608666666666664,14.256666666666668,6.168,79.03333333333333,,23.119222222222223
2018-08-24 10:45:00,0.9859333333333333,62.80133333333333,13.521999999999998,6.337999999999999,82.66133333333333,,23.038944444444443
2018-08-24 11:00:00,0.9744666666666666,50.656,13.309333333333333,6.117333333333334,70.08266666666667,,23.072166666666664
2018-08-24 11:15:00,0.9764666666666667,43.684666666666665,13.367333333333333,6.165333333333334,63.217333333333336,,23.70788888888889
2018-08-24 11:30:00,0.9527333333333332,50.53933333333334,13.158666666666669,5.8306666666666676,69.52866666666667,,23.789666666666665
2018-08-24 11:45:00,0.9332666666666667,2.5740000000000003,13.54,6.292,22.406000000000002,,24.30761111111111
2018-08-24 12:00:00,0.9142,0.0,12.802,5.414000000000001,18.216,,25.756555555555558
2018-08-24 12:15:00,0.8946000000000001,0.0,12.613333333333333,5.215333333333334,17.828666666666667,,26.818833333333334
2018-08-24 12:30:00,0.8191333333333333,0.0,11.265333333333333,5.0633333333333335,16.328666666666667,,27.320722222222223
2018-08-24 12:45:00,0.8208,0.08933333333333333,11.395999999999999,5.157333333333333,16.642666666666667,,27.725666666666665
2018-08-24 13:00:00,0.8713333333333334,76.44,12.128666666666668,5.239333333333334,93.80799999999999,,27.076833333333337
2018-08-24 13:15:00,0.9356666666666666,74.95933333333333,13.287333333333333,5.450666666666667,93.69733333333333,,24.454833333333333
2018-08-24 13:30:00,0.9442666666666667,60.78933333333334,13.119333333333334,5.701333333333333,79.61,,23.632333333333335
2018-08-24 13:45:00,0.974,65.18599999999999,13.334,6.237333333333334,84.75733333333332,,23.598166666666668
2018-08-24 14:00:00,0.9510000000000001,52.419999999999995,13.530666666666665,5.994666666666666,71.94533333333334,,23.419
2018-08-24 14:15:00,0.9841333333333334,54.87199999999999,13.650666666666666,6.065333333333333,74.588,,23.44333333333333
2018-08-24 14:30:00,0.9449333333333333,64.44866666666667,13.994666666666665,5.954,84.39733333333334,,23.297388888888886
2018-08-24 14:45:00,0.9481333333333333,60.658,13.294,5.6033333333333335,79.55533333333332,,23.136
2018-08-24 15:00:00,0.9674666666666667,61.362,13.537333333333333,5.7540000000000004,80.65333333333334,,23.002333333333336
2018-08-24 15:15:00,0.9943333333333333,51.17266666666667,13.97,6.082,71.22466666666666,,23.081222222222223
2018-08-24 15:30:00,0.9872,55.20933333333333,13.686000000000002,6.037333333333334,74.93266666666666,,23.232666666666667
2018-08-24 15:45:00,0.9379333333333333,64.21,14.114666666666666,5.854,84.17866666666667,,23.139333333333333
2018-08-24 16:00:00,0.9506,56.418,13.391333333333334,5.572,75.38133333333333,,22.912277777777778
2018-08-24 16:15:00,0.925,49.01133333333333,12.958,5.478,67.44733333333333,,23.198222222222224
2018-08-24 16:30:00,0.9006000000000001,2.255333333333333,12.742666666666668,5.204,20.202,,23.99416666666667
2018-08-24 16:45:00,0.8961333333333333,0.0,12.788666666666666,5.072,17.860666666666663,,25.464833333333335
2018-08-24 17:00:00,0.7851333333333332,0.0,11.484,4.164,15.648,,26.35311111111111
2018-08-24 17:15:00,0.7283333333333333,0.0,10.714666666666666,3.8,14.514666666666667,,26.743222222222222
2018-08-24 17:30:00,0.6402,0.0,9.766666666666667,3.2446666666666664,13.011333333333333,,26.85522222222222
2018-08-24 17:45:00,0.6083999999999999,0.0,9.248,2.8766666666666665,12.124666666666664,,26.992444444444445
2018-08-24 18:00:00,0.5648666666666666,0.0,8.854666666666667,2.4086666666666665,11.263333333333332,,27.132
2018-08-24 18:15:00,0.5528,0.0,8.652666666666667,2.3673333333333333,11.02,,27.107333333333333
2018-08-24 18:30:00,0.5436666666666666,0.0,8.519333333333332,2.316666666666667,10.836,,27.15088888888889
2018-08-24 18:45:00,0.5280666666666667,0.0,8.45,2.0753333333333335,10.525333333333332,,27.156333333333336
2018-08-24 19:00:00,0.51,0.0,8.158,2.0086666666666666,10.166666666666666,,27.28377777777778
2018-08-24 19:15:00,0.4892666666666666,0.0,7.938666666666667,1.8106666666666666,9.749333333333334,,27.284166666666668
2018-08-24 19:30:00,0.4503333333333333,0.0,7.226,1.75,8.975999999999999,,27.224222222222224
2018-08-24 19:45:00,0.3696,0.0,5.742666666666667,1.6239999999999999,7.366666666666666,,27.198666666666668
2018-08-24 20:00:00,0.3599333333333333,0.0,5.524666666666667,1.6486666666666667,7.173333333333334,,27.159333333333333
2018-08-24 20:15:00,0.31326666666666664,0.0,4.624,1.6126666666666667,6.236666666666666,,27.116333333333333
2018-08-24 20:30:00,0.30079999999999996,0.0,4.550666666666666,1.4413333333333334,5.992,,27.043277777777778
2018-08-24 20:45:00,0.3107333333333333,0.0,4.727333333333333,1.4633333333333334,6.190666666666667,,26.882555555555555
2018-08-24 21:00:00,0.31506666666666666,0.0,4.739999999999999,1.5366666666666664,6.276666666666666,,27.20122222222222
2018-08-24 21:15:00,0.2854,0.0,4.445333333333334,1.2406666666666666,5.686000000000001,,27.240111111111112
2018-08-24 21:30:00,0.2492,0.0,3.8486666666666665,1.1186666666666667,4.967333333333333,,27.19066666666667
2018-08-24 21:45:00,0.15353333333333333,0.0,2.042666666666667,1.0193333333333334,3.062,,27.2335
2018-08-24 22:00:00,0.09113333333333333,0.0,0.7786666666666666,1.0386666666666666,1.8173333333333335,,27.242277777777776
2018-08-24 22:15:00,0.04953333333333333,0.0,0.021333333333333333,0.9646666666666667,0.9860000000000001,,27.24288888888889
2018-08-24 22:30:00,0.05653333333333333,0.0,0.02266666666666667,1.1039999999999999,1.1266666666666667,,27.20911111111111
2018-08-24 22:45:00,0.05753333333333333,0.0,0.02266666666666667,1.1260000000000001,1.1486666666666667,,26.94188888888889
2018-08-24 23:00:00,0.06433333333333333,0.0,0.18133333333333335,1.1013333333333333,1.2826666666666666,,27.025333333333332
2018-08-24 23:15:00,0.054266666666666664,0.0,0.022000000000000002,1.056,1.078,,26.951666666666664
2018-08-24 23:30:00,0.06406666666666666,0.0,0.314,0.9633333333333333,1.2773333333333334,,26.925166666666666
2018-08-24 23:45:00,0.05726666666666667,0.0,0.11333333333333334,1.026,1.1393333333333333,,26.908166666666666
2018-08-25 00:00:00,0.058333333333333334,0.0,0.14133333333333334,1.02,1.1613333333333336,,26.83911111111111
2018-08-25 00:15:00,0.06433333333333333,0.0,0.29800000000000004,0.984,1.282,,26.869333333333334
2018-08-25 00:30:00,0.05046666666666667,0.0,0.029333333333333333,0.974,1.0033333333333334,,26.89677777777778
2018-08-25 00:45:00,0.050866666666666664,0.0,0.02266666666666667,0.99,1.0126666666666666,,26.890611111111113
2018-08-25 01:00:00,0.0542,0.0,0.02333333333333333,1.0586666666666666,1.082,,26.831055555555555
2018-08-25 01:15:00,0.054799999999999995,0.0,0.02266666666666667,1.0686666666666667,1.0913333333333335,,26.88766666666667
2018-08-25 01:30:00,0.0608,0.0,0.18333333333333332,1.028,1.2113333333333334,,26.886833333333335
2018-08-25 01:45:00,0.054799999999999995,0.0,0.024,1.0673333333333335,1.0913333333333335,,26.888166666666667
2018-08-25 02:00:00,0.057466666666666666,0.0,0.022000000000000002,1.1226666666666667,1.1446666666666667,,26.88161111111111
2018-08-25 02:15:00,0.05733333333333333,0.0,0.024,1.1179999999999999,1.142,,26.884666666666664
2018-08-25 02:30:00,0.04786666666666666,0.0,0.02266666666666667,0.9293333333333333,0.9520000000000001,,26.882833333333334
2018-08-25 02:45:00,0.05633333333333333,0.0,0.18133333333333332,0.9393333333333334,1.120666666666667,,26.887
2018-08-25 03:00:00,0.053266666666666664,0.0,0.02266666666666667,1.0346666666666666,1.0573333333333332,,26.88811111111111
2018-08-25 03:15:00,0.05493333333333333,0.0,0.023333333333333334,1.0706666666666667,1.094,,26.925055555555556
2018-08-25 03:30:00,0.04986666666666666,0.0,0.02266666666666667,0.9713333333333334,0.994,,26.928166666666666
2018-08-25 03:45:00,0.0504,0.0,0.06866666666666667,0.9353333333333335,1.004,,26.73772222222222
2018-08-25 04:00:00,0.061200000000000004,0.0,0.22666666666666666,0.9919999999999999,1.2186666666666668,,26.90111111111111
2018-08-25 04:15:00,0.060733333333333334,0.0,0.14,1.0693333333333332,1.2093333333333334,,26.904
2018-08-25 04:30:00,0.06146666666666667,0.0,0.10000000000000002,1.1226666666666667,1.2226666666666668,,26.91444444444444
2018-08-25 04:45:00,0.05333333333333333,0.0,0.024,1.0393333333333334,1.0633333333333335,,26.981777777777776
2018-08-25 05:00:00,0.06326666666666667,0.0,0.128,1.1333333333333333,1.2613333333333334,,26.842
2018-08-25 05:15:00,0.060333333333333336,0.0,0.07133333333333333,1.1313333333333335,1.2026666666666668,,26.94872222222222
2018-08-25 05:30:00,0.05413333333333334,0.0,0.024,1.052,1.076,,26.9465
2018-08-25 05:45:00,0.048666666666666664,0.0,0.02266666666666667,0.9466666666666668,0.9693333333333334,,26.915999999999997
2018-08-25 06:00:00,0.04953333333333333,0.0,0.022000000000000002,0.9653333333333334,0.9873333333333334,,26.928333333333335
2018-08-25 06:15:00,0.0614,0.0,0.178,1.0453333333333332,1.2233333333333334,,26.91033333333333
2018-08-25 06:30:00,0.05453333333333333,0.0,0.022000000000000002,1.064,1.0859999999999999,,26.9135
2018-08-25 06:45:00,0.04853333333333333,0.0,0.02266666666666667,0.9406666666666667,0.9633333333333334,,26.917277777777777
2018-08-25 07:00:00,0.04886666666666666,0.0,0.021333333333333333,0.9526666666666668,0.9740000000000001,,26.916
2018-08-25 07:15:00,0.05706666666666667,0.0,0.021333333333333333,1.1146666666666667,1.136,,26.9285
2018-08-25 07:30:00,0.06626666666666667,0.0,0.17933333333333332,1.142,1.3213333333333332,,26.910000000000004
2018-08-25 07:45:00,0.05573333333333333,0.0,0.02266666666666667,1.0866666666666667,1.1093333333333333,,26.959666666666667
2018-08-25 08:00:00,0.052933333333333325,0.0,0.022000000000000002,1.0326666666666666,1.0546666666666666,,27.00616666666667
2018-08-25 08:15:00,0.06666666666666667,0.0,0.24133333333333334,1.088,1.3293333333333333,,27.139666666666663
2018-08-25 08:30:00,0.21,0.0,2.9093333333333335,1.278,4.187333333333333,,27.113833333333336
2018-08-25 08:45:00,0.49460000000000004,0.0,7.458666666666668,2.398,9.856666666666666,,27.18883333333333
2018-08-25 09:00:00,0.49546666666666667,0.0,7.972666666666667,1.8993333333333335,9.872000000000002,,27.336277777777777
2018-08-25 09:15:00,0.4562,0.0,7.806,1.284,9.09,,27.5245
2018-08-25 09:30:00,0.5146666666666667,0.0,8.908,1.3493333333333335,10.257333333333333,,27.5895
2018-08-25 09:45:00,0.5067333333333334,0.0,8.825333333333333,1.274,10.099333333333334,,27.67366666666667
2018-08-25 10:00:00,0.5058666666666667,0.0,9.046666666666665,1.318,10.364666666666666,,27.7515
2018-08-25 10:15:00,0.5108666666666667,0.0,8.722000000000001,1.4593333333333334,10.181333333333333,,27.815833333333334
2018-08-25 10:30:00,0.5534666666666667,0.0,9.200666666666667,1.8326666666666669,11.033333333333333,,27.882166666666667
2018-08-25 10:45:00,0.5589333333333334,0.0,9.184666666666665,1.956,11.140666666666666,,27.928555555555555
2018-08-25 11:00:00,0.5736666666666665,0.0,9.584666666666665,1.8473333333333335,11.431999999999999,,28.014611111111112
2018-08-25 11:15:00,0.5998666666666667,0.0,10.371333333333332,1.5819999999999999,11.953333333333335,,28.205
2018-08-25 11:30:00,0.6201333333333333,0.0,10.778666666666668,1.5806666666666667,12.359333333333332,,28.507055555555556
2018-08-25 11:45:00,0.6252666666666666,0.0,11.107999999999999,1.6206666666666665,12.728666666666665,,28.324833333333334
2018-08-25 12:00:00,0.6125333333333334,0.0,10.488,1.7166666666666666,12.204666666666666,,28.285500000000003
2018-08-25 12:15:00,0.6006666666666667,0.0,10.432666666666668,1.5366666666666666,11.969333333333333,,28.397666666666666
2018-08-25 12:30:00,0.5953333333333333,0.0,10.21,1.6506666666666667,11.860666666666667,,28.343999999999998
2018-08-25 12:45:00,0.505,0.0,8.495333333333333,1.568,10.063333333333334,,28.781055555555557
2018-08-25 13:00:00,0.33986666666666665,0.0,4.951333333333333,1.8206666666666669,6.772,,28.611333333333334
2018-08-25 13:15:00,0.30146666666666666,0.0,4.5053333333333345,1.4993333333333334,6.004666666666667,,28.53372222222222
2018-08-25 13:30:00,0.2879333333333333,0.0,4.26,1.4773333333333334,5.737333333333334,,28.385944444444444
2018-08-25 13:45:00,0.2726,0.0,4.022,1.4113333333333336,5.433333333333334,,28.470222222222223
2018-08-25 14:00:00,0.2558,0.0,3.6846666666666668,1.4166666666666667,5.101333333333333,,28.44527777777778
2018-08-25 14:15:00,0.23966666666666664,0.0,3.3593333333333333,1.4193333333333333,4.778666666666667,,28.288
2018-08-25 14:30:00,0.23386666666666667,0.0,3.3113333333333332,1.3493333333333335,4.660666666666667,,28.16088888888889
2018-08-25 14:45:00,0.23606666666666667,0.0,3.338,1.3666666666666667,4.704666666666667,,28.306277777777776
2018-08-25 15:00:00,0.24093333333333333,0.0,3.509333333333333,1.2946666666666669,4.804,,28.291944444444443
2018-08-25 15:15:00,0.23473333333333332,0.0,3.3433333333333337,1.3373333333333335,4.680666666666667,,28.26383333333333
2018-08-25 15:30:00,0.23206666666666667,0.0,3.322,1.3046666666666666,4.626666666666667,,28.242666666666665
2018-08-25 15:45:00,0.24339999999999998,0.0,3.512,1.3419999999999999,4.854,,28.010166666666667
2018-08-25 16:00:00,0.25206666666666666,0.0,3.81,1.2173333333333334,5.027333333333333,,28.31933333333333
2018-08-25 16:15:00,0.25880000000000003,0.0,3.7273333333333336,1.4353333333333333,5.1626666666666665,,28.27
2018-08-25 16:30:00,0.25433333333333336,0.0,3.6373333333333333,1.4340000000000002,5.071333333333333,,28.12316666666667
2018-08-25 16:45:00,0.26153333333333334,0.0,3.714,1.5,5.2139999999999995,,28.098000000000003
2018-08-25 17:00:00,0.2602,0.0,3.8266666666666667,1.3593333333333333,5.186000000000001,,28.057833333333335
2018-08-25 17:15:00,0.2554,0.0,3.7173333333333334,1.3733333333333335,5.0906666666666665,,27.980333333333338
2018-08-25 17:30:00,0.2514,0.0,3.6053333333333333,1.4066666666666667,5.0120000000000005,,27.957
2018-08-25 17:45:00,0.2584,0.0,3.6333333333333333,1.5173333333333334,5.150666666666667,,27.948666666666668
2018-08-25 18:00:00,0.24546666666666667,0.0,3.6813333333333333,1.214,4.895333333333332,,28.20716666666667
2018-08-25 18:15:00,0.2446,0.0,3.646,1.2333333333333334,4.879333333333333,,27.936
2018-08-25 18:30:00,0.2765333333333333,0.0006666666666666666,3.9793333333333334,1.534,5.514,,27.921833333333332
2018-08-25 18:45:00,0.25993333333333335,0.0,3.8106666666666666,1.3733333333333335,5.184,,27.917333333333332
2018-08-25 19:00:00,0.2517333333333333,0.0,3.783333333333333,1.2360000000000002,5.019333333333334,,27.91483333333333
2018-08-25 19:15:00,0.16393333333333335,0.0,2.2520000000000002,1.0166666666666666,3.268666666666667,,28.05338888888889
2018-08-25 19:30:00,0.0594,0.0,0.07266666666666667,1.11,1.1826666666666668,,27.87816666666667
2018-08-25 19:45:00,0.06313333333333333,0.0,0.13133333333333333,1.1260000000000001,1.2573333333333332,,27.8375
2018-08-25 20:00:00,0.056133333333333334,0.0,0.022000000000000002,1.0933333333333333,1.1153333333333333,,27.80483333333333
2018-08-25 20:15:00,0.051533333333333334,0.0,0.02333333333333333,1.004,1.0273333333333334,,27.78033333333333
2018-08-25 20:30:00,0.050133333333333335,0.0,0.022000000000000002,0.9773333333333334,0.9993333333333333,,27.763666666666666
2018-08-25 20:45:00,0.06046666666666667,0.0,0.17133333333333337,1.0326666666666666,1.2040000000000002,,27.7275
2018-08-25 21:00:00,0.05466666666666667,0.0,0.05733333333333333,1.0293333333333332,1.0866666666666667,,27.748833333333334
2018-08-25 21:15:00,0.0536,0.0,0.13533333333333336,0.9306666666666668,1.066,,27.69
2018-08-25 21:30:00,0.0532,0.0,0.14133333333333334,0.9193333333333334,1.0606666666666666,,27.64977777777778
2018-08-25 21:45:00,0.05433333333333333,0.0,0.06066666666666667,1.022,1.0826666666666669,,27.6625
2018-08-25 22:00:00,0.06046666666666667,0.0,0.1753333333333333,1.03,1.2053333333333331,,27.656499999999998
2018-08-25 22:15:00,0.053000000000000005,0.0,0.026000000000000002,1.0286666666666666,1.0546666666666666,,27.66361111111111
2018-08-25 22:30:00,0.05279999999999999,0.0,0.02333333333333333,1.0266666666666666,1.05,,27.82727777777778
2018-08-25 22:45:00,0.05566666666666666,0.0,0.022000000000000002,1.0859999999999999,1.108,,27.7885
2018-08-25 23:00:00,0.0594,0.0,0.042,1.142,1.1840000000000002,,27.744500000000002
2018-08-25 23:15:00,0.0614,0.0,0.158,1.0653333333333335,1.2233333333333334,,27.679166666666667
2018-08-25 23:30:00,0.05053333333333333,0.0,0.021333333333333333,0.9846666666666667,1.006,,27.636166666666668
2018-08-25 23:45:00,0.05073333333333333,0.0,0.02333333333333333,0.9846666666666667,1.008,,27.609055555555553
2018-08-26 00:00:00,0.05246666666666666,0.0,0.021333333333333333,1.022,1.0433333333333334,,27.5935
2018-08-26 00:15:00,0.0592,0.0,0.15666666666666668,1.0213333333333334,1.1780000000000002,,27.590833333333332
2018-08-26 00:30:00,0.04873333333333333,0.0,0.04533333333333334,0.9253333333333333,0.9706666666666667,,27.624333333333333
2018-08-26 00:45:00,0.048799999999999996,0.0,0.021333333333333333,0.9513333333333333,0.9726666666666667,,27.67777777777778
2018-08-26 01:00:00,0.05179999999999999,0.0,0.022000000000000002,1.0073333333333332,1.0293333333333332,,27.575333333333333
2018-08-26 01:15:00,0.057466666666666666,0.0,0.06733333333333333,1.0766666666666667,1.144,,27.572166666666664
2018-08-26 01:30:00,0.07333333333333333,0.0,0.26799999999999996,1.194,1.462,,27.605833333333333
2018-08-26 01:45:00,0.06406666666666667,0.0,0.16800000000000004,1.1099999999999999,1.2779999999999998,,27.644944444444445
2018-08-26 02:00:00,0.0588,0.0,0.03866666666666667,1.1313333333333333,1.1699999999999997,,27.515555555555558
2018-08-26 02:15:00,0.0572,0.0,0.02266666666666667,1.1173333333333333,1.14,,27.562833333333337
2018-08-26 02:30:00,0.0544,0.0,0.022000000000000002,1.0613333333333332,1.0833333333333333,,27.570833333333333
2018-08-26 02:45:00,0.06413333333333333,0.0,0.182,1.0973333333333335,1.2793333333333334,,27.596000000000004
2018-08-26 03:00:00,0.05286666666666666,0.0,0.02333333333333333,1.0293333333333332,1.0526666666666666,,27.5955
2018-08-26 03:15:00,0.05106666666666667,0.0,0.02333333333333333,0.9926666666666667,1.016,,27.561833333333333
2018-08-26 03:30:00,0.04666666666666666,0.0,0.02333333333333333,0.9066666666666666,0.93,,27.553
2018-08-26 03:45:00,0.052533333333333335,0.0,0.02266666666666667,1.0246666666666666,1.0473333333333332,,27.62288888888889
2018-08-26 04:00:00,0.06046666666666667,0.0,0.182,1.0246666666666666,1.2066666666666668,,27.728833333333334
2018-08-26 04:15:00,0.05346666666666666,0.0,0.02266666666666667,1.0426666666666666,1.0653333333333335,,27.8
2018-08-26 04:30:00,0.052199999999999996,0.0,0.021333333333333333,1.0166666666666666,1.038,,27.798444444444446
2018-08-26 04:45:00,0.054266666666666664,0.0,0.02266666666666667,1.0573333333333332,1.0799999999999998,,27.799777777777777
2018-08-26 05:00:00,0.056133333333333334,0.0,0.02333333333333333,1.0953333333333333,1.1186666666666667,,27.79088888888889
2018-08-26 05:15:00,0.0672,0.0,0.18333333333333332,1.156,1.3393333333333333,,27.791333333333334
2018-08-26 05:30:00,0.05246666666666667,0.0,0.051333333333333335,0.9926666666666667,1.044,,27.796222222222223
2018-08-26 05:45:00,0.05253333333333333,0.0,0.132,0.9126666666666667,1.0446666666666666,,27.793333333333333
2018-08-26 06:00:00,0.0588,0.0,0.14200000000000002,1.0286666666666666,1.1706666666666665,,27.671777777777777
2018-08-26 06:15:00,0.05466666666666666,0.0,0.062000000000000006,1.0273333333333334,1.0893333333333333,,27.820777777777778
2018-08-26 06:30:00,0.057666666666666665,0.0,0.17733333333333334,0.9686666666666667,1.1460000000000001,,27.79222222222222
2018-08-26 06:45:00,0.047266666666666665,0.0,0.02333333333333333,0.916,0.9393333333333334,,27.77488888888889
2018-08-26 07:00:00,0.05226666666666667,0.0,0.04733333333333333,0.9946666666666667,1.042,,27.832
2018-08-26 07:15:00,0.051866666666666665,0.0,0.02333333333333333,1.0093333333333334,1.0326666666666666,,27.799111111111113
2018-08-26 07:30:00,0.06413333333333333,0.0,0.178,1.0973333333333335,1.2753333333333332,,27.698777777777778
2018-08-26 07:45:00,0.052599999999999994,0.0,0.02333333333333333,1.0253333333333334,1.0486666666666666,,27.785444444444444
2018-08-26 08:00:00,0.054599999999999996,0.0,0.024,1.0639999999999998,1.088,,27.742444444444445
2018-08-26 08:15:00,0.05773333333333333,0.0,0.02333333333333333,1.1233333333333333,1.1466666666666667,,27.832222222222224
2018-08-26 08:30:00,0.06126666666666667,0.0,0.16666666666666666,1.0526666666666666,1.2193333333333334,,27.875
2018-08-26 08:45:00,0.0536,0.0,0.12133333333333333,0.9473333333333334,1.0686666666666667,,28.007333333333335
2018-08-26 09:00:00,0.05566666666666666,0.0,0.13866666666666666,0.9706666666666667,1.1093333333333333,,27.783666666666665
2018-08-26 09:15:00,0.056266666666666666,0.0,0.11733333333333335,1.0006666666666666,1.1179999999999999,,27.728166666666667
2018-08-26 09:30:00,0.0624,0.0,0.22266666666666668,1.0166666666666666,1.2393333333333334,,27.770111111111113
2018-08-26 09:45:00,0.1168,0.0,1.3146666666666667,1.0146666666666666,2.329333333333333,,27.866666666666667
2018-08-26 10:00:00,0.1152,0.0,1.2973333333333334,1.0013333333333334,2.298666666666667,,27.838944444444447
2018-08-26 10:15:00,0.17099999999999999,0.0,2.294,1.1133333333333333,3.4073333333333333,,27.975666666666665
2018-08-26 10:30:00,0.2164,0.0,2.796,1.5159999999999998,4.311999999999999,,27.99672222222222
2018-08-26 10:45:00,0.22973333333333334,0.0,3.0146666666666664,1.5626666666666666,4.577333333333333,,28.075499999999998
2018-08-26 11:00:00,0.2222,0.0,2.9299999999999997,1.4986666666666666,4.4286666666666665,,28.237444444444446
2018-08-26 11:15:00,0.2078,0.0,3.018,1.120666666666667,4.1386666666666665,,28.31577777777778
2018-08-26 11:30:00,0.20653333333333332,0.0,3.04,1.0766666666666669,4.116666666666666,,28.386944444444445
2018-08-26 11:45:00,0.21246666666666666,0.0,3.128,1.1053333333333333,4.233333333333333,,28.468611111111112
2018-08-26 12:00:00,0.2124,0.0,3.127333333333333,1.1033333333333333,4.230666666666667,,28.381944444444446
2018-08-26 12:15:00,0.2042,0.0,2.9866666666666664,1.082,4.068666666666666,,28.339166666666667
2018-08-26 12:30:00,0.19653333333333334,0.0,2.92,0.9946666666666668,3.9146666666666667,,28.212611111111112
2018-08-26 12:45:00,0.19813333333333333,0.0,2.9186666666666667,1.0286666666666668,3.9473333333333334,,28.311166666666665
2018-08-26 13:00:00,0.21166666666666664,0.0,3.085333333333333,1.1320000000000001,4.217333333333333,,28.294666666666668
2018-08-26 13:15:00,0.19933333333333333,0.0,2.8433333333333333,1.1293333333333335,3.972666666666667,,28.296499999999998
2018-08-26 13:30:00,0.2,0.0,2.873333333333333,1.1133333333333333,3.9866666666666664,,28.33544444444444
2018-08-26 13:45:00,0.2162,0.0,3.2199999999999998,1.0893333333333333,4.309333333333333,,28.3785
2018-08-26 14:00:00,0.23033333333333333,0.0,3.428,1.1633333333333333,4.591333333333334,,28.493277777777777
2018-08-26 14:15:00,0.23353333333333334,0.0,3.4673333333333334,1.1886666666666668,4.656000000000001,,28.537333333333333
2018-08-26 14:30:00,0.2412,0.0,3.587333333333333,1.2233333333333334,4.810666666666666,,28.624666666666666
2018-08-26 14:45:00,0.22160000000000002,0.0,3.3513333333333337,1.0653333333333335,4.416666666666667,,28.80961111111111
2018-08-26 15:00:00,0.23879999999999998,0.0,3.7,1.0586666666666666,4.7586666666666675,,28.552833333333336
2018-08-26 15:15:00,0.22933333333333333,0.0,3.448,1.1213333333333333,4.569333333333333,,28.567166666666665
2018-08-26 15:30:00,0.19346666666666668,0.0,2.712,1.1426666666666667,3.8546666666666667,,28.547500000000003
2018-08-26 15:45:00,0.11233333333333334,0.0,1.1640000000000001,1.07,2.234,,28.464333333333332
2018-08-26 16:00:00,0.05266666666666667,0.0,0.034,1.0133333333333332,1.0473333333333334,,28.62327777777778
2018-08-26 16:15:00,0.0596,0.0,0.16333333333333336,1.0246666666666666,1.188,,28.462611111111112
2018-08-26 16:30:00,0.05513333333333333,0.0,0.06933333333333333,1.028,1.0973333333333335,,28.435
2018-08-26 16:45:00,0.06393333333333334,0.0,0.14,1.1346666666666667,1.2746666666666668,,28.378666666666668
2018-08-26 17:00:00,0.06380000000000001,0.0,0.14333333333333337,1.1273333333333333,1.2706666666666668,,28.40438888888889
2018-08-26 17:15:00,0.06706666666666666,0.0,0.22133333333333335,1.1146666666666667,1.3359999999999999,,28.373611111111114
2018-08-26 17:30:00,0.05893333333333333,0.0,0.022666666666666665,1.1513333333333333,1.174,,28.604777777777777
2018-08-26 17:45:00,0.05146666666666667,0.0,0.022000000000000002,1.0006666666666668,1.0226666666666666,,28.293
2018-08-26 18:00:00,0.0512,0.0,0.02266666666666667,0.9966666666666667,1.0193333333333334,,28.3535
2018-08-26 18:15:00,0.05506666666666667,0.0,0.058666666666666666,1.038,1.0966666666666667,,28.271166666666666
2018-08-26 18:30:00,0.058866666666666664,0.0,0.14066666666666666,1.0326666666666666,1.1733333333333333,,28.162333333333333
2018-08-26 18:45:00,0.05093333333333334,0.0,0.020666666666666667,0.9933333333333334,1.014,,28.203833333333332
2018-08-26 19:00:00,0.0474,0.0,0.02333333333333333,0.92,0.9433333333333334,,28.220166666666668
2018-08-26 19:15:00,0.05146666666666667,0.0,0.021333333333333333,1.0026666666666666,1.024,,28.241777777777777
2018-08-26 19:30:00,0.06186666666666667,0.0,0.198,1.034,1.232,,28.084722222222222
2018-08-26 19:45:00,0.0628,0.0,0.13533333333333336,1.1146666666666667,1.25,,28.166
2018-08-26 20:00:00,0.06006666666666667,0.0,0.14200000000000002,1.0553333333333332,1.1973333333333334,,28.165166666666664
2018-08-26 20:15:00,0.054599999999999996,0.0,0.068,1.0186666666666668,1.0866666666666667,,28.15716666666667
2018-08-26 20:30:00,0.0614,0.0,0.11733333333333333,1.1046666666666667,1.222,,28.14816666666667
2018-08-26 20:45:00,0.059866666666666665,0.0,0.08533333333333333,1.1073333333333333,1.1926666666666668,,28.139333333333333
2018-08-26 21:00:00,0.05366666666666666,0.0,0.024,1.046,1.07,,28.068277777777777
2018-08-26 21:15:00,0.04673333333333333,0.0,0.022000000000000002,0.9093333333333333,0.9313333333333333,,27.98011111111111
2018-08-26 21:30:00,0.04933333333333333,0.0,0.022000000000000002,0.9613333333333334,0.9833333333333333,,28.10011111111111
2018-08-26 21:45:00,0.060533333333333335,0.0,0.18266666666666667,1.024,1.2066666666666668,,28.103833333333334
2018-08-26 22:00:00,0.05266666666666666,0.0,0.02,1.0293333333333332,1.0493333333333335,,28.100166666666667
2018-08-26 22:15:00,0.050333333333333334,0.0,0.024666666666666667,0.9786666666666667,1.0033333333333334,,28.13188888888889
2018-08-26 22:30:00,0.046599999999999996,0.0,0.022000000000000002,0.9066666666666666,0.9286666666666666,,28.085777777777775
2018-08-26 22:45:00,0.056666666666666664,0.0,0.09933333333333333,1.028,1.1273333333333333,,28.092166666666667
2018-08-26 23:00:00,0.06273333333333334,0.0,0.11000000000000001,1.1400000000000001,1.25,,28.09
2018-08-26 23:15:00,0.057133333333333335,0.0,0.02266666666666667,1.1146666666666667,1.1373333333333333,,28.121777777777776
2018-08-26 23:30:00,0.05126666666666667,0.0,0.021333333333333333,0.9966666666666666,1.018,,28.083666666666666
2018-08-26 23:45:00,0.053000000000000005,0.0,0.02266666666666667,1.0326666666666666,1.0553333333333332,,28.077666666666666
2018-08-27 00:00:00,0.0668,0.0,0.27133333333333337,1.0606666666666666,1.332,,28.10038888888889
2018-08-27 00:15:00,0.06166666666666667,0.0,0.15600000000000003,1.0726666666666667,1.2286666666666666,,28.045333333333335
2018-08-27 00:30:00,0.05313333333333334,0.0,0.10200000000000001,0.9553333333333334,1.0573333333333332,,28.072499999999998
2018-08-27 00:45:00,0.04633333333333333,0.0,0.022000000000000002,0.9013333333333333,0.9233333333333335,,28.063166666666667
2018-08-27 01:00:00,0.05573333333333333,0.0,0.09666666666666666,1.0153333333333334,1.1119999999999999,,28.05366666666667
2018-08-27 01:15:00,0.056799999999999996,0.0,0.10400000000000001,1.0266666666666666,1.1306666666666667,,28.176777777777776
2018-08-27 01:30:00,0.0518,0.0,0.024,1.0046666666666666,1.0286666666666666,,28.099888888888888
2018-08-27 01:45:00,0.047066666666666666,0.0,0.022000000000000002,0.9146666666666667,0.9366666666666668,,28.036833333333334
2018-08-27 02:00:00,0.05413333333333333,0.0,0.022000000000000002,1.056,1.078,,28.016
2018-08-27 02:15:00,0.0656,0.0,0.178,1.1273333333333333,1.3053333333333335,,27.93977777777778
2018-08-27 02:30:00,0.05846666666666667,0.0,0.024666666666666667,1.1380000000000001,1.1626666666666665,,28.004166666666666
2018-08-27 02:45:00,0.054599999999999996,0.0,0.021333333333333333,1.0673333333333335,1.088666666666667,,27.999000000000002
2018-08-27 03:00:00,0.05053333333333333,0.0,0.02266666666666667,0.9826666666666667,1.0053333333333334,,28.044666666666664
2018-08-27 03:15:00,0.05973333333333333,0.0,0.15066666666666664,1.038,1.1886666666666668,,27.994999999999997
2018-08-27 03:30:00,0.05453333333333333,0.0,0.048,1.0366666666666666,1.0846666666666667,,28.06127777777778
2018-08-27 03:45:00,0.05146666666666667,0.0,0.022000000000000002,1.0026666666666666,1.0246666666666668,,27.971833333333333
2018-08-27 04:00:00,0.048,0.0,0.021333333333333333,0.932,0.9533333333333334,,28.012000000000004
2018-08-27 04:15:00,0.05146666666666667,0.0,0.06133333333333334,0.9646666666666667,1.026,,28.043555555555557
2018-08-27 04:30:00,0.06453333333333333,0.0,0.26266666666666666,1.0253333333333332,1.288,,28.147166666666667
2018-08-27 04:45:00,0.0596,0.0,0.16333333333333336,1.0226666666666666,1.186,,28.290000000000003
2018-08-27 05:00:00,0.053733333333333334,0.0,0.04866666666666667,1.0226666666666666,1.0713333333333332,,28.020666666666667
2018-08-27 05:15:00,0.053799999999999994,0.0,0.024666666666666667,1.0466666666666666,1.0713333333333332,,27.99566666666667
2018-08-27 05:30:00,0.0588,0.0,0.052000000000000005,1.1186666666666665,1.1706666666666665,,27.994500000000002
2018-08-27 05:45:00,0.08800000000000001,0.0,0.6073333333333333,1.147333333333333,1.7546666666666666,,27.985833333333336
2018-08-27 06:00:00,0.12866666666666665,0.0,1.3433333333333333,1.2213333333333334,2.5646666666666667,,27.957611111111113
2018-08-27 06:15:00,0.42739999999999995,0.0,6.0553333333333335,2.463333333333333,8.518666666666666,,28.007333333333335
2018-08-27 06:30:00,0.5758666666666666,0.0,8.973333333333333,2.502666666666667,11.475999999999999,,28.063166666666667
2018-08-27 06:45:00,0.6010666666666666,0.0,9.644,2.3353333333333333,11.979333333333333,,28.194833333333335
2018-08-27 07:00:00,0.5972666666666666,0.6066666666666667,9.846,2.0540000000000003,12.506666666666666,,28.375833333333333
2018-08-27 07:15:00,0.6297999999999999,0.842,9.927999999999999,2.6233333333333335,13.393333333333334,,28.42
2018-08-27 07:30:00,0.644,1.15,10.062666666666667,2.7726666666666664,13.985333333333333,,28.407833333333333
2018-08-27 07:45:00,0.6848666666666666,72.72933333333334,10.878666666666668,2.771333333333333,86.37933333333334,,27.70288888888889
2018-08-27 08:00:00,0.7357333333333334,89.10799999999999,11.556666666666667,3.106666666666667,103.77133333333333,,24.97788888888889
2018-08-27 08:15:00,0.8745333333333334,73.00466666666667,12.640666666666668,4.904,90.54933333333334,,23.545
2018-08-27 08:30:00,0.9431999999999999,58.388000000000005,13.26,5.538,77.18599999999999,,23.296277777777778
2018-08-27 08:45:00,0.95,61.266,13.696,5.239333333333334,80.20133333333334,,23.56222222222222
2018-08-27 09:00:00,0.9461999999999999,52.204,13.292666666666667,5.568666666666667,71.06533333333333,,23.56261111111111
2018-08-27 09:15:00,0.9346,58.449333333333335,12.919333333333332,5.706666666666666,77.07533333333332,,23.695888888888888
2018-08-27 09:30:00,0.9504,63.492666666666665,13.183333333333334,5.757333333333333,82.43333333333334,,23.536
2018-08-27 09:45:00,0.9481333333333333,58.779333333333334,13.604666666666667,5.292000000000001,77.676,,23.37677777777778
2018-08-27 10:00:00,0.9333333333333333,61.742,13.145999999999997,5.494,80.382,,23.31011111111111
2018-08-27 10:15:00,0.9378666666666666,52.094,13.314666666666666,5.376666666666667,70.78533333333333,,23.56488888888889
2018-08-27 10:30:00,0.9618,53.586666666666666,13.533333333333333,5.749333333333333,72.86933333333333,,23.627166666666668
2018-08-27 10:45:00,0.9748,64.66333333333334,13.516666666666667,5.966666666666667,84.14666666666668,,23.674
2018-08-27 11:00:00,0.9374666666666667,62.24333333333333,13.209333333333335,5.475333333333333,80.92800000000001,,23.259333333333334
2018-08-27 11:15:00,0.9543333333333333,58.84,13.434000000000001,5.714666666666667,77.98866666666667,,23.405500000000004
2018-08-27 11:30:00,0.9591333333333334,51.998000000000005,13.479333333333333,5.638000000000001,71.11533333333334,,23.438166666666667
2018-08-27 11:45:00,0.9412666666666667,3.6420000000000003,13.212666666666667,6.112666666666667,22.967333333333332,,24.212
2018-08-27 12:00:00,0.8933333333333333,0.0,12.877999999999998,5.791333333333333,18.669333333333334,,25.976555555555553
2018-08-27 12:15:00,0.7106666666666667,0.0,8.958666666666666,5.206666666666666,14.165333333333333,,26.852333333333334
2018-08-27 12:30:00,0.669,0.0,8.452,4.881333333333333,13.333333333333334,,27.347166666666666
2018-08-27 12:45:00,0.6719333333333334,0.054000000000000006,8.682,4.712666666666666,13.448666666666668,,27.619166666666665
2018-08-27 13:00:00,0.7403333333333334,78.68733333333333,9.976666666666667,5.077333333333333,93.74133333333333,,27.076166666666666
2018-08-27 13:15:00,0.8905333333333334,85.46866666666666,12.746666666666666,5.002,103.21733333333333,,24.339833333333335
2018-08-27 13:30:00,0.9596666666666667,61.302,13.461333333333332,5.664000000000001,80.42733333333334,,23.324833333333334
2018-08-27 13:45:00,0.9438666666666666,61.42066666666667,13.094,5.719333333333333,80.234,,23.523666666666667
2018-08-27 14:00:00,0.9773333333333334,57.624,13.195333333333334,6.396,77.21533333333333,,23.646333333333335
2018-08-27 14:15:00,0.9665333333333332,56.70133333333333,13.339333333333332,5.927333333333333,75.968,,23.73361111111111
2018-08-27 14:30:00,0.9791333333333333,64.124,13.491333333333333,6.037999999999999,83.65333333333334,,23.688388888888888
2018-08-27 14:45:00,0.9624666666666666,62.102,13.280666666666665,5.904,81.28666666666666,,23.34027777777778
2018-08-27 15:00:00,0.9674666666666667,56.292,13.390666666666666,5.8933333333333335,75.576,,23.287
2018-08-27 15:15:00,0.965,53.6,13.375333333333332,5.912000000000001,72.88733333333333,,23.412444444444443
2018-08-27 15:30:00,0.9863333333333333,57.166666666666664,13.800666666666666,6.2620000000000005,77.22933333333334,,23.174333333333333
2018-08-27 15:45:00,0.9942666666666666,59.14266666666666,13.434,6.690666666666667,79.26733333333333,,23.199444444444445
2018-08-27 16:00:00,0.9628666666666666,45.56466666666667,13.113333333333333,6.232666666666666,64.91066666666667,,23.050166666666666
2018-08-27 16:15:00,0.9390666666666667,38.66733333333333,13.086666666666666,5.702,57.455999999999996,,23.304
2018-08-27 16:30:00,0.9455333333333333,3.4606666666666666,13.497333333333334,5.360666666666666,22.318666666666665,,24.092388888888888
2018-08-27 16:45:00,0.9384666666666667,0.0,13.527333333333333,5.286666666666666,18.814,,25.499666666666666
2018-08-27 17:00:00,0.8738666666666667,0.0,12.742666666666667,4.674666666666667,17.417333333333332,,26.313666666666666
2018-08-27 17:15:00,0.7493333333333333,0.0,11.349333333333334,3.582,14.931333333333333,,26.740388888888887
2018-08-27 17:30:00,0.6699333333333333,0.0,10.151999999999997,3.204,13.355999999999998,,26.955499999999997
2018-08-27 17:45:00,0.6568,0.0,9.946666666666665,3.1439999999999997,13.090666666666666,,27.144944444444445
2018-08-27 18:00:00,0.6123999999999999,0.0,9.136,3.068,12.204,,27.219833333333334
2018-08-27 18:15:00,0.6180666666666668,0.0,9.164,3.1540000000000004,12.318000000000001,,27.495333333333335
2018-08-27 18:30:00,0.6210666666666668,0.0,9.18,3.195333333333333,12.375333333333334,,27.471666666666668
2018-08-27 18:45:00,0.6367999999999999,0.0,9.452,3.2393333333333336,12.691333333333334,,27.579833333333333
2018-08-27 19:00:00,0.5100666666666667,0.0,7.631333333333333,2.533333333333333,10.164666666666667,,27.540166666666664
2018-08-27 19:15:00,0.4487333333333333,0.0,6.793333333333333,2.1460000000000004,8.939333333333334,,27.64977777777778
2018-08-27 19:30:00,0.4593333333333333,0.0,6.940666666666667,2.208666666666667,9.149333333333333,,27.718333333333337
2018-08-27 19:45:00,0.4263333333333333,0.0,6.563999999999999,1.9353333333333331,8.499333333333333,,27.596
2018-08-27 20:00:00,0.41673333333333334,0.0,6.314666666666667,1.9926666666666668,8.307333333333334,,27.575555555555557
2018-08-27 20:15:00,0.3106666666666667,0.0,4.522,1.6660000000000001,6.188,,27.523333333333333
2018-08-27 20:30:00,0.18319999999999997,0.0,2.0046666666666666,1.6426666666666667,3.6473333333333335,,27.516000000000002
2018-08-27 20:45:00,0.17886666666666665,0.0,1.9293333333333333,1.636,3.5653333333333337,,27.424166666666668
2018-08-27 21:00:00,0.11513333333333332,0.0,1.1306666666666667,1.1653333333333333,2.296,,27.365666666666666
2018-08-27 21:15:00,0.1062,0.0,1.0633333333333335,1.0553333333333332,2.118666666666667,,27.32
2018-08-27 21:30:00,0.079,0.0,0.5026666666666667,1.0733333333333335,1.576,,27.48611111111111
2018-08-27 21:45:00,0.062000000000000006,0.0,0.12066666666666667,1.1146666666666667,1.2353333333333334,,27.445333333333334
2018-08-27 22:00:00,0.0656,0.0,0.198,1.108,1.306,,27.435555555555553
2018-08-27 22:15:00,0.0522,0.0,0.021333333333333333,1.0173333333333334,1.0386666666666666,,27.311833333333333
2018-08-27 22:30:00,0.0556,0.0,0.02266666666666667,1.0846666666666667,1.1073333333333333,,27.34005555555556
2018-08-27 22:45:00,0.05726666666666667,0.0,0.02266666666666667,1.1173333333333335,1.1400000000000001,,27.247500000000002
2018-08-27 23:00:00,0.06733333333333333,0.0,0.18000000000000002,1.1640000000000001,1.344,,27.18938888888889
2018-08-27 23:15:00,0.05753333333333333,0.0,0.024,1.1246666666666667,1.1486666666666667,,27.285666666666664
2018-08-27 23:30:00,0.0608,0.0,0.022000000000000002,1.1886666666666665,1.2106666666666668,,27.178166666666662
2018-08-27 23:45:00,0.06186666666666666,0.0,0.022000000000000002,1.21,1.232,,27.179333333333332
2018-08-28 00:00:00,0.0628,0.0,0.18133333333333335,1.0706666666666667,1.252,,27.195
2018-08-28 00:15:00,0.05653333333333333,0.0,0.098,1.0266666666666666,1.1246666666666667,,27.190166666666666
2018-08-28 00:30:00,0.06326666666666667,0.0,0.14,1.1186666666666667,1.2586666666666666,,27.198
2018-08-28 00:45:00,0.06346666666666666,0.0,0.13733333333333334,1.1266666666666665,1.264,,27.189222222222224
2018-08-28 01:00:00,0.051866666666666665,0.0,0.022000000000000002,1.012,1.034,,27.255444444444443
2018-08-28 01:15:00,0.06093333333333333,0.0,0.18400000000000002,1.0293333333333334,1.2133333333333334,,27.359111111111115
2018-08-28 01:30:00,0.058666666666666666,0.0,0.025333333333333333,1.1426666666666667,1.168,,27.233999999999998
2018-08-28 01:45:00,0.05726666666666667,0.0,0.02333333333333333,1.1173333333333335,1.1406666666666667,,27.20938888888889
2018-08-28 02:00:00,0.05673333333333333,0.0,0.02266666666666667,1.106,1.128666666666667,,27.244833333333336
2018-08-28 02:15:00,0.05906666666666667,0.0,0.021333333333333333,1.1553333333333335,1.1766666666666667,,27.283333333333335
2018-08-28 02:30:00,0.06986666666666667,0.0,0.18066666666666667,1.21,1.3906666666666667,,27.28511111111111
2018-08-28 02:45:00,0.0604,0.0,0.02266666666666667,1.1813333333333333,1.2040000000000002,,27.292166666666667
2018-08-28 03:00:00,0.054400000000000004,0.0,0.02266666666666667,1.0586666666666666,1.0813333333333335,,27.30888888888889
2018-08-28 03:15:00,0.05386666666666667,0.0,0.022000000000000002,1.0513333333333335,1.0733333333333335,,27.315
2018-08-28 03:30:00,0.0572,0.0,0.02333333333333333,1.1166666666666667,1.1400000000000001,,27.323166666666665
2018-08-28 03:45:00,0.0628,0.0,0.17933333333333332,1.072,1.2513333333333334,,27.314333333333334
2018-08-28 04:00:00,0.052533333333333335,0.0,0.02333333333333333,1.0226666666666666,1.046,,27.317
2018-08-28 04:15:00,0.05393333333333334,0.0,0.024666666666666667,1.0506666666666669,1.0753333333333335,,27.314388888888892
2018-08-28 04:30:00,0.057,0.0,0.020666666666666667,1.1119999999999999,1.1326666666666667,,27.341666666666672
2018-08-28 04:45:00,0.0576,0.0,0.09533333333333334,1.0526666666666666,1.148,,27.335555555555555
2018-08-28 05:00:00,0.0708,0.0,0.3233333333333333,1.088666666666667,1.4120000000000001,,27.328277777777775
2018-08-28 05:15:00,0.06566666666666668,0.0,0.14200000000000002,1.166,1.308,,27.372944444444443
2018-08-28 05:30:00,0.06266666666666666,0.0,0.05733333333333333,1.1913333333333331,1.2486666666666666,,27.35327777777778
2018-08-28 05:45:00,0.0754,0.0,0.37,1.1326666666666667,1.5026666666666666,,27.386166666666664
2018-08-28 06:00:00,0.2798666666666667,0.0,3.9113333333333333,1.668,5.5793333333333335,,27.367944444444444
2018-08-28 06:15:00,0.6278,0.0,9.298666666666666,3.214,12.512666666666666,,27.189833333333333
2018-08-28 06:30:00,0.571,0.0,9.532,1.8526666666666667,11.384666666666666,,27.4735
2018-08-28 06:45:00,0.5607333333333333,0.0,9.585333333333333,1.5946666666666667,11.18,,27.45122222222222
2018-08-28 07:00:00,0.5858666666666666,0.0,9.304,2.3746666666666667,11.678666666666667,,27.584833333333332
2018-08-28 07:15:00,0.6740666666666667,0.0,10.403333333333334,3.0286666666666666,13.432,,27.671833333333332
2018-08-28 07:30:00,0.6549333333333334,0.24933333333333332,10.876666666666667,2.518666666666667,13.644666666666666,,27.743555555555552
2018-08-28 07:45:00,0.7030666666666666,73.098,11.286,2.728,87.11200000000001,,27.090666666666667
2018-08-28 08:00:00,0.7769999999999999,68.85133333333333,11.969333333333335,3.516,84.33666666666666,,24.457444444444445
2018-08-28 08:15:00,0.8774,57.54666666666667,12.196666666666665,5.29,75.03333333333333,,23.66
2018-08-28 08:30:00,0.8986666666666667,59.434,12.717333333333332,5.19,77.34133333333332,,23.578444444444447
2018-08-28 08:45:00,0.8908666666666666,58.797999999999995,13.146666666666667,5.538666666666667,77.48333333333333,,23.689
2018-08-28 09:00:00,0.9338,52.46,12.753333333333334,5.8566666666666665,71.07,,23.375
2018-08-28 09:15:00,0.9117333333333334,53.928666666666665,12.783333333333333,5.388000000000001,72.1,,23.601444444444443
2018-08-28 09:30:00,0.9210666666666667,55.974666666666664,12.818666666666665,5.537333333333334,74.33066666666667,,23.491333333333333
2018-08-28 09:45:00,0.9398,60.61933333333333,13.036,5.724666666666667,79.38000000000001,,23.351055555555554
2018-08-28 10:00:00,0.9232666666666667,56.986,12.880666666666666,5.521333333333334,75.38799999999999,,23.174833333333332
2018-08-28 10:15:00,0.9254666666666667,56.74933333333333,12.817333333333332,5.626666666666667,75.19333333333334,,23.26388888888889
2018-08-28 10:30:00,0.9146666666666667,52.72533333333333,12.924,5.303333333333333,70.95266666666666,,23.15561111111111
2018-08-28 10:45:00,0.9310666666666667,46.089333333333336,13.115999999999998,5.4399999999999995,64.64533333333334,,23.692888888888888
2018-08-28 11:00:00,0.9189333333333334,53.248666666666665,12.915333333333333,5.399333333333333,71.56333333333333,,23.71988888888889
2018-08-28 11:15:00,0.9284,45.96266666666667,12.919333333333332,5.582666666666666,64.46466666666667,,23.7015
2018-08-28 11:30:00,0.9412666666666667,46.692,12.998666666666669,5.760666666666666,65.45133333333334,,23.925166666666666
2018-08-28 11:45:00,0.9338,3.200666666666667,13.588666666666667,5.921333333333333,22.71066666666667,,24.601722222222225
2018-08-28 12:00:00,0.8704,0.0,12.036000000000001,5.311333333333334,17.347333333333335,,26.081888888888887
2018-08-28 12:15:00,0.8420666666666666,0.0,11.584666666666667,5.199333333333334,16.784,,26.913166666666665
2018-08-28 12:30:00,0.8190000000000001,0.0,10.735999999999999,5.588666666666667,16.324666666666666,,27.540666666666667
2018-08-28 12:45:00,0.7919333333333333,0.0,11.343333333333334,5.46,16.803333333333335,,27.834777777777777
2018-08-28 13:00:00,0.8305333333333333,78.34466666666667,11.466000000000001,5.084666666666666,94.89533333333334,,27.171666666666667
2018-08-28 13:15:00,0.9121333333333334,78.66933333333333,13.006,5.172,96.84733333333334,,24.464222222222222
2018-08-28 13:30:00,0.9365333333333333,62.958,13.493333333333332,5.171333333333334,81.62266666666666,,23.537388888888888
2018-08-28 13:45:00,0.9275333333333333,64.35466666666666,13.24,5.244666666666666,82.83933333333333,,23.66311111111111
2018-08-28 14:00:00,0.9437333333333334,53.01,13.636,6.408,73.054,,23.485999999999997
2018-08-28 14:15:00,0.9633333333333333,53.95933333333333,13.139999999999999,6.225333333333333,73.32466666666666,,23.601333333333333
2018-08-28 14:30:00,0.9968666666666667,65.94133333333333,13.739999999999998,6.276666666666667,85.958,,23.583277777777777
2018-08-28 14:45:00,0.9905333333333334,62.318666666666665,13.424,6.466666666666667,82.20933333333332,,23.221166666666665
2018-08-28 15:00:00,0.994,58.970000000000006,13.593333333333334,6.344666666666667,78.90799999999999,,23.2065
2018-08-28 15:15:00,0.9772666666666666,53.50333333333333,13.915333333333333,6.762666666666666,74.18133333333334,,23.457611111111113
2018-08-28 15:30:00,1.0,55.65266666666666,14.565333333333333,6.009333333333333,76.22733333333333,,23.267611111111112
2018-08-28 15:45:00,0.9971333333333334,64.458,14.175999999999998,5.978666666666667,84.61266666666667,,23.32316666666667
2018-08-28 16:00:00,0.9722666666666666,53.434666666666665,13.596666666666666,5.891333333333334,72.92266666666666,,23.06527777777778
2018-08-28 16:15:00,0.9685333333333332,44.919333333333334,13.509333333333334,5.796,64.22466666666666,,23.520500000000002
2018-08-28 16:30:00,0.9752,3.136,13.825999999999999,5.633333333333334,22.595333333333333,,24.255333333333333
2018-08-28 16:45:00,0.9329999999999999,0.0,14.084666666666667,5.510666666666666,19.595333333333333,,25.714333333333336
2018-08-28 17:00:00,0.8744,0.0,12.615999999999998,4.8100000000000005,17.426,,26.436333333333334
2018-08-28 17:15:00,0.7852666666666667,0.0,11.570666666666666,4.081333333333333,15.652,,26.812277777777776
2018-08-28 17:30:00,0.6889333333333333,0.0,10.576,3.155333333333333,13.731333333333334,,26.959999999999997
2018-08-28 17:45:00,0.6809999999999999,0.0,10.656,2.9186666666666667,13.574666666666667,,27.070333333333334
2018-08-28 18:00:00,0.6526,0.0,10.092666666666666,2.914,13.006666666666666,,27.137333333333334
2018-08-28 18:15:00,0.6443333333333334,0.0,9.963333333333333,2.878,12.841333333333333,,27.17
2018-08-28 18:30:00,0.6288666666666667,0.0,9.74,2.791333333333333,12.531333333333333,,27.203833333333332
2018-08-28 18:45:00,0.5908,0.0,9.107333333333335,2.664,11.771333333333333,,27.25711111111111
2018-08-28 19:00:00,0.5794666666666667,0.0,9.027999999999999,2.52,11.548,,27.347666666666665
2018-08-28 19:15:00,0.5847333333333332,0.0,9.171333333333333,2.481333333333333,11.652666666666667,,27.395500000000002
2018-08-28 19:30:00,0.5913333333333333,0.0,9.261333333333333,2.520666666666666,11.782,,27.296444444444443
2018-08-28 19:45:00,0.5690000000000001,0.0,8.954666666666666,2.386666666666667,11.341333333333333,,27.294611111111113
2018-08-28 20:00:00,0.5576000000000001,0.0,8.809333333333333,2.306,11.115333333333332,,27.343
2018-08-28 20:15:00,0.45013333333333333,0.0,6.662,2.305333333333333,8.967333333333332,,27.317722222222223
2018-08-28 20:30:00,0.39333333333333337,0.0,5.941333333333334,1.9,7.841333333333334,,27.332277777777776
2018-08-28 20:45:00,0.27286666666666665,0.0,3.6746666666666665,1.762,5.4366666666666665,,27.33133333333333
2018-08-28 21:00:00,0.1706,0.0,1.7426666666666668,1.6553333333333335,3.398,,27.270166666666668
2018-08-28 21:15:00,0.12933333333333333,0.0,1.32,1.258,2.5780000000000003,,27.4525
2018-08-28 21:30:00,0.10946666666666666,0.0,1.084,1.0986666666666665,2.182666666666667,,27.244444444444447
2018-08-28 21:45:00,0.07126666666666666,0.0,0.2806666666666667,1.1406666666666667,1.4213333333333333,,27.08
2018-08-28 22:00:00,0.05293333333333334,0.0,0.024,1.028,1.052,,27.0475
2018-08-28 22:15:00,0.05593333333333333,0.0,0.08266666666666667,1.0313333333333334,1.114,,27.022166666666667
2018-08-28 22:30:00,0.06193333333333333,0.0,0.13866666666666666,1.0946666666666665,1.2333333333333334,,27.004666666666665
2018-08-28 22:45:00,0.06566666666666666,0.0,0.18866666666666668,1.1199999999999999,1.3086666666666666,,27.026999999999997
2018-08-28 23:00:00,0.06673333333333334,0.0,0.16066666666666668,1.168,1.3286666666666667,,27.101611111111108
2018-08-28 23:15:00,0.056666666666666664,0.0,0.021333333333333333,1.108666666666667,1.1300000000000001,,27.11361111111111
2018-08-28 23:30:00,0.061000000000000006,0.0,0.026000000000000002,1.1866666666666668,1.2126666666666668,,27.10022222222222
2018-08-28 23:45:00,0.06166666666666667,0.0,0.021333333333333333,1.2079999999999997,1.2293333333333332,,27.087444444444444
2018-08-29 00:00:00,0.06946666666666666,0.0,0.18000000000000002,1.2026666666666666,1.3826666666666665,,27.14977777777778
2018-08-29 00:15:00,0.05286666666666666,0.0,0.021333333333333333,1.0313333333333332,1.0526666666666666,,27.051333333333332
2018-08-29 00:30:00,0.052199999999999996,0.0,0.021333333333333333,1.0186666666666668,1.04,,27.023500000000002
2018-08-29 00:45:00,0.056666666666666664,0.0,0.021333333333333333,1.106,1.1273333333333333,,27.031944444444445
2018-08-29 01:00:00,0.05893333333333333,0.0,0.02333333333333333,1.15,1.1733333333333331,,26.98183333333333
2018-08-29 01:15:00,0.06453333333333333,0.0,0.186,1.1006666666666665,1.2866666666666666,,27.040166666666668
2018-08-29 01:30:00,0.053599999999999995,0.0,0.021333333333333333,1.0446666666666666,1.066,,26.926499999999997
2018-08-29 01:45:00,0.05453333333333333,0.0,0.02266666666666667,1.0613333333333332,1.084,,26.884999999999998
2018-08-29 02:00:00,0.05846666666666667,0.0,0.042666666666666665,1.121333333333333,1.164,,26.912
2018-08-29 02:15:00,0.06686666666666667,0.0,0.13133333333333336,1.2006666666666665,1.332,,26.928
2018-08-29 02:30:00,0.073,0.0,0.2966666666666667,1.1580000000000001,1.4546666666666668,,26.927055555555558
2018-08-29 02:45:00,0.05873333333333333,0.0,0.06333333333333334,1.106,1.1693333333333336,,26.92716666666667
2018-08-29 03:00:00,0.059133333333333336,0.0,0.021333333333333333,1.156,1.1773333333333333,,26.930666666666664
2018-08-29 03:15:00,0.05853333333333333,0.0,0.02333333333333333,1.1426666666666665,1.166,,26.936
2018-08-29 03:30:00,0.05726666666666667,0.0,0.032,1.1086666666666667,1.1406666666666667,,26.93288888888889
2018-08-29 03:45:00,0.0594,0.0,0.17,1.0133333333333332,1.1833333333333333,,26.935999999999996
2018-08-29 04:00:00,0.0532,0.0,0.024,1.0326666666666666,1.0566666666666666,,26.937166666666666
2018-08-29 04:15:00,0.057133333333333335,0.0,0.021333333333333333,1.1146666666666667,1.136,,26.938499999999998
2018-08-29 04:30:00,0.05726666666666667,0.0,0.02266666666666667,1.1179999999999999,1.1406666666666667,,26.88872222222222
2018-08-29 04:45:00,0.06306666666666666,0.0,0.178,1.0786666666666667,1.2566666666666668,,26.940166666666663
2018-08-29 05:00:00,0.05173333333333333,0.0,0.043333333333333335,0.9866666666666667,1.03,,26.93316666666667
2018-08-29 05:15:00,0.06026666666666667,0.0,0.022000000000000002,1.18,1.2020000000000002,,26.935722222222225
2018-08-29 05:30:00,0.0702,0.0,0.19,1.2093333333333334,1.3993333333333333,,26.95011111111111
2018-08-29 05:45:00,0.08373333333333334,0.0,0.48800000000000004,1.1813333333333333,1.6693333333333333,,26.96611111111111
2018-08-29 06:00:00,0.111,0.0,0.9913333333333334,1.2206666666666668,2.212,,26.95888888888889
2018-08-29 06:15:00,0.5790000000000001,0.0,8.642666666666665,2.8973333333333335,11.54,,27.014944444444442
2018-08-29 06:30:00,0.5451999999999999,0.0,9.076,1.7846666666666666,10.860666666666667,,27.101555555555553
2018-08-29 06:45:00,0.5795333333333333,0.0,9.405333333333335,2.143333333333333,11.548666666666668,,27.286
2018-08-29 07:00:00,0.615,0.0,9.709333333333335,2.548666666666667,12.258000000000001,,27.422833333333337
2018-08-29 07:15:00,0.5618,0.0,9.492666666666668,1.7060000000000002,11.198666666666666,,27.514166666666664
2018-08-29 07:30:00,0.628,0.2046666666666667,9.924000000000001,2.5900000000000003,12.718666666666667,,27.603666666666665
2018-08-29 07:45:00,0.6582000000000001,72.40866666666668,10.629999999999999,2.491333333333334,85.53,,26.81977777777778
2018-08-29 08:00:00,0.7583333333333333,70.17,11.708,3.4426666666666668,85.32066666666667,,24.603333333333335
2018-08-29 08:15:00,0.8410666666666666,59.419333333333334,12.463333333333335,4.3020000000000005,76.18466666666667,,23.801777777777776
2018-08-29 08:30:00,0.8840666666666667,59.961333333333336,12.602666666666668,5.015333333333333,77.57933333333334,,23.825333333333333
2018-08-29 08:45:00,0.9371333333333334,57.306666666666665,13.315333333333333,5.362666666666667,75.98466666666667,,23.700666666666667
2018-08-29 09:00:00,0.9719333333333334,58.332,13.185333333333334,6.348666666666667,77.866,,23.693777777777775
2018-08-29 09:15:00,0.991,53.650666666666666,13.402,6.5326666666666675,73.58533333333334,,23.895333333333333
2018-08-29 09:30:00,0.9926666666666667,58.4,13.972666666666667,6.096666666666667,78.46933333333332,,23.937333333333335
2018-08-29 09:45:00,1.0,62.032000000000004,14.366666666666667,6.157333333333333,82.556,,23.76888888888889
2018-08-29 10:00:00,0.9954666666666667,57.088,14.187333333333333,5.8966666666666665,77.172,,23.631222222222224
2018-08-29 10:15:00,1.0,43.223333333333336,14.288666666666666,6.131333333333333,63.64333333333333,,23.695333333333334
2018-08-29 10:30:00,0.9967333333333334,48.690666666666665,14.352666666666666,6.058666666666666,69.102,,24.038444444444444
2018-08-29 10:45:00,0.9962,50.202,14.568666666666667,6.196666666666667,70.96733333333333,,23.932666666666666
2018-08-29 11:00:00,0.9952666666666666,54.516,14.258000000000001,5.658666666666666,74.43266666666666,,23.880444444444443
2018-08-29 11:15:00,0.9978666666666667,47.36333333333334,14.362666666666666,5.900666666666666,67.62666666666667,,23.78811111111111
2018-08-29 11:30:00,1.0,46.74133333333334,14.029333333333334,6.228,66.99866666666667,,23.920166666666667
2018-08-29 11:45:00,1.0,3.274,14.29,6.296666666666667,23.860666666666663,,24.470000000000002
2018-08-29 12:00:00,0.9376666666666666,0.0,12.710666666666667,5.980666666666666,18.691333333333333,,25.85588888888889
2018-08-29 12:15:00,0.7828666666666667,0.0,11.046666666666665,5.379333333333333,16.426000000000002,,26.744666666666667
2018-08-29 12:30:00,0.7574666666666666,0.0,9.922666666666666,5.174666666666667,15.097333333333331,,27.155222222222225
2018-08-29 12:45:00,0.7292,0.0,9.214666666666666,5.313999999999999,14.528666666666668,,27.521833333333333
2018-08-29 13:00:00,0.7803333333333333,75.77733333333335,10.345333333333334,5.203333333333333,91.326,,26.836000000000002
2018-08-29 13:15:00,0.9241333333333334,69.66666666666667,12.952,5.898666666666666,88.51733333333333,,24.218833333333336
2018-08-29 13:30:00,0.9787333333333332,58.75266666666666,13.624666666666664,5.9959999999999996,78.37333333333332,,23.68433333333333
2018-08-29 13:45:00,0.9603333333333333,60.934666666666665,13.581333333333333,5.639333333333334,80.15533333333333,,23.599222222222224
2018-08-29 14:00:00,0.9852000000000001,49.966,13.605333333333332,6.049333333333333,69.62066666666666,,23.317666666666664
2018-08-29 14:15:00,0.9852666666666666,60.199333333333335,13.643333333333334,6.240666666666667,80.08333333333333,,23.43166666666667
2018-08-29 14:30:00,0.9854666666666667,60.846666666666664,13.927333333333333,5.820666666666667,80.59466666666665,,23.13133333333333
2018-08-29 14:45:00,0.9739333333333333,46.67733333333333,13.769333333333334,5.7266666666666675,66.17333333333333,,23.050333333333334
2018-08-29 15:00:00,0.9833999999999999,44.282666666666664,13.638,6.037333333333334,63.958,,23.56672222222222
2018-08-29 15:15:00,0.9810666666666666,49.644000000000005,13.593333333333334,6.120666666666667,69.358,,23.761444444444447
2018-08-29 15:30:00,0.9886666666666667,50.25866666666666,13.813333333333334,6.335333333333334,70.40733333333333,,23.66033333333333
2018-08-29 15:45:00,0.9483333333333334,54.672000000000004,14.05,6.082,74.804,,23.611666666666668
2018-08-29 16:00:00,0.9744666666666666,37.71266666666667,13.762,5.662,57.13666666666666,,23.572333333333333
2018-08-29 16:15:00,0.9372666666666666,51.69133333333333,14.052666666666665,5.753333333333333,71.49733333333333,,23.925333333333334
2018-08-29 16:30:00,0.9355333333333333,2.951333333333333,13.241333333333333,5.426,21.618666666666666,,24.253611111111113
2018-08-29 16:45:00,0.9248666666666667,0.0,13.188666666666666,5.426,18.61466666666667,,25.687833333333334
2018-08-29 17:00:00,0.8723333333333334,0.0,12.610666666666667,4.7733333333333325,17.384,,26.4755
2018-08-29 17:15:00,0.7210666666666666,0.0,11.045333333333334,3.3286666666666664,14.374,,26.80816666666667
2018-08-29 17:30:00,0.7286,0.0,11.306000000000001,3.2146666666666666,14.520666666666667,,26.997000000000003
2018-08-29 17:45:00,0.6795333333333333,0.0,10.702666666666667,2.844666666666667,13.547333333333334,,27.139
2018-08-29 18:00:00,0.6752,0.0,10.810666666666666,2.6486666666666663,13.459333333333332,,27.252166666666664
2018-08-29 18:15:00,0.6793333333333335,0.0,10.802666666666669,2.7373333333333334,13.540000000000001,,27.349555555555558
2018-08-29 18:30:00,0.6496666666666667,0.0,10.364666666666666,2.5873333333333335,12.952,,27.447388888888888
2018-08-29 18:45:00,0.6083999999999999,0.0,9.612666666666666,2.512,12.124666666666666,,27.639555555555557
2018-08-29 19:00:00,0.5990666666666666,0.0,9.445333333333332,2.49,11.935333333333334,,27.678833333333333
2018-08-29 19:15:00,0.5109333333333334,0.0,7.985333333333333,2.1993333333333336,10.184666666666667,,27.717888888888886
2018-08-29 19:30:00,0.4784666666666667,0.0,7.373333333333333,2.1599999999999997,9.533333333333333,,27.689666666666664
2018-08-29 19:45:00,0.4371333333333334,0.0,6.73,1.98,8.71,,27.534666666666666
2018-08-29 20:00:00,0.42106666666666664,0.0,6.3533333333333335,2.04,8.393333333333333,,27.476
2018-08-29 20:15:00,0.4119333333333334,0.0,6.4206666666666665,1.79,8.210666666666667,,27.42711111111111
2018-08-29 20:30:00,0.4026666666666667,0.0,6.099333333333333,1.9293333333333333,8.028666666666668,,27.442833333333333
2018-08-29 20:45:00,0.39826666666666666,0.0,5.964666666666665,1.9753333333333332,7.9399999999999995,,27.429666666666666
2018-08-29 21:00:00,0.3701333333333333,0.0,5.6593333333333335,1.7173333333333334,7.376666666666666,,27.38638888888889
2018-08-29 21:15:00,0.25306666666666666,0.0,3.755333333333333,1.2926666666666666,5.048,,27.49233333333333
2018-08-29 21:30:00,0.2501333333333333,0.0,3.6319999999999997,1.3539999999999999,4.986,,27.353666666666665
2018-08-29 21:45:00,0.17939999999999998,0.0,2.3193333333333332,1.2586666666666666,3.5780000000000003,,27.305333333333333
2018-08-29 22:00:00,0.07400000000000001,0.0,0.33266666666666667,1.1433333333333335,1.476,,27.342666666666666
2018-08-29 22:15:00,0.06513333333333333,0.0,0.13866666666666666,1.1613333333333336,1.3,,27.315055555555556
2018-08-29 22:30:00,0.06886666666666667,0.0,0.14333333333333337,1.23,1.3733333333333335,,27.21055555555556
2018-08-29 22:45:00,0.0674,0.0,0.09266666666666667,1.25,1.3426666666666667,,27.173944444444444
2018-08-29 23:00:00,0.05806666666666667,0.0,0.021333333333333333,1.1340000000000001,1.1553333333333335,,27.10983333333333
2018-08-29 23:15:00,0.071,0.0,0.182,1.2313333333333334,1.4133333333333336,,26.94511111111111
2018-08-29 23:30:00,0.06853333333333333,0.0,0.024,1.3413333333333335,1.3653333333333333,,27.08711111111111
2018-08-29 23:45:00,0.068,0.0,0.02266666666666667,1.3346666666666667,1.3573333333333333,,27.017722222222226
2018-08-30 00:00:00,0.06846666666666668,0.0,0.02333333333333333,1.3386666666666664,1.3619999999999999,,27.0665
2018-08-30 00:15:00,0.07600000000000001,0.0,0.182,1.3339999999999999,1.5159999999999998,,27.036166666666666
2018-08-30 00:30:00,0.06766666666666668,0.0,0.02266666666666667,1.3246666666666664,1.3473333333333335,,27.061722222222222
2018-08-30 00:45:00,0.06233333333333334,0.0,0.021333333333333333,1.2193333333333334,1.2406666666666666,,27.036555555555555
2018-08-30 01:00:00,0.06333333333333332,0.0,0.02266666666666667,1.238,1.2606666666666666,,27.025
2018-08-30 01:15:00,0.064,0.0,0.17466666666666666,1.1006666666666667,1.2753333333333334,,26.996944444444445
2018-08-30 01:30:00,0.06233333333333334,0.0,0.020666666666666667,1.2233333333333334,1.244,,27.008888888888887
2018-08-30 01:45:00,0.06286666666666667,0.0,0.02266666666666667,1.2286666666666666,1.2513333333333334,,26.984833333333334
2018-08-30 02:00:00,0.0592,0.0,0.022000000000000002,1.156,1.1780000000000002,,27.008333333333333
2018-08-30 02:15:00,0.060000000000000005,0.0,0.10266666666666667,1.0906666666666667,1.1933333333333336,,27.019111111111112
2018-08-30 02:30:00,0.07606666666666667,0.0,0.222,1.2953333333333332,1.5173333333333334,,26.943277777777777
2018-08-30 02:45:00,0.07293333333333332,0.0,0.14133333333333334,1.314,1.4553333333333331,,27.001666666666665
2018-08-30 03:00:00,0.0616,0.0,0.07400000000000001,1.1506666666666667,1.2246666666666668,,26.997166666666665
2018-08-30 03:15:00,0.065,0.0,0.022000000000000002,1.2740000000000002,1.296,,26.988944444444442
2018-08-30 03:30:00,0.07813333333333333,0.0,0.18066666666666667,1.3753333333333333,1.556,,26.949944444444444
2018-08-30 03:45:00,0.062000000000000006,0.0,0.02333333333333333,1.2126666666666668,1.236,,26.99988888888889
2018-08-30 04:00:00,0.057866666666666663,0.0,0.02333333333333333,1.1253333333333335,1.148666666666667,,26.998
2018-08-30 04:15:00,0.061000000000000006,0.0,0.024,1.1906666666666665,1.2146666666666666,,26.980055555555555
2018-08-30 04:30:00,0.06326666666666667,0.0,0.02333333333333333,1.2353333333333334,1.2586666666666666,,27.005333333333333
2018-08-30 04:45:00,0.06606666666666666,0.0,0.174,1.1380000000000001,1.312,,26.950166666666668
2018-08-30 05:00:00,0.059000000000000004,0.0,0.024,1.1486666666666667,1.172666666666667,,26.984777777777776
2018-08-30 05:15:00,0.06406666666666667,0.0,0.03133333333333334,1.2446666666666668,1.276,,26.99372222222222
2018-08-30 05:30:00,0.08600000000000001,0.0,0.532,1.1833333333333333,1.7153333333333334,,27.002499999999998
2018-08-30 05:45:00,0.14826666666666669,0.0,1.7213333333333334,1.2326666666666668,2.954,,26.93777777777778
2018-08-30 06:00:00,0.1358,0.0,1.4553333333333331,1.2526666666666666,2.708,,26.991444444444443
2018-08-30 06:15:00,0.5495333333333333,0.0,7.979333333333333,2.9753333333333334,10.954666666666666,,27.043
2018-08-30 06:30:00,0.5556,0.0,8.649333333333333,2.4233333333333333,11.072666666666667,,27.145333333333333
2018-08-30 06:45:00,0.5422666666666667,0.0,9.041333333333334,1.7693333333333332,10.810666666666666,,27.138333333333332
2018-08-30 07:00:00,0.5624666666666667,0.0,9.228000000000002,1.9819999999999998,11.21,,27.411222222222225
2018-08-30 07:15:00,0.6120666666666666,0.0,9.626666666666667,2.5686666666666667,12.195333333333334,,27.331055555555558
2018-08-30 07:30:00,0.599,0.21533333333333332,9.786,2.1526666666666667,12.154,,27.5505
2018-08-30 07:45:00,0.7135333333333332,76.18533333333333,10.795333333333334,3.427333333333333,90.40799999999999,,26.850833333333334
2018-08-30 08:00:00,0.7594,73.84733333333334,11.741333333333333,3.9633333333333334,89.55199999999999,,24.276333333333334
2018-08-30 08:15:00,0.8614666666666667,59.072,12.371333333333332,4.797333333333333,76.24066666666666,,23.375833333333333
2018-08-30 08:30:00,0.8822,60.758,12.459999999999999,5.12,78.338,,23.499000000000002
2018-08-30 08:45:00,0.8886666666666667,51.684666666666665,12.341333333333333,5.368666666666667,69.39466666666667,,23.386166666666668
2018-08-30 09:00:00,0.9004666666666666,59.577333333333335,12.381333333333334,5.562666666666667,77.52133333333335,,23.334777777777777
2018-08-30 09:15:00,0.9316,59.38533333333333,12.605333333333332,5.974,77.96466666666667,,23.131833333333336
2018-08-30 09:30:00,0.9207333333333333,52.06133333333333,12.818000000000001,5.531999999999999,70.41133333333333,,23.0775
2018-08-30 09:45:00,0.9312,56.785333333333334,12.646666666666668,5.9126666666666665,75.34466666666667,,23.39138888888889
2018-08-30 10:00:00,0.9515999999999999,54.98266666666667,12.795333333333334,6.176,73.954,,23.158333333333335
2018-08-30 10:15:00,0.9665333333333332,52.205333333333336,13.185333333333334,6.081333333333333,71.472,,23.568055555555553
2018-08-30 10:30:00,0.9480000000000001,52.37133333333334,13.190666666666665,5.8853333333333335,71.44733333333333,,23.5125
2018-08-30 10:45:00,0.9240666666666667,47.19133333333333,12.712,5.703333333333333,65.60666666666667,,23.481999999999996
2018-08-30 11:00:00,0.9200666666666667,47.29533333333334,12.639333333333331,5.732666666666668,65.66733333333333,,23.792333333333332
2018-08-30 11:15:00,0.9226,45.29,12.782,5.608666666666666,63.68066666666667,,23.816333333333333
2018-08-30 11:30:00,0.9340666666666666,55.126,12.874,5.744666666666666,73.74466666666667,,23.761833333333335
2018-08-30 11:45:00,0.917,3.4746666666666663,12.966666666666667,5.308666666666666,21.75,,24.217388888888888
2018-08-30 12:00:00,0.8705999999999999,0.0,12.302,5.491333333333333,17.793333333333333,,25.6375
2018-08-30 12:15:00,0.7729333333333333,0.0,10.121333333333332,5.279333333333333,15.400666666666666,,26.586666666666666
2018-08-30 12:30:00,0.6814666666666667,0.0,8.606,4.977333333333333,13.583333333333334,,26.982166666666668
2018-08-30 12:45:00,0.672,0.0,8.235333333333333,5.156000000000001,13.391333333333334,,27.275666666666666
2018-08-30 13:00:00,0.7860666666666667,74.37666666666668,10.248,5.620666666666667,90.24533333333332,,26.637055555555555
2018-08-30 13:15:00,0.8710666666666668,66.962,13.004,5.828666666666667,85.79466666666667,,24.168833333333335
2018-08-30 13:30:00,0.9376666666666666,61.638000000000005,12.936666666666667,5.753333333333333,80.328,,23.257055555555556
2018-08-30 13:45:00,0.9331333333333334,61.81066666666666,13.030666666666665,5.664666666666666,80.506,,23.19238888888889
2018-08-30 14:00:00,0.9378,48.032000000000004,13.145999999999999,5.593333333333334,66.77133333333333,,23.150666666666666
2018-08-30 14:15:00,0.9449333333333333,59.424,13.300666666666666,6.059333333333333,78.784,,23.36883333333333
2018-08-30 14:30:00,0.9501333333333334,61.004000000000005,13.227333333333332,5.715999999999999,79.94733333333333,,23.129277777777776
2018-08-30 14:45:00,0.9733999999999999,49.29266666666667,13.53,5.908,68.73066666666666,,23.158277777777776
2018-08-30 15:00:00,0.9620666666666666,46.11333333333334,13.300666666666668,5.9879999999999995,65.402,,23.450777777777777
2018-08-30 15:15:00,0.9690666666666666,44.10933333333333,13.35,5.974,63.43333333333333,,23.62816666666667
2018-08-30 15:30:00,0.9485333333333333,53.766,13.213999999999999,5.786666666666666,72.76666666666667,,23.658333333333335
2018-08-30 15:45:00,0.9489333333333333,51.25266666666666,13.961333333333332,6.257333333333333,71.47133333333333,,23.424666666666667
2018-08-30 16:00:00,0.9915333333333334,48.647333333333336,13.676666666666668,6.486,68.81,,23.37316666666667
2018-08-30 16:15:00,0.9602,42.606,13.216000000000001,6.126666666666667,61.94866666666667,,23.6075
2018-08-30 16:30:00,0.9384,3.4353333333333333,12.927999999999999,5.774666666666667,22.137999999999998,,24.314555555555557
2018-08-30 16:45:00,0.9157333333333334,0.0,12.776,5.473333333333334,18.249333333333333,,25.605888888888888
2018-08-30 17:00:00,0.8481333333333333,0.0,12.914666666666667,5.024666666666667,17.939333333333334,,26.345666666666666
2018-08-30 17:15:00,0.7592,0.0,11.126000000000001,4.002666666666666,15.128666666666668,,26.79866666666667
2018-08-30 17:30:00,0.6324666666666666,0.0,10.115333333333334,2.49,12.605333333333334,,27.002
2018-08-30 17:45:00,0.612,0.0,9.719333333333333,2.476,12.195333333333334,,27.123166666666666
2018-08-30 18:00:00,0.5934666666666666,0.0,9.608666666666666,2.220666666666667,11.829333333333333,,27.191166666666668
2018-08-30 18:15:00,0.5737333333333333,0.0,9.066666666666666,2.368,11.434666666666665,,27.257055555555553
2018-08-30 18:30:00,0.5664666666666667,0.0,8.949333333333334,2.3426666666666667,11.292,,27.267222222222223
2018-08-30 18:45:00,0.5827333333333333,0.0,9.235999999999999,2.376,11.612,,27.439333333333334
2018-08-30 19:00:00,0.5544,0.0,8.867333333333333,2.1839999999999997,11.051333333333332,,27.511666666666667
2018-08-30 19:15:00,0.534,0.0,8.658,1.9846666666666666,10.642666666666665,,27.442333333333334
2018-08-30 19:30:00,0.5562,0.0,8.990666666666666,2.1166666666666667,11.107333333333333,,27.383944444444445
2018-08-30 19:45:00,0.5304,0.0,8.502666666666666,2.0686666666666667,10.571333333333333,,27.6825
2018-08-30 20:00:00,0.41359999999999997,0.0,6.62,1.6233333333333333,8.243333333333334,,27.682000000000002
2018-08-30 20:15:00,0.33140000000000003,0.0,5.005333333333334,1.5973333333333335,6.602666666666667,,27.489500000000003
2018-08-30 20:30:00,0.3188666666666667,0.0,4.718,1.6353333333333333,6.3533333333333335,,27.345833333333335
2018-08-30 20:45:00,0.20546666666666666,0.0,2.5473333333333334,1.544,4.091333333333333,,27.28477777777778
2018-08-30 21:00:00,0.18933333333333333,0.0,2.2493333333333334,1.5240000000000002,3.7733333333333334,,27.190166666666666
2018-08-30 21:15:00,0.18253333333333333,0.0,2.034666666666667,1.6013333333333333,3.636,,27.137666666666668
2018-08-30 21:30:00,0.19246666666666667,0.0,2.1826666666666665,1.652,3.8346666666666662,,27.082555555555555
2018-08-30 21:45:00,0.18339999999999998,0.0,2.0466666666666664,1.6073333333333333,3.6540000000000004,,27.071666666666665
2018-08-30 22:00:00,0.13333333333333333,0.0,1.3960000000000001,1.2626666666666668,2.658666666666667,,27.047777777777775
2018-08-30 22:15:00,0.07600000000000001,0.0,0.32,1.194,1.514,,26.994944444444446
2018-08-30 22:30:00,0.06533333333333333,0.0,0.14,1.161333333333333,1.3013333333333332,,27.03166666666667
2018-08-30 22:45:00,0.0604,0.0,0.10266666666666668,1.0986666666666667,1.2013333333333334,,27.023166666666665
2018-08-30 23:00:00,0.05506666666666667,0.0,0.022000000000000002,1.074,1.096,,27.01033333333333
2018-08-30 23:15:00,0.0586,0.0,0.02266666666666667,1.1446666666666665,1.1673333333333333,,27.012055555555555
2018-08-30 23:30:00,0.0664,0.0,0.17200000000000001,1.1506666666666665,1.3226666666666667,,27.05911111111111
2018-08-30 23:45:00,0.062000000000000006,0.0,0.022000000000000002,1.2126666666666666,1.2346666666666666,,26.959166666666665
2018-08-31 00:00:00,0.052933333333333325,0.0,0.022000000000000002,1.0313333333333334,1.0533333333333335,,26.960222222222225
2018-08-31 00:15:00,0.0632,0.0,0.02266666666666667,1.2406666666666668,1.2633333333333334,,27.060444444444443
2018-08-31 00:30:00,0.0692,0.0,0.17666666666666667,1.2020000000000002,1.3786666666666667,,27.011444444444447
2018-08-31 00:45:00,0.06573333333333334,0.0,0.022000000000000002,1.2886666666666666,1.3106666666666666,,26.989666666666665
2018-08-31 01:00:00,0.056799999999999996,0.0,0.02333333333333333,1.1053333333333335,1.1286666666666667,,26.994222222222223
2018-08-31 01:15:00,0.06093333333333333,0.0,0.024666666666666667,1.1893333333333334,1.214,,26.920166666666667
2018-08-31 01:30:00,0.06446666666666667,0.0,0.17933333333333332,1.1066666666666665,1.286,,26.89477777777778
2018-08-31 01:45:00,0.0658,0.0,0.11600000000000002,1.1953333333333334,1.3113333333333332,,26.889666666666663
2018-08-31 02:00:00,0.06046666666666667,0.0,0.14,1.0633333333333332,1.2033333333333331,,26.870333333333335
2018-08-31 02:15:00,0.05846666666666667,0.0,0.10666666666666667,1.0573333333333335,1.1640000000000001,,26.864
2018-08-31 02:30:00,0.06106666666666667,0.0,0.060000000000000005,1.1546666666666667,1.2146666666666666,,26.827055555555553
2018-08-31 02:45:00,0.06466666666666666,0.0,0.14333333333333334,1.1446666666666665,1.288,,26.848166666666668
2018-08-31 03:00:00,0.05926666666666667,0.0,0.022000000000000002,1.1586666666666665,1.1806666666666668,,26.92611111111111
2018-08-31 03:15:00,0.05513333333333333,0.0,0.022000000000000002,1.0733333333333335,1.0953333333333333,,26.865944444444445
2018-08-31 03:30:00,0.06373333333333334,0.0,0.024,1.246,1.27,,26.855666666666664
2018-08-31 03:45:00,0.0702,0.0,0.182,1.2173333333333332,1.3993333333333333,,26.833500000000004
2018-08-31 04:00:00,0.06586666666666667,0.0,0.02333333333333333,1.2893333333333332,1.3126666666666664,,26.862166666666667
2018-08-31 04:15:00,0.05673333333333333,0.0,0.022000000000000002,1.1066666666666667,1.1286666666666667,,26.87
2018-08-31 04:30:00,0.05753333333333333,0.0,0.022000000000000002,1.1213333333333333,1.1433333333333335,,26.869000000000003
2018-08-31 04:45:00,0.06633333333333333,0.0,0.17666666666666667,1.144,1.3206666666666667,,26.86477777777778
2018-08-31 05:00:00,0.06273333333333334,0.0,0.02333333333333333,1.226,1.2493333333333334,,26.867666666666665
2018-08-31 05:15:00,0.0662,0.0,0.20933333333333334,1.1086666666666667,1.318,,26.897166666666667
2018-08-31 05:30:00,0.0808,0.0,0.4,1.212,1.6119999999999999,,26.865722222222225
2018-08-31 05:45:00,0.0842,0.0,0.5733333333333334,1.1053333333333333,1.6786666666666668,,26.872833333333336
2018-08-31 06:00:00,0.12526666666666667,0.0,1.2633333333333332,1.2373333333333332,2.500666666666667,,26.846944444444443
2018-08-31 06:15:00,0.511,0.0,7.660666666666667,2.522,10.182666666666668,,26.935999999999996
2018-08-31 06:30:00,0.5268,0.0,8.286666666666667,2.2126666666666663,10.499333333333334,,27.015833333333333
2018-08-31 06:45:00,0.4574,0.0,7.4639999999999995,1.648,9.111999999999998,,27.145166666666668
2018-08-31 07:00:00,0.5452,0.0,8.83,2.034,10.864,,27.289166666666667
2018-08-31 07:15:00,0.6241333333333333,0.0,9.985333333333333,2.4513333333333334,12.436666666666667,,27.307333333333336
2018-08-31 07:30:00,0.6564666666666666,0.218,10.426,2.6580000000000004,13.302,,27.515333333333334
2018-08-31 07:45:00,0.7024666666666666,74.47399999999999,11.251333333333333,2.75,88.47533333333334,,26.849833333333333
2018-08-31 08:00:00,0.8269333333333333,70.23933333333333,11.946,4.532,86.71733333333333,,24.299333333333333
2018-08-31 08:15:00,0.8851333333333334,58.094,12.662666666666667,4.977333333333333,75.734,,23.234444444444442
2018-08-31 08:30:00,0.8971333333333333,61.522666666666666,12.727333333333332,5.562666666666667,79.81266666666667,,23.361666666666668
2018-08-31 08:45:00,0.9218,60.11933333333333,13.146666666666667,5.224,78.49,,23.11638888888889
2018-08-31 09:00:00,0.9504666666666667,55.973333333333336,13.044,5.9,74.91733333333333,,22.999333333333333
2018-08-31 09:15:00,0.9218666666666666,53.51266666666666,12.840666666666667,5.531333333333333,71.88466666666666,,23.2
2018-08-31 09:30:00,0.9315333333333334,59.162,12.760666666666667,5.804,77.72666666666667,,23.17838888888889
2018-08-31 09:45:00,0.9562666666666666,61.00666666666667,12.893333333333334,6.1659999999999995,80.066,,23.101666666666667
2018-08-31 10:00:00,0.9492666666666666,58.318,13.212666666666667,5.715333333333334,77.24600000000001,,23.23072222222222
2018-08-31 10:15:00,0.9504,42.01933333333333,13.143333333333333,5.811333333333334,60.974000000000004,,23.148333333333333
2018-08-31 10:30:00,0.8959333333333334,43.61066666666667,12.729999999999999,5.6386666666666665,61.97933333333334,,23.599555555555558
2018-08-31 10:45:00,0.8968,49.936666666666675,12.666,5.206,67.80866666666667,,23.636166666666668
2018-08-31 11:00:00,0.895,49.144000000000005,12.924666666666667,5.338666666666667,67.40733333333334,,23.463277777777776
2018-08-31 11:15:00,0.8801333333333333,53.583999999999996,12.617999999999999,4.9206666666666665,71.12266666666666,,23.5555
2018-08-31 11:30:00,0.874,41.84866666666667,12.45,4.964666666666667,59.263333333333335,,23.4955
2018-08-31 11:45:00,0.8858666666666667,2.1719999999999997,12.668666666666667,4.984,19.824666666666666,,24.28216666666667
2018-08-31 12:00:00,0.8375333333333334,0.0,11.856666666666666,4.835333333333334,16.692,,25.735999999999997
2018-08-31 12:15:00,0.7154,0.0,9.697333333333335,4.559333333333333,14.256666666666666,,26.570833333333333
2018-08-31 12:30:00,0.674,0.0,9.144666666666668,4.289333333333333,13.434,,26.931500000000003
2018-08-31 12:45:00,0.7376666666666666,0.0,10.012666666666666,4.687333333333333,14.7,,27.21066666666667
2018-08-31 13:00:00,0.7836666666666667,75.25466666666667,10.936,5.317333333333333,91.50800000000001,,26.649555555555555
2018-08-31 13:15:00,0.9322666666666667,69.068,13.236666666666666,5.396,87.70066666666666,,24.068499999999997
2018-08-31 13:30:00,0.9397333333333333,59.95666666666667,13.525333333333332,5.776,79.25800000000001,,23.346999999999998
2018-08-31 13:45:00,0.9734666666666667,58.955333333333336,13.664666666666667,5.856666666666667,78.47666666666667,,23.381166666666665
2018-08-31 14:00:00,0.9801333333333333,54.038000000000004,13.777333333333333,5.768,73.58333333333333,,23.357166666666668
2018-08-31 14:15:00,0.9760666666666666,57.38066666666667,13.661999999999999,5.795333333333334,76.838,,23.295333333333335
2018-08-31 14:30:00,0.9702666666666667,60.82933333333334,13.631333333333334,5.9366666666666665,80.39733333333334,,23.116833333333332
2018-08-31 14:45:00,0.9852666666666666,60.29600000000001,13.777333333333333,5.928,80.00133333333333,,23.008166666666668
2018-08-31 15:00:00,0.9911333333333333,50.552,14.062666666666669,5.747333333333334,70.36200000000001,,22.978333333333335
2018-08-31 15:15:00,1.0,45.352,13.923333333333336,6.487333333333333,65.76266666666668,,23.4015
2018-08-31 15:30:00,0.995,54.04866666666667,13.860000000000001,6.318666666666667,74.22733333333332,,23.599333333333334
2018-08-31 15:45:00,0.9962,51.906666666666666,14.328666666666667,5.87,72.10533333333335,,23.43316666666667
2018-08-31 16:00:00,0.9694666666666667,44.376,13.471333333333336,5.9479999999999995,63.79533333333334,,23.552833333333336
2018-08-31 16:15:00,0.928,46.815333333333335,13.159333333333333,5.335333333333334,65.31,,23.716055555555556
2018-08-31 16:30:00,0.9152666666666666,3.8059999999999996,12.798,5.446,22.05,,24.243666666666666
2018-08-31 16:45:00,0.9211333333333334,0.0,13.091333333333333,5.268,18.359333333333332,,25.476666666666667
2018-08-31 17:00:00,0.8178666666666667,0.0,12.106,4.194,16.3,,26.21372222222222
2018-08-31 17:15:00,0.6923333333333334,0.0,10.615333333333332,3.1873333333333336,13.802666666666665,,26.674166666666668
2018-08-31 17:30:00,0.6386000000000001,0.0,9.958,2.768666666666667,12.726666666666667,,26.785888888888888
2018-08-31 17:45:00,0.6256666666666667,0.0,9.827333333333334,2.6406666666666667,12.467999999999998,,26.965500000000002
2018-08-31 18:00:00,0.5581333333333334,0.0,8.844666666666665,2.279333333333333,11.123999999999999,,26.963666666666665
2018-08-31 18:15:00,0.5254666666666667,0.0,8.336,2.138,10.474,,27.025666666666666
2018-08-31 18:30:00,0.5214666666666666,0.0,8.295333333333334,2.098,10.393333333333334,,27.041666666666668
2018-08-31 18:45:00,0.5139333333333334,0.0,8.226,2.0166666666666666,10.242666666666668,,27.050166666666666
2018-08-31 19:00:00,0.5551999999999999,0.0,8.872666666666667,2.2046666666666668,11.077333333333334,,27.069666666666667
2018-08-31 19:15:00,0.5018666666666667,0.0,7.968,2.0366666666666666,10.004666666666667,,27.0875
2018-08-31 19:30:00,0.5015333333333333,0.0,7.930666666666667,2.0660000000000003,9.996666666666666,,27.1195
2018-08-31 19:45:00,0.5101333333333333,0.0,8.002,2.166,10.168000000000001,,27.1295
2018-08-31 20:00:00,0.5128,0.0,8.086,2.134,10.22,,27.117833333333337
2018-08-31 20:15:00,0.4342666666666667,0.0,6.668,1.9893333333333334,8.657333333333332,,27.162666666666667
2018-08-31 20:30:00,0.3422,0.0,5.009333333333332,1.8106666666666666,6.819999999999999,,27.25622222222222
2018-08-31 20:45:00,0.16040000000000001,0.0,1.7513333333333334,1.4426666666666668,3.1940000000000004,,27.122
2018-08-31 21:00:00,0.1578,0.0,1.712,1.432,3.1439999999999997,,27.003111111111114
2018-08-31 21:15:00,0.15613333333333335,0.0,1.7166666666666663,1.3946666666666667,3.1113333333333335,,26.918
2018-08-31 21:30:00,0.14586666666666667,0.0,1.4933333333333332,1.412,2.905333333333333,,26.87727777777778
2018-08-31 21:45:00,0.09713333333333334,0.0,0.9473333333333334,0.99,1.9373333333333336,,26.849055555555555
2018-08-31 22:00:00,0.1024,0.0,0.9326666666666666,1.1086666666666667,2.041333333333333,,26.847888888888892
2018-08-31 22:15:00,0.10453333333333334,0.0,1.0206666666666666,1.0666666666666667,2.0873333333333335,,26.947333333333333
2018-08-31 22:30:00,0.0574,0.0,0.072,1.072,1.144,,26.892166666666665
2018-08-31 22:45:00,0.054599999999999996,0.0,0.02266666666666667,1.0633333333333332,1.0859999999999999,,26.891666666666666
2018-08-31 23:00:00,0.06286666666666667,0.0,0.09866666666666667,1.1506666666666665,1.2493333333333332,,26.856444444444445
2018-08-31 23:15:00,0.057466666666666666,0.0,0.1406666666666667,1.0026666666666666,1.1433333333333333,,26.842666666666666
2018-08-31 23:30:00,0.06333333333333332,0.0,0.284,0.978,1.262,,26.778833333333335
2018-08-31 23:45:00,0.047,0.0,0.022666666666666665,0.9126666666666667,0.9353333333333335,,26.744944444444446
2018-09-01 00:00:00,0.054266666666666664,0.0,0.02333333333333333,1.0553333333333332,1.0786666666666667,,26.75616666666667
2018-09-01 00:15:00,0.050666666666666665,0.0,0.02333333333333333,0.9866666666666667,1.01,,26.743
2018-09-01 00:30:00,0.0528,0.0,0.025333333333333333,1.0246666666666668,1.05,,26.714222222222222
2018-09-01 00:45:00,0.05513333333333333,0.0,0.182,0.9153333333333333,1.0973333333333335,,26.6925
2018-09-01 01:00:00,0.0516,0.0,0.022000000000000002,1.0053333333333332,1.0273333333333334,,26.72961111111111
2018-09-01 01:15:00,0.05693333333333333,0.0,0.024,1.1099999999999999,1.134,,26.73972222222222
2018-09-01 01:30:00,0.0578,0.0,0.02333333333333333,1.1306666666666667,1.154,,26.73183333333333
2018-09-01 01:45:00,0.05486666666666666,0.0,0.09133333333333334,1.0,1.0913333333333335,,26.714611111111115
2018-09-01 02:00:00,0.059666666666666666,0.0,0.158,1.03,1.188,,26.683888888888887
2018-09-01 02:15:00,0.059333333333333335,0.0,0.13733333333333334,1.0446666666666666,1.182,,26.733
2018-09-01 02:30:00,0.059866666666666665,0.0,0.14733333333333334,1.0446666666666666,1.192,,26.749444444444446
2018-09-01 02:45:00,0.050866666666666664,0.0,0.03666666666666667,0.9760000000000001,1.0126666666666668,,26.77316666666667
2018-09-01 03:00:00,0.0574,0.0,0.18266666666666667,0.9593333333333334,1.142,,26.735500000000002
2018-09-01 03:15:00,0.05046666666666667,0.0,0.02266666666666667,0.9813333333333334,1.004,,26.752666666666666
2018-09-01 03:30:00,0.05413333333333333,0.0,0.02266666666666667,1.0526666666666666,1.0753333333333333,,26.92511111111111
2018-09-01 03:45:00,0.052199999999999996,0.0,0.02333333333333333,1.016,1.0393333333333332,,26.926444444444442
2018-09-01 04:00:00,0.056133333333333334,0.0,0.17066666666666666,0.9486666666666667,1.1193333333333333,,26.92111111111111
2018-09-01 04:15:00,0.05246666666666667,0.0,0.032,1.0126666666666666,1.0446666666666666,,26.92088888888889
2018-09-01 04:30:00,0.058,0.0,0.021333333333333333,1.1313333333333333,1.1526666666666665,,27.04416666666667
2018-09-01 04:45:00,0.056666666666666664,0.0,0.022000000000000002,1.106,1.128,,26.92072222222222
2018-09-01 05:00:00,0.05413333333333333,0.0,0.021333333333333333,1.054,1.0753333333333333,,26.70583333333333
2018-09-01 05:15:00,0.059533333333333334,0.0,0.1726666666666667,1.0126666666666666,1.1853333333333333,,26.854222222222223
2018-09-01 05:30:00,0.051133333333333336,0.0,0.021333333333333333,0.996,1.0173333333333334,,26.75327777777778
2018-09-01 05:45:00,0.053,0.0,0.021333333333333333,1.0326666666666666,1.054,,26.7575
2018-09-01 06:00:00,0.053599999999999995,0.0,0.022000000000000002,1.0453333333333332,1.0673333333333335,,26.752833333333335
2018-09-01 06:15:00,0.06280000000000001,0.0,0.20866666666666667,1.0426666666666666,1.2513333333333334,,26.759555555555554
2018-09-01 06:30:00,0.05853333333333333,0.0,0.128,1.0366666666666666,1.1646666666666665,,26.841166666666666
2018-09-01 06:45:00,0.05926666666666667,0.0,0.138,1.042,1.18,,26.77466666666667
2018-09-01 07:00:00,0.05553333333333333,0.0,0.08933333333333333,1.0146666666666666,1.1039999999999999,,26.819055555555554
2018-09-01 07:15:00,0.06133333333333334,0.0,0.178,1.042,1.22,,26.810166666666667
2018-09-01 07:30:00,0.057,0.058,0.022000000000000002,1.1126666666666665,1.1926666666666668,,26.846
2018-09-01 07:45:00,0.14666666666666667,17.709999999999997,1.5693333333333332,1.354,20.633333333333333,,26.689999999999998
2018-09-01 08:00:00,0.19506666666666667,19.919333333333334,2.0806666666666667,1.8066666666666669,23.80666666666667,,25.858722222222223
2018-09-01 08:15:00,0.20886666666666667,19.32,3.0073333333333334,1.1553333333333335,23.482666666666667,,25.512555555555554
2018-09-01 08:30:00,0.2722,19.259333333333334,4.3100000000000005,1.1193333333333333,24.688666666666666,,25.506833333333336
2018-09-01 08:45:00,0.2794,13.725333333333333,4.411333333333333,1.1606666666666667,19.29733333333333,,25.302611111111112
2018-09-01 09:00:00,0.2768666666666667,8.622666666666667,4.362666666666667,1.16,14.145333333333333,,25.801666666666666
2018-09-01 09:15:00,0.2846,11.160666666666666,4.458666666666667,1.2173333333333334,16.836666666666666,,26.104
2018-09-01 09:30:00,0.2941333333333333,11.198,4.752,1.1086666666666667,17.058666666666667,,26.095666666666666
2018-09-01 09:45:00,0.29486666666666667,11.206666666666667,4.506666666666666,1.3673333333333333,17.080666666666666,,26.1525
2018-09-01 10:00:00,0.2855333333333333,11.335333333333333,4.418666666666667,1.2746666666666668,17.028666666666666,,26.05216666666667
2018-09-01 10:15:00,0.28326666666666667,11.322,4.376666666666667,1.27,16.968666666666667,,26.268666666666668
2018-09-01 10:30:00,0.3004,11.360666666666667,4.674666666666667,1.306,17.341333333333335,,26.410833333333333
2018-09-01 10:45:00,0.30539999999999995,11.331333333333333,4.505333333333334,1.5793333333333335,17.416,,26.289
2018-09-01 11:00:00,0.2983333333333333,11.372666666666667,4.515333333333333,1.4273333333333333,17.315333333333335,,26.246777777777776
2018-09-01 11:15:00,0.30993333333333334,11.431999999999999,4.624,1.55,17.605999999999998,,26.316666666666666
2018-09-01 11:30:00,0.30533333333333335,11.383333333333333,4.768666666666666,1.3113333333333335,17.46333333333333,,26.337833333333332
2018-09-01 11:45:00,0.30226666666666663,0.784,4.544666666666667,1.478,6.806666666666667,,26.493222222222222
2018-09-01 12:00:00,0.29146666666666665,0.0,4.460666666666667,1.3446666666666665,5.8053333333333335,,26.999666666666666
2018-09-01 12:15:00,0.247,0.0,3.5753333333333335,1.3486666666666667,4.924,,27.24761111111111
2018-09-01 12:30:00,0.22946666666666668,0.0,3.364,1.2106666666666668,4.574666666666667,,27.398666666666667
2018-09-01 12:45:00,0.23246666666666668,0.0,3.3426666666666667,1.2926666666666666,4.6353333333333335,,27.240666666666666
2018-09-01 13:00:00,0.2224,18.604666666666667,3.18,1.2526666666666666,23.037333333333333,,26.93422222222222
2018-09-01 13:15:00,0.21939999999999998,22.057333333333336,3.128,1.2453333333333334,26.430666666666664,,25.79222222222222
2018-09-01 13:30:00,0.22246666666666667,20.493333333333332,3.17,1.2633333333333332,24.92666666666667,,25.46911111111111
2018-09-01 13:45:00,0.23746666666666666,20.627333333333333,3.3666666666666667,1.3673333333333335,25.361333333333334,,25.509555555555554
2018-09-01 14:00:00,0.22613333333333333,20.672666666666665,3.2640000000000002,1.2446666666666668,25.181333333333335,,25.412444444444443
2018-09-01 14:15:00,0.22920000000000001,20.686,3.274666666666667,1.2946666666666666,25.255333333333333,,26.609166666666667
2018-09-01 14:30:00,0.22726666666666667,20.41,3.2093333333333334,1.3219999999999998,24.941333333333333,,26.253333333333334
2018-09-01 14:45:00,0.23246666666666668,19.988,3.2520000000000002,1.386,24.625999999999998,,26.137666666666668
2018-09-01 15:00:00,0.22046666666666667,6.848,3.2006666666666663,1.1933333333333331,11.241999999999999,,26.284333333333333
2018-09-01 15:15:00,0.2186,11.552,3.1486666666666667,1.208,15.908666666666667,,26.563333333333333
2018-09-01 15:30:00,0.22853333333333334,11.601333333333335,3.1286666666666667,1.4266666666666665,16.156666666666666,,26.6135
2018-09-01 15:45:00,0.21933333333333332,11.586666666666668,3.1580000000000004,1.2133333333333334,15.958,,26.581944444444442
2018-09-01 16:00:00,0.22446666666666668,5.458666666666667,3.155333333333333,1.3186666666666667,9.932666666666668,,26.806833333333334
2018-09-01 16:15:00,0.19953333333333337,0.0,2.9266666666666667,1.0486666666666666,3.9753333333333334,,27.264944444444446
2018-09-01 16:30:00,0.2018,0.0,2.9,1.1233333333333333,4.023333333333333,,27.433666666666667
2018-09-01 16:45:00,0.21226666666666666,0.0,3.0513333333333335,1.1793333333333331,4.230666666666667,,27.603
2018-09-01 17:00:00,0.22306666666666666,0.0,3.18,1.2666666666666666,4.446666666666667,,27.711666666666666
2018-09-01 17:15:00,0.23053333333333334,0.0,3.3546666666666667,1.2420000000000002,4.596666666666667,,27.762666666666668
2018-09-01 17:30:00,0.21506666666666666,0.0,3.1293333333333337,1.1573333333333335,4.286666666666666,,27.792666666666666
2018-09-01 17:45:00,0.21406666666666666,0.0,3.15,1.1173333333333335,4.267333333333334,,27.78666666666667
2018-09-01 18:00:00,0.21206666666666668,0.0,2.9579999999999997,1.2659999999999998,4.224,,27.752166666666664
2018-09-01 18:15:00,0.19126666666666667,0.0,2.7373333333333334,1.0746666666666667,3.812,,27.739666666666665
2018-09-01 18:30:00,0.06613333333333334,0.0,0.28200000000000003,1.0353333333333332,1.3173333333333332,,27.705166666666667
2018-09-01 18:45:00,0.0484,0.0,0.02266666666666667,0.9386666666666666,0.9613333333333334,,27.663333333333334
2018-09-01 19:00:00,0.05006666666666667,0.0,0.024,0.9700000000000001,0.994,,27.716555555555555
2018-09-01 19:15:00,0.05226666666666666,0.0,0.022000000000000002,1.0173333333333334,1.0393333333333332,,27.636833333333335
2018-09-01 19:30:00,0.05366666666666666,0.0,0.022000000000000002,1.0453333333333332,1.0673333333333335,,27.536333333333335
2018-09-01 19:45:00,0.06486666666666667,0.0,0.23466666666666666,1.0606666666666666,1.2953333333333332,,27.470666666666666
2018-09-01 20:00:00,0.059333333333333335,0.0,0.14,1.042,1.182,,27.441166666666668
2018-09-01 20:15:00,0.06453333333333333,0.0,0.13333333333333333,1.154,1.2873333333333332,,27.427666666666664
2018-09-01 20:30:00,0.057666666666666665,0.0,0.022000000000000002,1.128,1.15,,27.3865
2018-09-01 20:45:00,0.05773333333333333,0.0,0.034666666666666665,1.1173333333333333,1.152,,27.421000000000003
2018-09-01 21:00:00,0.06433333333333334,0.0,0.16933333333333334,1.1106666666666665,1.28,,27.437555555555555
2018-09-01 21:15:00,0.0578,0.0,0.020666666666666667,1.1313333333333333,1.152,,27.417444444444445
2018-09-01 21:30:00,0.05433333333333333,0.0,0.022000000000000002,1.0606666666666666,1.0826666666666669,,27.391333333333332
2018-09-01 21:45:00,0.05206666666666667,0.0,0.022000000000000002,1.014,1.036,,27.390333333333334
2018-09-01 22:00:00,0.0544,0.0,0.16266666666666665,0.9213333333333333,1.084,,27.396
2018-09-01 22:15:00,0.05346666666666667,0.0,0.034666666666666665,1.03,1.0646666666666667,,27.438444444444443
2018-09-01 22:30:00,0.05146666666666667,0.0,0.02266666666666667,1.0006666666666666,1.0233333333333332,,27.459777777777777
2018-09-01 22:45:00,0.055,0.0,0.024,1.07,1.094,,27.407222222222224
2018-09-01 23:00:00,0.0502,0.0,0.022000000000000002,0.9766666666666667,0.9986666666666667,,27.389111111111113
2018-09-01 23:15:00,0.056799999999999996,0.0,0.17933333333333332,0.9520000000000001,1.1313333333333333,,27.384666666666664
2018-09-01 23:30:00,0.05553333333333333,0.0,0.022000000000000002,1.0833333333333333,1.1053333333333333,,27.33688888888889
2018-09-01 23:45:00,0.05993333333333333,0.0,0.024666666666666667,1.1713333333333333,1.196,,27.33822222222222
2018-09-02 00:00:00,0.05706666666666667,0.0,0.048666666666666664,1.0873333333333333,1.136,,27.39466666666667
2018-09-02 00:15:00,0.05973333333333333,0.0,0.132,1.0566666666666669,1.1886666666666668,,27.735500000000002
2018-09-02 00:30:00,0.06393333333333334,0.0,0.2926666666666667,0.9806666666666667,1.2733333333333334,,27.533166666666666
2018-09-02 00:45:00,0.05573333333333333,0.0,0.05600000000000001,1.0533333333333332,1.1093333333333333,,27.477666666666668
2018-09-02 01:00:00,0.04973333333333333,0.0,0.02,0.9686666666666668,0.9886666666666667,,27.44727777777778
2018-09-02 01:15:00,0.05386666666666666,0.0,0.02333333333333333,1.0486666666666666,1.072,,27.4335
2018-09-02 01:30:00,0.0486,0.0,0.066,0.9,0.966,,27.44805555555556
2018-09-02 01:45:00,0.056666666666666664,0.0,0.13933333333333334,0.99,1.1293333333333335,,27.41916666666667
2018-09-02 02:00:00,0.0512,0.0,0.02266666666666667,0.9966666666666666,1.0193333333333334,,27.4125
2018-09-02 02:15:00,0.05453333333333333,0.0,0.022000000000000002,1.0633333333333332,1.0853333333333335,,27.459333333333337
2018-09-02 02:30:00,0.05093333333333334,0.0,0.022000000000000002,0.9920000000000001,1.014,,27.5075
2018-09-02 02:45:00,0.059666666666666666,0.0,0.14266666666666666,1.0473333333333334,1.1900000000000002,,27.409833333333335
2018-09-02 03:00:00,0.057666666666666665,0.0,0.06266666666666668,1.0873333333333333,1.15,,27.411166666666666
2018-09-02 03:15:00,0.0582,0.0,0.022000000000000002,1.1373333333333333,1.1593333333333333,,27.433722222222222
2018-09-02 03:30:00,0.0554,0.0,0.02266666666666667,1.0806666666666667,1.1033333333333333,,27.41127777777778
2018-09-02 03:45:00,0.0512,0.0,0.02266666666666667,0.9953333333333333,1.018,,27.483999999999998
2018-09-02 04:00:00,0.056,0.0,0.18400000000000002,0.9299999999999999,1.114,,27.568833333333334
2018-09-02 04:15:00,0.054266666666666664,0.0,0.028666666666666667,1.0506666666666666,1.0793333333333333,,27.608833333333333
2018-09-02 04:30:00,0.0588,0.0,0.13466666666666666,1.036,1.1706666666666665,,27.50766666666667
2018-09-02 04:45:00,0.0574,0.0,0.14133333333333334,1.002,1.1433333333333333,,27.434666666666665
2018-09-02 05:00:00,0.04926666666666667,0.0,0.08000000000000002,0.9006666666666666,0.9806666666666667,,27.53238888888889
2018-09-02 05:15:00,0.060200000000000004,0.0,0.17600000000000002,1.024,1.2,,27.527833333333334
2018-09-02 05:30:00,0.05126666666666667,0.0,0.022000000000000002,0.9973333333333333,1.0193333333333332,,27.537333333333333
2018-09-02 05:45:00,0.19566666666666668,0.0,2.798,1.1013333333333333,3.899333333333333,,27.605444444444448
2018-09-02 06:00:00,0.1986,0.0,2.938,1.0173333333333334,3.9553333333333334,,27.608999999999998
2018-09-02 06:15:00,0.20753333333333332,0.0,3.079333333333333,1.056,4.1353333333333335,,27.389333333333333
2018-09-02 06:30:00,0.07926666666666667,0.0,0.47866666666666663,1.1006666666666665,1.5793333333333333,,27.36711111111111
2018-09-02 06:45:00,0.0588,0.0,0.021333333333333333,1.1520000000000001,1.1733333333333333,,27.226666666666667
2018-09-02 07:00:00,0.05093333333333334,0.0,0.02266666666666667,0.9913333333333333,1.014,,27.307333333333336
2018-09-02 07:15:00,0.048799999999999996,0.0,0.02333333333333333,0.9466666666666668,0.9700000000000001,,27.41577777777778
2018-09-02 07:30:00,0.0512,0.0,0.052000000000000005,0.9666666666666667,1.0186666666666668,,27.799722222222222
2018-09-02 07:45:00,0.059866666666666665,0.0,0.156,1.0366666666666666,1.1926666666666668,,27.854944444444445
2018-09-02 08:00:00,0.05159999999999999,0.0,0.021333333333333333,1.0046666666666666,1.026,,27.783
2018-09-02 08:15:00,0.0492,0.0,0.022000000000000002,0.9573333333333333,0.9793333333333334,,27.818166666666666
2018-09-02 08:30:00,0.046799999999999994,0.0,0.024,0.9073333333333333,0.9313333333333333,,27.93272222222222
2018-09-02 08:45:00,0.05553333333333333,0.0,0.08000000000000002,1.026,1.106,,27.947
2018-09-02 09:00:00,0.0706,0.0,0.29133333333333333,1.1166666666666667,1.408,,28.120833333333334
2018-09-02 09:15:00,0.06526666666666667,0.0,0.14533333333333334,1.1553333333333333,1.3006666666666666,,28.04033333333333
2018-09-02 09:30:00,0.1032,0.0,0.8726666666666668,1.1873333333333336,2.06,,28.063777777777776
2018-09-02 09:45:00,0.12386666666666667,0.0,1.2600000000000002,1.2113333333333332,2.4713333333333334,,28.24683333333333
2018-09-02 10:00:00,0.13526666666666667,0.0,1.4946666666666668,1.2053333333333331,2.7,,28.143277777777776
2018-09-02 10:15:00,0.11966666666666666,0.0,1.2413333333333334,1.1473333333333333,2.3886666666666665,,28.361666666666668
2018-09-02 10:30:00,0.1168,0.0,1.25,1.0773333333333333,2.3273333333333337,,28.41872222222222
2018-09-02 10:45:00,0.11726666666666667,0.0,1.2453333333333334,1.0933333333333333,2.3386666666666667,,28.35011111111111
2018-09-02 11:00:00,0.11686666666666667,0.0,1.24,1.0933333333333333,2.3333333333333335,,28.305333333333333
2018-09-02 11:15:00,0.1242,0.0,1.3953333333333335,1.0846666666666667,2.48,,28.313333333333336
2018-09-02 11:30:00,0.11333333333333333,0.0,1.2240000000000002,1.04,2.2640000000000002,,28.319666666666667
2018-09-02 11:45:00,0.1096,0.0,1.244,0.9426666666666667,2.1866666666666665,,28.362444444444446
2018-09-02 12:00:00,0.1164,0.0,1.2466666666666668,1.0766666666666667,2.3233333333333333,,28.400333333333332
2018-09-02 12:15:00,0.12053333333333334,0.0,1.2666666666666666,1.1393333333333333,2.406,,28.457333333333334
2018-09-02 12:30:00,0.2511333333333333,0.0,3.7813333333333334,1.222,5.003333333333333,,28.517222222222223
2018-09-02 12:45:00,0.35246666666666665,0.0,5.788666666666667,1.2353333333333334,7.024,,28.596722222222223
2018-09-02 13:00:00,0.3466666666666666,0.0,5.811333333333333,1.0973333333333335,6.908666666666666,,28.642
2018-09-02 13:15:00,0.3522666666666667,0.0,5.8726666666666665,1.1473333333333333,7.02,,28.666333333333334
2018-09-02 13:30:00,0.2394,0.0,3.3706666666666667,1.3993333333333333,4.77,,28.71027777777778
2018-09-02 13:45:00,0.14853333333333332,0.0,1.8946666666666667,1.06,2.954666666666667,,28.759999999999998
2018-09-02 14:00:00,0.14753333333333335,0.0,1.854666666666667,1.082,2.936666666666667,,28.958000000000002
2018-09-02 14:15:00,0.1431333333333333,0.0,1.880666666666667,0.9733333333333334,2.854,,28.926833333333335
2018-09-02 14:30:00,0.13773333333333332,0.0,1.6746666666666667,1.0733333333333335,2.7479999999999998,,28.909666666666666
2018-09-02 14:45:00,0.13413333333333333,0.0,1.6333333333333333,1.042,2.6753333333333336,,28.809666666666665
2018-09-02 15:00:00,0.12386666666666667,0.0,1.3186666666666667,1.1533333333333333,2.4720000000000004,,28.91611111111111
2018-09-02 15:15:00,0.11986666666666666,0.0,1.3393333333333335,1.054,2.3933333333333335,,28.822499999999998
2018-09-02 15:30:00,0.11893333333333334,0.0,1.346,1.028,2.374,,28.78377777777778
2018-09-02 15:45:00,0.07626666666666666,0.0,0.47466666666666674,1.046,1.5206666666666668,,28.850833333333334
2018-09-02 16:00:00,0.0606,0.0,0.046000000000000006,1.1606666666666667,1.2066666666666666,,28.933333333333334
2018-09-02 16:15:00,0.054533333333333336,0.0,0.02333333333333333,1.0626666666666664,1.0859999999999999,,29.117833333333333
2018-09-02 16:30:00,0.0564,0.0,0.024,1.1006666666666665,1.1246666666666665,,29.01688888888889
2018-09-02 16:45:00,0.05493333333333333,0.0,0.022000000000000002,1.071333333333333,1.0933333333333333,,28.9965
2018-09-02 17:00:00,0.060866666666666666,0.0,0.18266666666666667,1.03,1.2126666666666668,,29.05311111111111
2018-09-02 17:15:00,0.046599999999999996,0.0,0.021333333333333333,0.9066666666666666,0.928,,28.911333333333335
2018-09-02 17:30:00,0.05173333333333333,0.0,0.022000000000000002,1.0086666666666666,1.0306666666666666,,28.835166666666666
2018-09-02 17:45:00,0.05346666666666666,0.0,0.024666666666666667,1.0426666666666666,1.0673333333333335,,28.78783333333333
2018-09-02 18:00:00,0.06146666666666667,0.0,0.18333333333333332,1.04,1.2233333333333332,,28.75722222222222
2018-09-02 18:15:00,0.050666666666666665,0.0,0.042,0.966,1.008,,28.686944444444446
2018-09-02 18:30:00,0.05413333333333333,0.0,0.134,0.9420000000000001,1.076,,28.653666666666666
2018-09-02 18:45:00,0.0556,0.0,0.14133333333333334,0.9646666666666667,1.106,,28.766666666666666
2018-09-02 19:00:00,0.05873333333333333,0.0,0.060000000000000005,1.1126666666666665,1.1726666666666667,,28.6805
2018-09-02 19:15:00,0.06453333333333333,0.0,0.18333333333333332,1.1026666666666667,1.286,,28.6175
2018-09-02 19:30:00,0.057,0.0,0.02266666666666667,1.1146666666666667,1.1373333333333335,,28.58
2018-09-02 19:45:00,0.05306666666666667,0.0,0.024666666666666667,1.0326666666666666,1.0573333333333335,,28.483333333333334
2018-09-02 20:00:00,0.0524,0.0,0.02266666666666667,1.0186666666666666,1.0413333333333334,,28.523277777777775
2018-09-02 20:15:00,0.05893333333333333,0.0,0.026000000000000002,1.1486666666666665,1.1746666666666665,,28.467722222222225
2018-09-02 20:30:00,0.0606,0.0,0.186,1.0193333333333332,1.2053333333333331,,28.492166666666666
2018-09-02 20:45:00,0.05226666666666667,0.0,0.02266666666666667,1.0186666666666666,1.0413333333333334,,28.4755
2018-09-02 21:00:00,0.04753333333333333,0.0,0.021333333333333333,0.926,0.9473333333333334,,28.454333333333334
2018-09-02 21:15:00,0.048933333333333336,0.0,0.02333333333333333,0.9513333333333333,0.9746666666666667,,28.433666666666667
2018-09-02 21:30:00,0.05806666666666667,0.0,0.15266666666666667,1.0046666666666666,1.1573333333333333,,28.35683333333333
2018-09-02 21:45:00,0.0556,0.0,0.051333333333333335,1.0546666666666666,1.106,,28.41922222222222
2018-09-02 22:00:00,0.051333333333333335,0.0,0.022000000000000002,0.9973333333333334,1.0193333333333334,,28.407333333333334
2018-09-02 22:15:00,0.0556,0.0,0.022000000000000002,1.0859999999999999,1.108,,28.396833333333337
2018-09-02 22:30:00,0.057,0.0,0.024,1.1106666666666667,1.1346666666666667,,28.391666666666666
2018-09-02 22:45:00,0.06960000000000001,0.0,0.2533333333333333,1.1333333333333333,1.3866666666666667,,28.45922222222222
2018-09-02 23:00:00,0.06166666666666667,0.0,0.13733333333333334,1.0906666666666667,1.228,,28.402888888888885
2018-09-02 23:15:00,0.06273333333333334,0.0,0.12066666666666669,1.13,1.2506666666666666,,28.39
2018-09-02 23:30:00,0.05453333333333333,0.0,0.02266666666666667,1.0653333333333332,1.088,,28.322611111111108
2018-09-02 23:45:00,0.06066666666666667,0.0,0.17466666666666666,1.0366666666666666,1.2113333333333334,,28.3905
2018-09-03 00:00:00,0.0508,0.0,0.02266666666666667,0.9893333333333333,1.012,,28.3845
2018-09-03 00:15:00,0.05093333333333334,0.0,0.021333333333333333,0.9926666666666667,1.014,,28.38066666666667
2018-09-03 00:30:00,0.0462,0.0,0.022000000000000002,0.896,0.918,,28.381000000000004
2018-09-03 00:45:00,0.0526,0.0,0.020666666666666667,1.0266666666666666,1.0473333333333332,,28.380499999999998
2018-09-03 01:00:00,0.0592,0.0,0.17600000000000002,1.004,1.18,,28.394333333333336
2018-09-03 01:15:00,0.05426666666666667,0.0,0.020666666666666667,1.0606666666666666,1.0813333333333333,,28.458000000000002
2018-09-03 01:30:00,0.05246666666666667,0.0,0.024,1.02,1.044,,28.39177777777778
2018-09-03 01:45:00,0.054266666666666664,0.0,0.02333333333333333,1.0573333333333335,1.0806666666666667,,28.369833333333336
2018-09-03 02:00:00,0.05413333333333333,0.0,0.020666666666666667,1.0553333333333332,1.076,,28.372777777777777
2018-09-03 02:15:00,0.0662,0.0,0.17866666666666667,1.1386666666666665,1.3173333333333332,,28.37816666666667
2018-09-03 02:30:00,0.055466666666666664,0.0,0.022000000000000002,1.0813333333333333,1.103333333333333,,28.384555555555554
2018-09-03 02:45:00,0.05513333333333333,0.0,0.021333333333333333,1.076,1.0973333333333335,,28.341166666666666
2018-09-03 03:00:00,0.04786666666666666,0.0,0.062000000000000006,0.8886666666666667,0.9506666666666667,,28.334833333333332
2018-09-03 03:15:00,0.05893333333333333,0.0,0.14400000000000002,1.0293333333333332,1.1733333333333333,,28.359833333333334
2018-09-03 03:30:00,0.0646,0.0,0.29333333333333333,0.9953333333333333,1.2886666666666668,,28.3635
2018-09-03 03:45:00,0.05413333333333334,0.0,0.04666666666666667,1.0319999999999998,1.0786666666666667,,28.455333333333332
2018-09-03 04:00:00,0.0496,0.0,0.022000000000000002,0.966,0.988,,28.48938888888889
2018-09-03 04:15:00,0.0496,0.0,0.025333333333333333,0.9613333333333334,0.9866666666666667,,28.523666666666664
2018-09-03 04:30:00,0.0572,0.0,0.17333333333333334,0.966,1.1393333333333333,,28.446833333333338
2018-09-03 04:45:00,0.057666666666666665,0.0,0.03133333333333334,1.115333333333333,1.1466666666666667,,28.609833333333334
2018-09-03 05:00:00,0.0562,0.0,0.032,1.0873333333333333,1.1193333333333333,,28.51
2018-09-03 05:15:00,0.0566,0.0,0.022000000000000002,1.1053333333333333,1.1273333333333333,,28.459166666666665
2018-09-03 05:30:00,0.060000000000000005,0.0,0.21333333333333335,0.9826666666666667,1.1960000000000002,,28.433888888888887
2018-09-03 05:45:00,0.0886,0.0,0.7040000000000001,1.066,1.77,,28.468555555555557
2018-09-03 06:00:00,0.08346666666666666,0.0,0.622,1.0406666666666666,1.6626666666666665,,28.484944444444448
2018-09-03 06:15:00,0.3522,0.0,5.098,1.9180000000000001,7.016000000000001,,28.512777777777778
2018-09-03 06:30:00,0.6096,0.15866666666666665,8.902666666666667,3.2426666666666666,12.304,,28.515333333333334
2018-09-03 06:45:00,0.5778,0.8706666666666667,9.259333333333334,2.253333333333333,12.383333333333333,,28.5175
2018-09-03 07:00:00,0.6194666666666666,0.8853333333333333,9.702666666666666,2.643333333333333,13.231333333333334,,28.447166666666664
2018-09-03 07:15:00,0.6004,0.8826666666666667,9.681999999999999,2.2800000000000002,12.844666666666665,,28.6925
2018-09-03 07:30:00,0.6315333333333334,1.0893333333333333,10.108666666666666,2.4766666666666666,13.674666666666667,,28.823833333333333
2018-09-03 07:45:00,0.7231333333333333,76.39533333333334,11.312000000000001,3.0993333333333335,90.80666666666666,,28.201166666666666
2018-09-03 08:00:00,0.8237333333333333,102.04333333333334,12.387333333333334,4.032666666666667,118.46333333333334,,25.48616666666667
2018-09-03 08:15:00,0.8707999999999999,90.47066666666666,12.395333333333333,4.958,107.82400000000001,,23.584055555555555
2018-09-03 08:30:00,0.895,84.46533333333333,12.669333333333332,5.17,102.30466666666666,,23.048333333333336
2018-09-03 08:45:00,0.8922000000000001,61.00666666666667,12.314,5.467333333333333,78.788,,23.011833333333335
2018-09-03 09:00:00,0.8851333333333334,69.288,12.66,4.978,86.926,,23.343833333333336
2018-09-03 09:15:00,0.9188,72.01133333333334,13.144,5.1659999999999995,90.32133333333333,,23.325944444444442
2018-09-03 09:30:00,0.9096,68.94333333333334,12.872666666666667,5.254666666666667,87.07066666666667,,23.285666666666668
2018-09-03 09:45:00,0.8927999999999999,69.66466666666666,13.210666666666667,5.447333333333333,88.32266666666666,,23.14461111111111
2018-09-03 10:00:00,0.8986000000000001,60.26533333333334,13.026,4.883333333333334,78.17466666666665,,23.365166666666667
2018-09-03 10:15:00,0.9006666666666666,72.04133333333333,13.033333333333333,4.917333333333334,89.99199999999999,,23.324
2018-09-03 10:30:00,0.9354,62.54333333333334,12.985333333333333,5.658666666666666,81.18733333333333,,23.100166666666667
2018-09-03 10:45:00,0.9641333333333333,71.04333333333334,13.506,5.711333333333333,90.26066666666667,,23.332833333333333
2018-09-03 11:00:00,0.9506,64.676,13.544666666666666,5.404,83.62466666666666,,23.275166666666667
2018-09-03 11:15:00,0.9402,66.112,13.197333333333335,5.54,84.84933333333333,,23.297166666666666
2018-09-03 11:30:00,0.9502666666666666,60.974666666666664,13.340666666666667,5.6,79.91533333333334,,23.268666666666668
2018-09-03 11:45:00,0.9259999999999999,5.9913333333333325,13.868,5.6433333333333335,25.502666666666666,,24.0745
2018-09-03 12:00:00,0.9023333333333333,1.9586666666666666,12.852666666666666,5.129333333333333,19.94066666666667,,25.898777777777777
2018-09-03 12:15:00,0.8452,1.0313333333333334,11.994666666666667,4.852666666666666,17.878666666666668,,27.040555555555557
2018-09-03 12:30:00,0.8312666666666666,0.0,11.848,4.721333333333334,16.569333333333333,,27.628666666666668
2018-09-03 12:45:00,0.825,0.05666666666666667,11.671999999999999,4.7733333333333325,16.502,,27.926666666666666
2018-09-03 13:00:00,0.857,80.69266666666667,12.162666666666667,4.918666666666667,97.77400000000002,,27.105666666666664
2018-09-03 13:15:00,0.8949333333333332,96.41133333333333,12.654666666666666,5.178666666666667,114.24466666666667,,24.493499999999997
2018-09-03 13:30:00,0.8886666666666667,67.54666666666667,13.382,5.284000000000001,86.21266666666666,,23.311777777777777
2018-09-03 13:45:00,0.9468666666666666,66.61066666666666,13.373333333333333,5.5,85.484,,23.28964285714286
2018-09-03 14:00:00,0.9431333333333334,70.21933333333332,13.050666666666666,5.7459999999999996,89.016,,23.34111111111111
2018-09-03 14:15:00,0.9418666666666666,68.488,13.195333333333332,5.575333333333333,87.25866666666667,,23.23166666666667
2018-09-03 14:30:00,0.9621333333333334,65.51066666666667,13.550666666666666,5.624666666666667,84.68599999999999,,23.262
2018-09-03 14:45:00,0.9395333333333333,59.86133333333333,13.098,5.6273333333333335,78.58666666666666,,23.42088888888889
2018-09-03 15:00:00,0.9538666666666666,62.076,13.162666666666667,5.8806666666666665,81.11933333333333,,23.46177777777778
2018-09-03 15:15:00,0.9512666666666666,65.89933333333333,13.172666666666666,5.800666666666667,84.87266666666666,,23.54511111111111
2018-09-03 15:30:00,0.9556,57.391333333333336,13.345333333333334,5.702666666666667,76.43933333333332,,23.165555555555557
2018-09-03 15:45:00,0.9785333333333333,61.068,13.730666666666668,6.002666666666667,80.80133333333333,,23.538333333333334
2018-09-03 16:00:00,0.9461999999999999,66.82199999999999,13.214,5.645333333333332,85.68133333333334,,23.220222222222223
2018-09-03 16:15:00,0.9304666666666667,62.992666666666665,13.103333333333333,5.439333333333334,81.53533333333333,,23.086722222222225
2018-09-03 16:30:00,0.9282666666666667,3.9080000000000004,13.022,5.476,22.406,,23.819833333333335
2018-09-03 16:45:00,0.9175333333333333,0.0,13.725333333333333,5.724666666666667,19.45,,25.61877777777778
2018-09-03 17:00:00,0.8584666666666667,0.0,12.719999999999999,4.389333333333334,17.109333333333332,,26.62316666666667
2018-09-03 17:15:00,0.7679333333333334,0.0,11.666666666666666,3.6366666666666663,15.303333333333335,,27.12383333333333
2018-09-03 17:30:00,0.7221333333333334,0.0,11.229333333333333,3.1613333333333333,14.390666666666668,,27.244666666666667
2018-09-03 17:45:00,0.7439333333333333,0.0,11.502666666666668,3.3213333333333335,14.824000000000002,,27.625
2018-09-03 18:00:00,0.7332666666666667,0.0,11.323333333333332,3.288,14.611333333333334,,27.546166666666668
2018-09-03 18:15:00,0.7168666666666667,0.0,11.089333333333334,3.195333333333333,14.284666666666668,,27.692166666666665
2018-09-03 18:30:00,0.7272666666666666,0.0,11.222000000000001,3.268666666666667,14.490666666666666,,27.68961111111111
2018-09-03 18:45:00,0.6263333333333333,0.0,10.172,2.312,12.484000000000002,,27.787666666666667
2018-09-03 19:00:00,0.5184666666666666,0.0006666666666666666,8.186,2.1466666666666665,10.333333333333334,,27.825666666666667
2018-09-03 19:15:00,0.4746666666666667,0.0,7.336666666666667,2.1206666666666667,9.457333333333333,,27.8405
2018-09-03 19:30:00,0.44853333333333334,0.0,6.862666666666667,2.074666666666667,8.937333333333333,,27.823722222222223
2018-09-03 19:45:00,0.4324,0.0,6.612666666666667,2.0020000000000002,8.614666666666666,,27.815055555555556
2018-09-03 20:00:00,0.4174,0.0,6.484,1.834,8.318000000000001,,27.794333333333334
2018-09-03 20:15:00,0.40733333333333327,0.0,6.4159999999999995,1.7086666666666668,8.124666666666666,,27.907611111111112
2018-09-03 20:30:00,0.2875333333333333,0.0,3.988,1.7426666666666668,5.730666666666666,,27.889833333333332
2018-09-03 20:45:00,0.20513333333333333,0.0,2.4066666666666663,1.6806666666666668,4.087333333333333,,27.766166666666667
2018-09-03 21:00:00,0.21106666666666665,0.0,2.508,1.6960000000000002,4.204,,27.78922222222222
2018-09-03 21:15:00,0.1244,0.0,1.3833333333333333,1.0953333333333333,2.478666666666667,,27.590500000000002
2018-09-03 21:30:00,0.0646,0.0,0.16933333333333334,1.1193333333333333,1.2886666666666666,,27.56433333333333
2018-09-03 21:45:00,0.061066666666666665,0.0,0.14866666666666667,1.0666666666666667,1.2153333333333334,,27.554666666666666
2018-09-03 22:00:00,0.07066666666666667,0.0,0.302,1.1053333333333333,1.4073333333333333,,27.61411111111111
2018-09-03 22:15:00,0.06319999999999999,0.0,0.136,1.122,1.258,,27.505666666666666
2018-09-03 22:30:00,0.055799999999999995,0.0,0.02333333333333333,1.0866666666666667,1.11,,27.490000000000002
2018-09-03 22:45:00,0.05533333333333333,0.0,0.021333333333333333,1.0813333333333335,1.102666666666667,,27.53027777777778
2018-09-03 23:00:00,0.06513333333333333,0.0,0.18533333333333335,1.1133333333333333,1.2986666666666666,,27.473666666666666
2018-09-03 23:15:00,0.055799999999999995,0.0,0.02266666666666667,1.0866666666666667,1.1093333333333333,,27.470222222222223
2018-09-03 23:30:00,0.0582,0.0,0.022000000000000002,1.136,1.1580000000000001,,27.543000000000003
2018-09-03 23:45:00,0.059666666666666666,0.0,0.02266666666666667,1.1666666666666667,1.1893333333333334,,27.647
2018-09-04 00:00:00,0.0574,0.0,0.028666666666666667,1.114666666666667,1.1433333333333335,,27.730055555555555
2018-09-04 00:15:00,0.06546666666666666,0.0,0.22733333333333333,1.0786666666666667,1.306,,27.586333333333336
2018-09-04 00:30:00,0.06686666666666667,0.0,0.1406666666666667,1.19,1.3306666666666667,,27.578666666666667
2018-09-04 00:45:00,0.06146666666666666,0.0,0.14200000000000002,1.0833333333333333,1.2253333333333332,,27.494555555555557
2018-09-04 01:00:00,0.05633333333333333,0.0,0.04533333333333334,1.0753333333333333,1.120666666666667,,27.526166666666665
2018-09-04 01:15:00,0.057,0.0,0.17600000000000002,0.9586666666666666,1.1346666666666667,,27.568666666666665
2018-09-04 01:30:00,0.05706666666666667,0.0,0.022000000000000002,1.1153333333333333,1.1373333333333333,,27.517333333333333
2018-09-04 01:45:00,0.0542,0.0,0.024,1.058,1.082,,27.533833333333334
2018-09-04 02:00:00,0.05393333333333334,0.0,0.022000000000000002,1.0513333333333332,1.0733333333333335,,27.517333333333333
2018-09-04 02:15:00,0.049466666666666666,0.0,0.02266666666666667,0.9599999999999999,0.9826666666666667,,27.51272222222222
2018-09-04 02:30:00,0.06273333333333334,0.0,0.18266666666666667,1.0673333333333332,1.25,,27.531333333333333
2018-09-04 02:45:00,0.0586,0.0,0.02333333333333333,1.1433333333333333,1.1666666666666667,,27.502166666666668
2018-09-04 03:00:00,0.061066666666666665,0.0,0.02266666666666667,1.1933333333333331,1.216,,27.53033333333333
2018-09-04 03:15:00,0.0634,0.0,0.212,1.0493333333333335,1.2613333333333334,,27.541166666666665
2018-09-04 03:30:00,0.063,0.0,0.136,1.122,1.258,,27.63266666666667
2018-09-04 03:45:00,0.07206666666666667,0.0,0.294,1.1433333333333333,1.4373333333333334,,27.545
2018-09-04 04:00:00,0.05846666666666667,0.0,0.062000000000000006,1.1006666666666665,1.1626666666666665,,27.5665
2018-09-04 04:15:00,0.050133333333333335,0.0,0.021333333333333333,0.9746666666666666,0.996,,27.54561111111111
2018-09-04 04:30:00,0.052000000000000005,0.0,0.02333333333333333,1.0126666666666666,1.036,,27.568055555555553
2018-09-04 04:45:00,0.0556,0.0,0.04466666666666666,1.0646666666666667,1.1093333333333333,,27.81844444444444
2018-09-04 05:00:00,0.0636,0.0,0.15266666666666667,1.114,1.2666666666666666,,27.68238888888889
2018-09-04 05:15:00,0.05293333333333334,0.0,0.06266666666666666,0.99,1.0526666666666666,,27.638444444444442
2018-09-04 05:30:00,0.0718,0.0,0.42600000000000005,1.0066666666666666,1.4326666666666665,,27.590555555555557
2018-09-04 05:45:00,0.08473333333333333,0.0,0.6146666666666667,1.0766666666666669,1.6913333333333334,,27.567
2018-09-04 06:00:00,0.14453333333333335,0.0,1.6813333333333333,1.1993333333333331,2.880666666666667,,27.528999999999996
2018-09-04 06:15:00,0.3854666666666667,0.0,5.545333333333333,2.14,7.6853333333333325,,27.53322222222222
2018-09-04 06:30:00,0.5600666666666666,0.0,8.423333333333332,2.739333333333333,11.162666666666665,,27.553222222222225
2018-09-04 06:45:00,0.5483333333333335,0.0,8.592,2.3386666666666667,10.930666666666667,,27.629
2018-09-04 07:00:00,0.6042000000000001,0.0,9.716666666666667,2.3246666666666664,12.041333333333334,,27.793166666666664
2018-09-04 07:15:00,0.673,0.0,10.302,3.1126666666666667,13.414666666666667,,27.845944444444445
2018-09-04 07:30:00,0.6786666666666666,0.08000000000000002,10.781333333333333,2.747333333333333,13.608666666666666,,27.964499999999997
2018-09-04 07:45:00,0.6844,72.38133333333333,10.659999999999998,2.982666666666667,86.02399999999999,,27.369666666666667
2018-09-04 08:00:00,0.7256666666666667,89.25666666666666,11.130666666666666,3.3273333333333333,103.71466666666667,,24.693833333333334
2018-09-04 08:15:00,0.8283333333333334,59.2,12.393333333333334,4.118666666666666,75.712,,23.281333333333336
2018-09-04 08:30:00,0.8928666666666667,62.67266666666667,12.747333333333334,5.044,80.464,,23.41283333333333
2018-09-04 08:45:00,0.8779333333333333,61.465333333333334,12.526,4.969333333333334,78.96066666666667,,23.504166666666666
2018-09-04 09:00:00,0.9079333333333334,54.696,12.897333333333334,5.196666666666667,72.78999999999999,,23.450499999999998
2018-09-04 09:15:00,0.9178666666666667,58.054,12.908666666666667,5.385999999999999,76.34866666666667,,23.65588888888889
2018-09-04 09:30:00,0.9405333333333333,58.18066666666667,13.132666666666667,5.613333333333333,76.92666666666668,,23.464666666666666
2018-09-04 09:45:00,0.9651333333333334,58.074,13.41,5.828,77.312,,23.323833333333333
2018-09-04 10:00:00,0.9636666666666667,60.821333333333335,13.450666666666669,5.757333333333333,80.02933333333334,,23.273444444444447
2018-09-04 10:15:00,0.9520666666666666,52.59866666666667,13.376000000000001,5.6,71.57466666666666,,23.18616666666667
2018-09-04 10:30:00,0.9581333333333333,58.17266666666667,13.284666666666668,5.876,77.33333333333333,,23.471
2018-09-04 10:45:00,0.9672666666666667,60.669333333333334,13.494666666666665,5.785333333333333,79.94933333333333,,23.260666666666665
2018-09-04 11:00:00,0.9389333333333333,59.602,13.725333333333333,6.031333333333333,79.35866666666668,,23.12938888888889
2018-09-04 11:15:00,0.9572666666666667,49.91266666666666,13.324,5.758,68.99466666666667,,23.217333333333332
2018-09-04 11:30:00,0.9346666666666666,46.432,14.040666666666668,5.904,66.37666666666668,,23.45583333333333
2018-09-04 11:45:00,0.9820666666666666,4.038,13.92,5.728,23.686,,24.348944444444445
2018-09-04 12:00:00,0.9244666666666668,0.0,12.854666666666667,5.578,18.432666666666666,,25.881666666666668
2018-09-04 12:15:00,0.8648,0.0,12.068666666666667,5.166666666666667,17.235333333333333,,26.7265
2018-09-04 12:30:00,0.8279333333333334,0.0,11.326666666666666,5.176666666666667,16.503333333333334,,27.242
2018-09-04 12:45:00,0.8158,0.0,12.110666666666669,5.110666666666666,17.221333333333334,,27.550833333333337
2018-09-04 13:00:00,0.8154,77.84333333333333,11.173333333333334,5.078666666666667,94.09533333333334,,26.899
2018-09-04 13:15:00,0.8522666666666666,74.48133333333334,11.756666666666666,5.693333333333333,91.93133333333334,,24.152944444444447
2018-09-04 13:30:00,0.9231333333333335,61.70399999999999,12.821333333333333,5.577333333333333,80.10266666666666,,23.415333333333333
2018-09-04 13:45:00,0.9380666666666666,54.93266666666667,13.008,5.782666666666667,73.72333333333333,,23.553333333333335
2018-09-04 14:00:00,0.9214666666666668,60.23133333333333,12.733333333333333,5.632000000000001,78.59666666666666,,23.69622222222222
2018-09-04 14:15:00,0.9232666666666667,63.22666666666667,12.780666666666665,5.620666666666667,81.628,,23.24511111111111
2018-09-04 14:30:00,0.925,62.10666666666667,12.838666666666665,5.596,80.54133333333333,,23.141555555555556
2018-09-04 14:45:00,0.9560666666666666,53.4,13.173333333333334,5.882666666666666,72.45599999999999,,23.250999999999998
2018-09-04 15:00:00,0.9230666666666667,53.736666666666665,12.733333333333333,5.6626666666666665,72.13266666666667,,23.281499999999998
2018-09-04 15:15:00,0.9339333333333334,46.11666666666667,12.855333333333332,5.760000000000001,64.732,,23.44816666666667
2018-09-04 15:30:00,0.9228666666666666,55.406666666666666,12.720666666666666,5.672,73.79933333333334,,23.632833333333334
2018-09-04 15:45:00,0.9583999999999999,44.00266666666666,13.072,6.027333333333333,63.102,,23.662
2018-09-04 16:00:00,0.9758,46.068666666666665,12.986666666666666,6.465999999999999,65.52133333333333,,23.782055555555555
2018-09-04 16:15:00,0.9495333333333332,57.336,13.219333333333333,5.706666666666666,76.262,,23.857833333333335
2018-09-04 16:30:00,0.969,3.983333333333333,13.355333333333334,5.964,23.302666666666667,,24.217
2018-09-04 16:45:00,0.9625333333333334,0.738,13.904,5.542666666666666,20.184666666666665,,25.6535
2018-09-04 17:00:00,0.9053333333333333,0.6453333333333333,13.224666666666668,4.819333333333334,18.68933333333333,,26.56066666666667
2018-09-04 17:15:00,0.8154,0.8186666666666667,12.298,3.9546666666666668,17.07133333333333,,26.9325
2018-09-04 17:30:00,0.7351333333333333,0.0,11.042,3.6079999999999997,14.65,,27.195222222222224
2018-09-04 17:45:00,0.6899333333333334,0.0,10.506666666666666,3.2460000000000004,13.752666666666668,,27.357666666666667
2018-09-04 18:00:00,0.6678,0.0,10.254666666666669,3.0573333333333332,13.312000000000001,,27.6535
2018-09-04 18:15:00,0.6559333333333334,0.0,10.132666666666667,2.941333333333333,13.074000000000002,,27.8585
2018-09-04 18:30:00,0.6230666666666667,0.0,9.580666666666666,2.8353333333333333,12.415999999999999,,27.84611111111111
2018-09-04 18:45:00,0.6376000000000001,0.0,9.873333333333333,2.8360000000000003,12.709333333333332,,27.76538888888889
2018-09-04 19:00:00,0.6288666666666667,0.0,9.648,2.8826666666666667,12.530666666666667,,27.6755
2018-09-04 19:15:00,0.5914666666666667,0.0,9.039333333333333,2.750666666666667,11.79,,27.621444444444442
2018-09-04 19:30:00,0.5663333333333332,0.0,8.855333333333334,2.436,11.291333333333334,,27.666166666666665
2018-09-04 19:45:00,0.5354,0.0,8.514000000000001,2.1606666666666667,10.674666666666667,,27.719444444444445
2018-09-04 20:00:00,0.5468666666666666,0.0,8.724,2.1766666666666667,10.900666666666668,,27.695555555555554
2018-09-04 20:15:00,0.3830666666666667,0.0,5.787333333333334,1.8446666666666665,7.632000000000001,,27.680555555555554
2018-09-04 20:30:00,0.30493333333333333,0.0,4.311333333333334,1.762,6.073333333333333,,27.68988888888889
2018-09-04 20:45:00,0.30533333333333335,0.0,4.332666666666666,1.7493333333333332,6.082,,27.529
2018-09-04 21:00:00,0.3176,0.0,4.5906666666666665,1.7353333333333334,6.326,,27.58
2018-09-04 21:15:00,0.1232,0.0,1.29,1.1666666666666667,2.4566666666666666,,27.412555555555556
2018-09-04 21:30:00,0.05673333333333333,0.0,0.021333333333333333,1.1073333333333333,1.1286666666666667,,27.357166666666668
2018-09-04 21:45:00,0.05946666666666667,0.0,0.021333333333333333,1.1646666666666667,1.1860000000000002,,27.315
2018-09-04 22:00:00,0.06566666666666666,0.0,0.04466666666666667,1.264,1.3086666666666666,,27.285
2018-09-04 22:15:00,0.07766666666666668,0.0,0.2833333333333333,1.2646666666666666,1.5479999999999998,,27.34388888888889
2018-09-04 22:30:00,0.068,0.0,0.14266666666666666,1.2113333333333334,1.354,,27.24138888888889
2018-09-04 22:45:00,0.06006666666666667,0.0,0.07600000000000001,1.122,1.1980000000000002,,27.226166666666664
2018-09-04 23:00:00,0.058866666666666664,0.0,0.021333333333333333,1.152,1.1733333333333331,,27.179
2018-09-04 23:15:00,0.0678,0.0,0.18066666666666667,1.1693333333333333,1.35,,27.19811111111111
2018-09-04 23:30:00,0.05926666666666667,0.0,0.021333333333333333,1.162,1.1833333333333333,,27.192166666666665
2018-09-04 23:45:00,0.05473333333333333,0.0,0.022000000000000002,1.066,1.088,,27.33088888888889
2018-09-05 00:00:00,0.05826666666666667,0.0,0.022000000000000002,1.1380000000000001,1.16,,27.370833333333334
2018-09-05 00:15:00,0.05946666666666667,0.0,0.022000000000000002,1.1633333333333333,1.1853333333333333,,27.41611111111111
2018-09-05 00:30:00,0.06946666666666666,0.0,0.17600000000000002,1.21,1.386,,27.336055555555554
2018-09-05 00:45:00,0.062000000000000006,0.0,0.021333333333333333,1.2133333333333334,1.2346666666666666,,27.338666666666665
2018-09-05 01:00:00,0.06693333333333333,0.0,0.058666666666666666,1.274,1.3326666666666669,,27.348
2018-09-05 01:15:00,0.07066666666666667,0.0,0.132,1.276,1.408,,27.332333333333334
2018-09-05 01:30:00,0.06960000000000001,0.0,0.14200000000000002,1.2446666666666666,1.3866666666666667,,27.293999999999997
2018-09-05 01:45:00,0.07733333333333332,0.0,0.21600000000000003,1.3233333333333335,1.5393333333333332,,27.304333333333332
2018-09-05 02:00:00,0.05973333333333333,0.0,0.02266666666666667,1.1673333333333331,1.1900000000000002,,27.304
2018-09-05 02:15:00,0.0556,0.0,0.022000000000000002,1.0866666666666667,1.108666666666667,,27.1795
2018-09-05 02:30:00,0.0556,0.0,0.02333333333333333,1.0859999999999999,1.1093333333333333,,27.1825
2018-09-05 02:45:00,0.0628,0.0,0.060000000000000005,1.1926666666666668,1.2526666666666666,,27.20861111111111
2018-09-05 03:00:00,0.0666,0.0,0.138,1.1873333333333334,1.3253333333333333,,27.235
2018-09-05 03:15:00,0.05693333333333333,0.0,0.021333333333333333,1.1126666666666667,1.1340000000000001,,27.277666666666665
2018-09-05 03:30:00,0.0532,0.0,0.02266666666666667,1.0366666666666666,1.0593333333333335,,27.164555555555555
2018-09-05 03:45:00,0.060733333333333334,0.0,0.02266666666666667,1.1873333333333334,1.21,,27.302777777777774
2018-09-05 04:00:00,0.0698,0.0,0.17600000000000002,1.2153333333333334,1.3913333333333333,,27.130555555555553
2018-09-05 04:15:00,0.0658,0.0,0.024666666666666667,1.2860000000000003,1.3106666666666666,,27.189833333333336
2018-09-05 04:30:00,0.0582,0.0,0.02266666666666667,1.1360000000000001,1.1586666666666667,,27.194277777777778
2018-09-05 04:45:00,0.06286666666666667,0.0,0.021333333333333333,1.23,1.2513333333333334,,27.181666666666665
2018-09-05 05:00:00,0.0708,0.0,0.18266666666666667,1.228,1.4106666666666667,,27.291833333333333
2018-09-05 05:15:00,0.0722,0.0,0.22733333333333333,1.2126666666666668,1.4400000000000002,,27.182833333333335
2018-09-05 05:30:00,0.07746666666666666,0.0,0.508,1.0373333333333334,1.5453333333333332,,27.201833333333333
2018-09-05 05:45:00,0.09213333333333334,0.0,0.728,1.11,1.838,,27.167166666666667
2018-09-05 06:00:00,0.09566666666666666,0.0,0.7553333333333333,1.1513333333333333,1.9066666666666667,,27.141833333333334
2018-09-05 06:15:00,0.4768,0.0,6.580666666666667,2.9246666666666665,9.505333333333333,,27.187
2018-09-05 06:30:00,0.5222666666666667,0.0,8.082666666666666,2.3286666666666664,10.411333333333333,,27.254833333333334
2018-09-05 06:45:00,0.5892666666666667,0.0,9.674666666666667,2.0693333333333332,11.744,,27.40116666666667
2018-09-05 07:00:00,0.6104666666666667,0.0,9.645333333333333,2.518666666666667,12.164,,27.43166666666667
2018-09-05 07:15:00,0.6456,0.0,10.094666666666665,2.7693333333333334,12.864,,27.541833333333333
2018-09-05 07:30:00,0.6861333333333334,0.14733333333333334,10.821333333333335,2.8526666666666665,13.821333333333333,,27.634777777777778
2018-09-05 07:45:00,0.7349333333333333,71.97333333333333,11.526,3.2293333333333334,86.72866666666667,,26.967888888888886
2018-09-05 08:00:00,0.7587333333333334,69.84333333333333,11.48,3.64,84.96333333333334,,24.341722222222224
2018-09-05 08:15:00,0.8558,55.18933333333334,12.214666666666666,4.84,72.244,,23.346833333333333
2018-09-05 08:30:00,0.8951333333333333,61.309333333333335,12.801333333333334,5.0360000000000005,79.14666666666668,,23.362666666666666
2018-09-05 08:45:00,0.9222666666666667,55.45333333333333,13.312666666666667,5.068,73.834,,23.248722222222224
2018-09-05 09:00:00,0.8936,45.306000000000004,13.755333333333333,5.230666666666667,64.292,,23.274333333333335
2018-09-05 09:15:00,0.9341333333333334,60.65866666666667,13.318666666666669,5.298,79.27533333333334,,23.673722222222224
2018-09-05 09:30:00,0.9129333333333334,57.721333333333334,13.600666666666667,5.576,76.898,,23.0355
2018-09-05 09:45:00,0.9626666666666667,45.739333333333335,13.377333333333333,5.8133333333333335,64.93,,23.212222222222223
2018-09-05 10:00:00,0.9833999999999999,42.26533333333334,13.4,6.297333333333333,61.96266666666667,,23.57222222222222
2018-09-05 10:15:00,0.9838666666666666,45.466,13.689333333333334,6.001333333333333,65.15666666666667,,23.779055555555555
2018-09-05 10:30:00,0.9927333333333334,53.86,14.058666666666669,6.199333333333334,74.118,,23.73483333333333
2018-09-05 10:45:00,0.9974000000000001,51.632,13.700666666666669,6.486666666666667,71.81933333333333,,23.707722222222223
2018-09-05 11:00:00,0.9662000000000001,52.251333333333335,13.058,6.244,71.55333333333333,,23.7565
2018-09-05 11:15:00,0.9365333333333333,47.37133333333333,12.796666666666665,5.868666666666667,66.03666666666666,,23.77333333333333
2018-09-05 11:30:00,0.9404666666666667,44.23800000000001,12.782000000000002,5.964,62.984,,23.875722222222223
2018-09-05 11:45:00,0.9371333333333334,4.022,13.248,6.057333333333333,23.327333333333335,,24.48166666666667
2018-09-05 12:00:00,0.9438666666666666,0.0,12.112666666666666,6.699333333333333,18.812,,25.859833333333334
2018-09-05 12:15:00,0.856,0.0,11.141333333333334,5.92,17.061333333333334,,26.731388888888887
2018-09-05 12:30:00,0.8118,0.0,11.442666666666668,5.667333333333334,17.110000000000003,,27.151666666666667
2018-09-05 12:45:00,0.8832666666666668,0.0,11.940000000000001,5.660666666666667,17.600666666666665,,27.495333333333335
2018-09-05 13:00:00,0.8779333333333333,74.08466666666666,11.774000000000001,5.720000000000001,91.57866666666668,,26.879
2018-09-05 13:15:00,0.9659333333333333,72.49133333333333,13.070666666666666,6.212000000000001,91.77399999999999,,24.27588888888889
2018-09-05 13:30:00,0.9916,59.87466666666667,13.675999999999998,6.470666666666667,80.02133333333333,,23.51033333333333
2018-09-05 13:45:00,0.9704666666666667,63.89333333333333,14.274,6.729333333333333,84.89666666666668,,23.596722222222223
2018-09-05 14:00:00,0.9863999999999999,52.42266666666667,13.650666666666666,6.048666666666667,72.122,,23.511000000000003
2018-09-05 14:15:00,0.9897333333333334,58.449333333333335,13.985999999999999,6.174666666666667,78.61,,23.407777777777778
2018-09-05 14:30:00,0.9982000000000001,63.08,14.035333333333334,6.252666666666667,83.368,,23.230166666666666
2018-09-05 14:45:00,0.9979333333333333,60.68066666666667,14.057333333333332,6.347333333333333,81.08533333333334,,23.067
2018-09-05 15:00:00,0.9930666666666668,54.268,13.722000000000001,6.185333333333333,74.17533333333334,,23.146666666666665
2018-09-05 15:15:00,0.9957999999999999,57.026666666666664,13.612666666666666,6.264666666666667,76.904,,23.28988888888889
2018-09-05 15:30:00,0.9980666666666667,50.556000000000004,14.080000000000002,6.3533333333333335,70.98933333333333,,23.271666666666665
2018-09-05 15:45:00,0.9908,52.73133333333333,13.893333333333334,6.238666666666666,72.86333333333333,,23.430777777777777
2018-09-05 16:00:00,0.9773333333333334,43.90133333333333,13.734,5.839333333333333,63.474666666666664,,23.554388888888887
2018-09-05 16:15:00,0.9792,49.266666666666666,13.762666666666666,5.815333333333333,68.84466666666667,,23.78033333333333
2018-09-05 16:30:00,0.9853333333333333,4.527333333333334,13.772666666666668,6.102,24.401999999999997,,24.252333333333333
2018-09-05 16:45:00,0.9356666666666666,0.0,12.881333333333332,5.773333333333334,18.654666666666667,,25.610166666666668
2018-09-05 17:00:00,0.8424,0.0,11.876,4.912,16.788,,26.478833333333334
2018-09-05 17:15:00,0.7584666666666667,0.0,11.321333333333333,4.318666666666667,15.639999999999999,,26.878333333333334
2018-09-05 17:30:00,0.7405333333333334,0.0,10.97,3.7906666666666666,14.760666666666667,,27.071777777777775
2018-09-05 17:45:00,0.7142,0.0,10.546000000000001,3.6853333333333333,14.231333333333334,,27.010444444444442
2018-09-05 18:00:00,0.7000666666666666,0.0,10.480666666666668,3.4733333333333336,13.954,,27.19183333333333
2018-09-05 18:15:00,0.6679999999999999,0.0,10.167333333333335,3.148,13.315333333333335,,27.219333333333335
2018-09-05 18:30:00,0.6584,0.0,9.999333333333334,3.123333333333333,13.122666666666667,,27.262777777777778
2018-09-05 18:45:00,0.6055333333333334,0.0,9.316666666666666,2.7493333333333334,12.066,,27.393444444444444
2018-09-05 19:00:00,0.5581333333333334,0.0,8.792666666666667,2.3340000000000005,11.126666666666667,,27.369777777777777
2018-09-05 19:15:00,0.5494,0.0,8.693333333333333,2.2560000000000002,10.949333333333334,,27.276777777777777
2018-09-05 19:30:00,0.5391333333333334,0.0,8.556666666666668,2.19,10.746666666666668,,27.37683333333333
2018-09-05 19:45:00,0.5378666666666667,0.0,8.69,2.033333333333333,10.723333333333333,,27.385499999999997
2018-09-05 20:00:00,0.5316666666666667,0.0,8.634666666666668,1.9646666666666666,10.599333333333334,,27.440166666666666
2018-09-05 20:15:00,0.4204666666666667,0.0,6.538666666666667,1.8413333333333333,8.38,,27.454
2018-09-05 20:30:00,0.30406666666666665,0.0,4.338666666666667,1.7173333333333332,6.056,,27.523277777777775
2018-09-05 20:45:00,0.3084,0.0,4.454666666666666,1.6913333333333334,6.146,,27.268944444444443
2018-09-05 21:00:00,0.30246666666666666,0.0,4.421333333333333,1.6013333333333335,6.022666666666667,,27.137
2018-09-05 21:15:00,0.31,0.0,4.455333333333333,1.72,6.175333333333333,,27.110333333333337
2018-09-05 21:30:00,0.28986666666666666,0.0,4.124666666666666,1.648,5.772666666666667,,27.06011111111111
2018-09-05 21:45:00,0.2696,0.0,3.9433333333333334,1.4313333333333336,5.374666666666667,,27.276500000000002
2018-09-05 22:00:00,0.2004,0.0,2.9493333333333336,1.0446666666666666,3.994,,27.181499999999996
2018-09-05 22:15:00,0.112,0.0,1.058,1.1713333333333333,2.2293333333333334,,27.116
2018-09-05 22:30:00,0.06473333333333334,0.0,0.18933333333333333,1.0993333333333333,1.2886666666666666,,27.032055555555555
2018-09-05 22:45:00,0.06093333333333333,0.0,0.02266666666666667,1.1906666666666665,1.2133333333333334,,26.95961111111111
2018-09-05 23:00:00,0.0578,0.0,0.024,1.1260000000000001,1.15,,26.93288888888889
2018-09-05 23:15:00,0.0594,0.0,0.02266666666666667,1.1600000000000001,1.1826666666666668,,26.957
2018-09-05 23:30:00,0.0748,0.0,0.26266666666666666,1.2266666666666666,1.4893333333333334,,26.929166666666667
2018-09-05 23:45:00,0.06513333333333333,0.0,0.13933333333333336,1.158,1.2973333333333334,,26.931555555555555
2018-09-06 00:00:00,0.05806666666666667,0.0,0.11466666666666668,1.0413333333333334,1.156,,26.904722222222222
2018-09-06 00:15:00,0.05133333333333333,0.0,0.020666666666666667,1.002,1.0226666666666666,,26.889833333333335
2018-09-06 00:30:00,0.059000000000000004,0.0,0.02266666666666667,1.153333333333333,1.176,,26.847888888888885
2018-09-06 00:45:00,0.0626,0.0,0.17,1.0766666666666667,1.2466666666666666,,26.84111111111111
2018-09-06 01:00:00,0.0594,0.0,0.024666666666666667,1.1586666666666665,1.1833333333333333,,26.834555555555553
2018-09-06 01:15:00,0.05153333333333333,0.0,0.022000000000000002,1.0046666666666666,1.0266666666666666,,26.891611111111107
2018-09-06 01:30:00,0.0566,0.0,0.02266666666666667,1.1046666666666667,1.1273333333333333,,26.858
2018-09-06 01:45:00,0.06266666666666666,0.0,0.08466666666666667,1.1633333333333333,1.248,,26.857055555555558
2018-09-06 02:00:00,0.06653333333333333,0.0,0.11800000000000001,1.2086666666666666,1.3266666666666667,,26.979666666666667
2018-09-06 02:15:00,0.05773333333333333,0.0,0.021333333333333333,1.1280000000000001,1.1493333333333335,,26.891000000000002
2018-09-06 02:30:00,0.05926666666666667,0.0,0.025333333333333333,1.156,1.1813333333333336,,26.846999999999998
2018-09-06 02:45:00,0.06273333333333334,0.0,0.02333333333333333,1.226,1.2493333333333332,,26.845166666666668
2018-09-06 03:00:00,0.06653333333333333,0.0,0.1753333333333333,1.15,1.3253333333333333,,26.845166666666668
2018-09-06 03:15:00,0.05673333333333333,0.0,0.02333333333333333,1.104,1.1273333333333333,,26.853499999999997
2018-09-06 03:30:00,0.05126666666666667,0.0,0.021333333333333333,0.9979999999999999,1.0193333333333332,,26.852666666666668
2018-09-06 03:45:00,0.058,0.0,0.021333333333333333,1.1346666666666667,1.156,,26.85022222222222
2018-09-06 04:00:00,0.0686,0.0,0.26199999999999996,1.1059999999999997,1.3679999999999999,,26.918611111111108
2018-09-06 04:15:00,0.06306666666666666,0.0,0.14400000000000002,1.1106666666666667,1.2546666666666666,,26.825555555555557
2018-09-06 04:30:00,0.05566666666666666,0.0,0.10466666666666667,1.004,1.1086666666666667,,26.874777777777776
2018-09-06 04:45:00,0.05553333333333333,0.0,0.022000000000000002,1.0853333333333335,1.1073333333333333,,26.922777777777775
2018-09-06 05:00:00,0.062200000000000005,0.0,0.042,1.1953333333333334,1.2373333333333332,,26.848444444444443
2018-09-06 05:15:00,0.07493333333333332,0.0,0.2846666666666667,1.21,1.4946666666666666,,26.84916666666667
2018-09-06 05:30:00,0.08253333333333333,0.0,0.5266666666666667,1.1173333333333335,1.644,,26.81372222222222
2018-09-06 05:45:00,0.08073333333333334,0.0,0.5186666666666667,1.0933333333333335,1.6119999999999999,,26.84822222222222
2018-09-06 06:00:00,0.2992666666666667,0.0,3.9393333333333334,2.026666666666667,5.966,,26.8055
2018-09-06 06:15:00,0.5860666666666667,0.0,9.236666666666666,2.4433333333333334,11.68,,26.924833333333332
2018-09-06 06:30:00,0.5962,0.0,9.363333333333333,2.518,11.881333333333334,,27.244555555555554
2018-09-06 06:45:00,0.5537333333333333,0.0,9.255333333333333,1.7826666666666666,11.038,,27.259555555555554
2018-09-06 07:00:00,0.5549333333333333,0.0,9.185333333333334,1.8773333333333333,11.062666666666667,,27.2215
2018-09-06 07:15:00,0.6430666666666667,0.0,10.221333333333332,2.5953333333333335,12.816666666666666,,27.411833333333334
2018-09-06 07:30:00,0.6385333333333333,0.14933333333333335,10.085333333333333,2.64,12.874666666666666,,27.485333333333337
2018-09-06 07:45:00,0.7070000000000001,71.006,10.529333333333334,3.5593333333333335,85.09466666666667,,26.842666666666666
2018-09-06 08:00:00,0.7668666666666667,66.24,10.970666666666666,4.311999999999999,81.52266666666667,,24.034777777777776
2018-09-06 08:15:00,0.8209333333333333,58.284666666666666,11.854666666666667,4.512666666666666,74.652,,23.499666666666666
2018-09-06 08:30:00,0.8789333333333332,58.70466666666666,13.163333333333332,5.1466666666666665,77.01466666666667,,23.355888888888888
2018-09-06 08:45:00,0.8686666666666666,58.26533333333334,12.660666666666666,5.572666666666667,76.49866666666667,,23.25461111111111
2018-09-06 09:00:00,0.9273333333333333,50.14666666666666,12.640666666666668,5.842,68.62933333333334,,23.296166666666668
2018-09-06 09:15:00,0.8892000000000001,57.36133333333334,12.687333333333333,5.483333333333333,75.532,,23.42211111111111
2018-09-06 09:30:00,0.9268000000000001,47.626666666666665,12.712,5.839333333333333,66.178,,23.20133333333333
2018-09-06 09:45:00,0.922,53.211999999999996,12.903333333333334,5.471333333333334,71.58666666666666,,23.651999999999997
2018-09-06 10:00:00,0.9553999999999999,42.378,13.207333333333334,5.834666666666666,61.419999999999995,,23.6785
2018-09-06 10:15:00,0.9388,51.07266666666666,12.807333333333334,5.904666666666667,69.78466666666667,,23.979444444444443
2018-09-06 10:30:00,0.9512666666666667,52.94733333333333,12.828000000000001,6.132000000000001,71.90733333333333,,23.910722222222223
2018-09-06 10:45:00,0.9641333333333333,50.599333333333334,12.93,6.301333333333333,69.83066666666667,,23.725
2018-09-06 11:00:00,0.9523333333333334,47.11866666666666,13.216,5.763999999999999,66.09866666666666,,23.7715
2018-09-06 11:15:00,0.9254,48.162666666666674,13.464666666666666,6.287999999999999,67.91533333333334,,23.86938888888889
2018-09-06 11:30:00,0.9656666666666667,52.55466666666666,12.956666666666667,6.291333333333332,71.80266666666667,,23.875
2018-09-06 11:45:00,0.9687333333333332,4.4046666666666665,13.288,6.022,23.714666666666666,,24.338
2018-09-06 12:00:00,0.8563333333333334,0.0,11.235999999999999,5.833333333333333,17.069333333333336,,25.78372222222222
2018-09-06 12:15:00,0.8214,0.0,10.391999999999998,5.980666666666667,16.372666666666664,,26.600166666666667
2018-09-06 12:30:00,0.7815333333333334,0.0,10.219333333333333,5.3580000000000005,15.577333333333334,,27.13066666666667
2018-09-06 12:45:00,0.8236666666666667,0.0,10.866000000000001,5.548666666666667,16.41466666666667,,27.575555555555557
2018-09-06 13:00:00,0.8265999999999999,77.17333333333335,11.065999999999999,5.408666666666666,93.648,,26.914833333333334
2018-09-06 13:15:00,0.8965333333333334,75.26733333333333,11.952666666666666,5.914,93.134,,24.298444444444446
2018-09-06 13:30:00,0.9328666666666667,63.336666666666666,12.511333333333333,6.081999999999999,81.93,,23.55183333333333
2018-09-06 13:45:00,0.9622666666666666,56.958,13.234666666666666,5.945333333333334,76.13799999999999,,23.561833333333333
2018-09-06 14:00:00,0.9733333333333333,63.696000000000005,13.027333333333333,6.3933333333333335,83.11666666666666,,23.604388888888888
2018-09-06 14:15:00,0.9688,65.242,12.975333333333333,6.349333333333333,84.56666666666666,,23.300277777777776
2018-09-06 14:30:00,0.956,60.046,12.857333333333333,6.672,79.57533333333332,,23.14466666666667
2018-09-06 14:45:00,0.9791333333333333,58.14266666666666,13.254666666666667,6.276666666666667,77.674,,23.262666666666668
2018-09-06 15:00:00,0.9829333333333333,57.94266666666667,13.083333333333334,6.547333333333333,77.57333333333332,,23.265833333333333
2018-09-06 15:15:00,0.977,67.238,13.120666666666667,6.3806666666666665,86.73933333333335,,23.47211111111111
2018-09-06 15:30:00,0.9733333333333333,62.635999999999996,13.204666666666666,6.252666666666666,82.09333333333333,,22.9815
2018-09-06 15:45:00,0.9639333333333333,42.714666666666666,13.919333333333332,6.713333333333334,63.34733333333334,,23.270055555555555
2018-09-06 16:00:00,0.9767333333333333,48.14266666666666,13.118666666666666,6.3806666666666665,67.642,,23.650166666666667
2018-09-06 16:15:00,0.9474666666666667,57.035333333333334,12.906666666666666,6.010666666666666,75.95266666666666,,23.628444444444444
2018-09-06 16:30:00,0.9665333333333332,4.044,13.218,6.081333333333333,23.343333333333337,,24.0855
2018-09-06 16:45:00,0.9392,0.0,12.924000000000001,5.795333333333333,18.719333333333335,,25.743277777777777
2018-09-06 17:00:00,0.8612666666666667,0.0,12.152,5.014,17.166,,26.634166666666665
2018-09-06 17:15:00,0.7623333333333334,0.0,11.031333333333333,4.1593333333333335,15.190666666666667,,27.118
2018-09-06 17:30:00,0.7072,0.0,10.477333333333332,3.6166666666666667,14.094,,27.503666666666668
2018-09-06 17:45:00,0.6918666666666666,0.0,10.508666666666667,3.2820000000000005,13.790666666666665,,27.56761111111111
2018-09-06 18:00:00,0.6572666666666667,0.0,9.97,3.1300000000000003,13.1,,27.762888888888888
2018-09-06 18:15:00,0.5720666666666666,0.0,8.56,2.8426666666666667,11.402666666666667,,27.715666666666667
2018-09-06 18:30:00,0.5144,0.0,7.487333333333334,2.768666666666667,10.256,,27.633166666666668
2018-09-06 18:45:00,0.5357333333333333,0.0,8.237333333333334,2.4386666666666668,10.676,,27.628833333333333
2018-09-06 19:00:00,0.5524000000000001,0.0,8.566666666666666,2.4486666666666665,11.015333333333333,,27.651833333333332
2018-09-06 19:15:00,0.5049333333333333,0.0,7.835333333333334,2.228,10.063333333333334,,27.61905555555556
2018-09-06 19:30:00,0.4946,0.0,7.652,2.203333333333333,9.855333333333332,,27.69838888888889
2018-09-06 19:45:00,0.4807333333333333,0.0,7.507333333333333,2.072,9.579333333333333,,27.608166666666666
2018-09-06 20:00:00,0.43246666666666667,0.0,6.83,1.7893333333333332,8.619333333333334,,27.588944444444444
2018-09-06 20:15:00,0.2903333333333333,0.0,4.131333333333333,1.6520000000000001,5.783333333333333,,27.680444444444444
2018-09-06 20:30:00,0.29066666666666663,0.0,4.051333333333333,1.7366666666666668,5.787999999999999,,27.628
2018-09-06 20:45:00,0.29066666666666663,0.0,4.042,1.7453333333333332,5.787333333333333,,27.476999999999997
2018-09-06 21:00:00,0.2781333333333333,0.0,3.7680000000000002,1.776,5.544,,27.328333333333333
2018-09-06 21:15:00,0.23600000000000002,0.0,3.268666666666667,1.4346666666666665,4.703333333333333,,27.266222222222222
2018-09-06 21:30:00,0.06886666666666666,0.0,0.042,1.3339999999999999,1.3760000000000001,,27.346055555555555
2018-09-06 21:45:00,0.06333333333333332,0.0,0.022000000000000002,1.2386666666666666,1.2606666666666666,,27.346833333333333
2018-09-06 22:00:00,0.06233333333333334,0.0,0.022000000000000002,1.218,1.24,,27.196833333333334
2018-09-06 22:15:00,0.06493333333333333,0.0,0.09066666666666666,1.204,1.2946666666666666,,27.131333333333334
2018-09-06 22:30:00,0.06739999999999999,0.0,0.10666666666666667,1.2353333333333334,1.3419999999999999,,27.152611111111113
2018-09-06 22:45:00,0.060000000000000005,0.0,0.021333333333333333,1.1733333333333333,1.1946666666666668,,27.069333333333336
2018-09-06 23:00:00,0.06313333333333333,0.0,0.13133333333333336,1.1260000000000001,1.2573333333333336,,27.068888888888885
2018-09-06 23:15:00,0.0688,0.0,0.166,1.2046666666666668,1.3706666666666665,,26.94227777777778
2018-09-06 23:30:00,0.0732,0.0,0.23333333333333334,1.2246666666666668,1.458,,26.98933333333333
2018-09-06 23:45:00,0.06633333333333333,0.0,0.024,1.2973333333333334,1.3213333333333332,,26.9965
2018-09-07 00:00:00,0.06426666666666667,0.0,0.022000000000000002,1.2573333333333336,1.2793333333333334,,26.999666666666666
2018-09-07 00:15:00,0.06133333333333333,0.0,0.02333333333333333,1.1973333333333334,1.2206666666666668,,26.956999999999997
2018-09-07 00:30:00,0.07386666666666668,0.0,0.17666666666666667,1.2946666666666669,1.4713333333333334,,26.984833333333334
2018-09-07 00:45:00,0.06613333333333334,0.0,0.02333333333333333,1.2926666666666666,1.316,,27.0835
2018-09-07 01:00:00,0.06066666666666667,0.0,0.02333333333333333,1.1853333333333333,1.2086666666666666,,27.118055555555557
2018-09-07 01:15:00,0.057466666666666666,0.0,0.02266666666666667,1.120666666666667,1.1433333333333335,,27.183777777777777
2018-09-07 01:30:00,0.06673333333333333,0.0,0.178,1.1526666666666665,1.3306666666666667,,27.160666666666664
2018-09-07 01:45:00,0.06386666666666667,0.0,0.02266666666666667,1.2486666666666666,1.2713333333333334,,27.111833333333333
2018-09-07 02:00:00,0.060866666666666666,0.0,0.022000000000000002,1.1900000000000002,1.212,,27.144833333333334
2018-09-07 02:15:00,0.0592,0.0,0.02333333333333333,1.1573333333333335,1.1806666666666668,,27.150388888888887
2018-09-07 02:30:00,0.0576,0.0,0.02333333333333333,1.1239999999999999,1.1473333333333333,,27.115333333333336
2018-09-07 02:45:00,0.0722,0.0,0.18266666666666667,1.2573333333333332,1.4400000000000002,,27.115111111111112
2018-09-07 03:00:00,0.06606666666666668,0.0,0.03266666666666666,1.2833333333333334,1.316,,27.076500000000003
2018-09-07 03:15:00,0.07,0.0,0.13066666666666665,1.2666666666666666,1.3973333333333333,,27.068555555555555
2018-09-07 03:30:00,0.06593333333333334,0.0,0.1406666666666667,1.172666666666667,1.3133333333333335,,27.06311111111111
2018-09-07 03:45:00,0.06946666666666666,0.0,0.07533333333333334,1.3093333333333335,1.3846666666666667,,27.063166666666667
2018-09-07 04:00:00,0.07106666666666667,0.0,0.18533333333333332,1.23,1.4153333333333333,,27.05966666666667
2018-09-07 04:15:00,0.06173333333333333,0.0,0.024,1.2046666666666668,1.2286666666666666,,27.0795
2018-09-07 04:30:00,0.05533333333333333,0.0,0.021333333333333333,1.0826666666666669,1.104,,27.084999999999997
2018-09-07 04:45:00,0.0618,0.0,0.022000000000000002,1.2093333333333334,1.2313333333333332,,27.083000000000002
2018-09-07 05:00:00,0.06013333333333333,0.0,0.021333333333333333,1.1766666666666665,1.198,,27.088
2018-09-07 05:15:00,0.07160000000000001,0.0,0.18066666666666667,1.248,1.4286666666666668,,27.092666666666666
2018-09-07 05:30:00,0.07906666666666666,0.0,0.49600000000000005,1.0786666666666667,1.5746666666666667,,27.083833333333335
2018-09-07 05:45:00,0.12966666666666668,0.0,1.3993333333333335,1.1873333333333336,2.586666666666667,,27.092666666666666
2018-09-07 06:00:00,0.33140000000000003,0.0,4.264,2.344666666666667,6.608666666666666,,27.08372222222222
2018-09-07 06:15:00,0.5997333333333332,0.0,8.723333333333333,3.5893333333333337,12.312666666666667,,27.171333333333333
2018-09-07 06:30:00,0.5492666666666667,0.0,8.886666666666667,2.0633333333333335,10.95,,27.2595
2018-09-07 06:45:00,0.5608666666666667,0.0,8.899333333333335,2.280666666666667,11.18,,27.247833333333332
2018-09-07 07:00:00,0.6102666666666666,0.0,9.539333333333332,2.622,12.161333333333333,,27.4295
2018-09-07 07:15:00,0.6330000000000001,0.0,10.259999999999998,2.353333333333333,12.613333333333333,,27.488666666666667
2018-09-07 07:30:00,0.6611333333333334,0.042666666666666665,10.458666666666666,2.7179999999999995,13.219333333333335,,27.671444444444443
2018-09-07 07:45:00,0.728,75.26,10.983333333333333,3.521333333333333,89.76466666666667,,27.014277777777775
2018-09-07 08:00:00,0.7525999999999999,82.09666666666666,11.400666666666668,3.5953333333333335,97.09266666666667,,24.176499999999997
2018-09-07 08:15:00,0.8352,58.99333333333333,12.555333333333332,4.089333333333333,75.63799999999999,,23.1135
2018-09-07 08:30:00,0.9185333333333333,64.93266666666666,13.221333333333336,5.086,83.24,,23.355
2018-09-07 08:45:00,0.9044666666666666,60.400666666666666,12.886666666666667,5.138000000000001,78.42533333333334,,23.232333333333333
2018-09-07 09:00:00,0.9337333333333333,58.24933333333333,13.298,5.310666666666666,76.85799999999999,,23.16433333333333
2018-09-07 09:15:00,0.9595333333333332,57.87733333333333,13.472000000000001,5.652666666666667,77.002,,23.202166666666663
2018-09-07 09:30:00,0.9698666666666667,56.29066666666667,13.427333333333333,6.173333333333333,75.89133333333334,,23.1675
2018-09-07 09:45:00,0.965,60.76733333333333,13.943999999999999,5.9126666666666665,80.624,,23.1625
2018-09-07 10:00:00,0.9812,62.696000000000005,14.368,5.609333333333334,82.67333333333333,,23.093166666666665
2018-09-07 10:15:00,0.9976,52.484,14.363333333333333,5.858666666666666,72.70599999999999,,23.064833333333336
2018-09-07 10:30:00,0.996,59.94133333333333,14.371333333333332,5.89,80.20266666666666,,23.107722222222222
2018-09-07 10:45:00,1.0,61.07266666666667,14.866666666666667,5.933999999999999,81.87333333333332,,23.037222222222223
2018-09-07 11:00:00,0.9944666666666666,49.465333333333334,14.266,5.818,69.54933333333334,,23.23561111111111
2018-09-07 11:15:00,0.9837333333333333,45.072,13.978666666666667,5.653333333333333,64.704,,23.567333333333334
2018-09-07 11:30:00,0.9545333333333333,49.266666666666666,13.576,5.503333333333333,68.346,,23.66338888888889
2018-09-07 11:45:00,0.9115333333333333,3.751333333333333,12.722,5.482,21.955333333333332,,24.273944444444446
2018-09-07 12:00:00,0.8596666666666667,0.0,12.273333333333335,5.332,17.60533333333333,,25.809833333333334
2018-09-07 12:15:00,0.8460666666666666,0.0,11.757333333333333,5.1080000000000005,16.865333333333336,,26.702333333333332
2018-09-07 12:30:00,0.8467333333333333,0.0,11.639333333333333,5.6226666666666665,17.262,,27.208833333333338
2018-09-07 12:45:00,0.8190666666666666,0.0,11.439333333333334,4.8853333333333335,16.324666666666666,,27.64238888888889
2018-09-07 13:00:00,0.8139333333333333,78.54533333333333,11.468666666666667,4.756666666666667,94.77066666666666,,26.9855
2018-09-07 13:15:00,0.8625333333333333,82.25733333333334,12.532666666666668,5.344666666666667,100.13466666666666,,24.270333333333333
2018-09-07 13:30:00,0.9166666666666666,64.84333333333333,12.819333333333333,5.4479999999999995,83.11066666666667,,23.365333333333336
2018-09-07 13:45:00,0.9485333333333333,56.914,13.126666666666667,5.952666666666667,75.99333333333334,,23.403833333333335
2018-09-07 14:00:00,0.9332666666666667,62.534,12.936,5.664666666666666,81.13466666666666,,23.485333333333337
2018-09-07 14:15:00,0.9146000000000001,63.69666666666667,12.774666666666667,5.452666666666667,81.92399999999999,,23.209555555555553
2018-09-07 14:30:00,0.9355333333333334,64.99733333333333,13.199333333333334,5.494666666666666,83.69133333333333,,23.233166666666666
2018-09-07 14:45:00,0.9242,56.656,13.174666666666667,5.244,75.07466666666667,,23.107555555555557
2018-09-07 15:00:00,0.9091333333333333,53.57,13.027999999999999,5.089333333333333,71.68733333333333,,23.116888888888887
2018-09-07 15:15:00,0.9211333333333334,71.94,13.520000000000001,5.809333333333333,91.26933333333334,,23.16494444444444
2018-09-07 15:30:00,0.9164,64.44066666666667,13.677333333333335,5.721333333333334,83.83933333333334,,22.871333333333332
2018-09-07 15:45:00,0.9650666666666666,55.85333333333333,13.453333333333335,5.825333333333333,75.132,,22.979944444444445
2018-09-07 16:00:00,0.9278666666666666,56.35733333333334,13.735999999999999,6.102,76.19533333333334,,23.145500000000002
2018-09-07 16:15:00,0.9448666666666666,57.06933333333333,13.058,5.775333333333333,75.90266666666666,,23.310333333333332
2018-09-07 16:30:00,0.9424666666666667,5.163333333333333,13.180000000000001,5.658,24.001333333333335,,23.840611111111112
2018-09-07 16:45:00,0.9286,0.0,13.161333333333335,5.342,18.503333333333334,,25.55655555555556
2018-09-07 17:00:00,0.8691333333333334,0.0,12.392,4.929333333333333,17.32133333333333,,26.412166666666668
2018-09-07 17:15:00,0.7679333333333334,0.0,11.01,4.291333333333333,15.301333333333334,,26.857388888888888
2018-09-07 17:30:00,0.7260000000000001,0.0,10.708666666666666,3.76,14.468666666666667,,27.09661111111111
2018-09-07 17:45:00,0.6571333333333332,0.0,9.963333333333333,3.1333333333333333,13.096666666666666,,27.1925
2018-09-07 18:00:00,0.6242666666666667,0.0,10.005333333333333,2.4353333333333333,12.440666666666667,,27.279
2018-09-07 18:15:00,0.6302666666666668,0.0,10.294666666666666,2.266,12.560666666666666,,27.315166666666663
2018-09-07 18:30:00,0.596,0.0,9.691333333333334,2.188,11.879333333333333,,27.40722222222222
2018-09-07 18:45:00,0.5764666666666667,0.0,9.501333333333333,1.9866666666666668,11.488,,27.608999999999998
2018-09-07 19:00:00,0.5056,0.0,8.332666666666666,1.744,10.076666666666664,,27.660500000000003
2018-09-07 19:15:00,0.4626666666666666,0.0,7.478,1.7426666666666668,9.220666666666666,,27.495833333333334
2018-09-07 19:30:00,0.4471333333333333,0.0,7.191333333333334,1.7193333333333334,8.910666666666666,,27.613944444444442
2018-09-07 19:45:00,0.42573333333333335,0.0,6.932666666666666,1.5533333333333332,8.486,,27.57961111111111
2018-09-07 20:00:00,0.372,0.0,6.029333333333333,1.39,7.4193333333333324,,27.56972222222222
2018-09-07 20:15:00,0.2054,0.0,2.9373333333333336,1.158,4.0953333333333335,,27.709333333333333
2018-09-07 20:30:00,0.12073333333333333,0.0,1.3353333333333335,1.0706666666666667,2.406,,27.379166666666666
2018-09-07 20:45:00,0.12486666666666667,0.0,1.4286666666666668,1.06,2.488666666666667,,27.37327777777778
2018-09-07 21:00:00,0.11979999999999999,0.0,1.3673333333333335,1.022,2.3893333333333335,,27.250222222222224
2018-09-07 21:15:00,0.11779999999999999,0.0,1.3813333333333335,0.9706666666666667,2.352,,27.189833333333336
2018-09-07 21:30:00,0.12826666666666667,0.0,1.3873333333333335,1.1726666666666667,2.56,,27.144333333333336
2018-09-07 21:45:00,0.08973333333333335,0.0,0.6946666666666667,1.098,1.7926666666666666,,27.06211111111111
2018-09-07 22:00:00,0.06313333333333333,0.0,0.02333333333333333,1.2353333333333334,1.2586666666666666,,27.122833333333332
2018-09-07 22:15:00,0.0624,0.0,0.10333333333333333,1.1400000000000001,1.2433333333333332,,27.114166666666666
2018-09-07 22:30:00,0.06293333333333333,0.0,0.1406666666666667,1.114,1.2546666666666666,,27.101
2018-09-07 22:45:00,0.06586666666666667,0.0,0.13066666666666668,1.1806666666666668,1.3113333333333332,,27.22533333333333
2018-09-07 23:00:00,0.06953333333333332,0.0,0.18000000000000002,1.2026666666666666,1.3826666666666665,,27.09916666666667
2018-09-07 23:15:00,0.05566666666666666,0.0,0.02266666666666667,1.0826666666666669,1.1053333333333335,,27.09427777777778
2018-09-07 23:30:00,0.05313333333333334,0.0,0.021333333333333333,1.0353333333333334,1.0566666666666669,,27.058722222222222
2018-09-07 23:45:00,0.0514,0.0,0.02266666666666667,1.0006666666666668,1.0233333333333334,,27.015055555555556
2018-09-08 00:00:00,0.05413333333333334,0.0,0.021333333333333333,1.056,1.0773333333333333,,27.083333333333332
2018-09-08 00:15:00,0.06466666666666666,0.0,0.17333333333333334,1.114,1.2873333333333332,,27.11738888888889
2018-09-08 00:30:00,0.054599999999999996,0.0,0.02266666666666667,1.0633333333333335,1.086,,27.096833333333333
2018-09-08 00:45:00,0.05506666666666667,0.0,0.02266666666666667,1.0733333333333335,1.096,,27.088
2018-09-08 01:00:00,0.0502,0.0,0.02266666666666667,0.9753333333333334,0.998,,27.088944444444447
2018-09-08 01:15:00,0.073,0.0,0.24933333333333335,1.2053333333333334,1.4546666666666668,,27.081166666666665
2018-09-08 01:30:00,0.06933333333333333,0.0,0.14266666666666666,1.2386666666666666,1.3813333333333333,,27.07316666666667
2018-09-08 01:45:00,0.06746666666666666,0.0,0.13533333333333336,1.2100000000000002,1.3453333333333333,,27.08561111111111
2018-09-08 02:00:00,0.05806666666666667,0.0,0.02266666666666667,1.1333333333333333,1.156,,27.0775
2018-09-08 02:15:00,0.06493333333333333,0.0,0.17733333333333334,1.1153333333333333,1.2926666666666666,,27.068666666666665
2018-09-08 02:30:00,0.053533333333333336,0.0,0.02333333333333333,1.042,1.0653333333333335,,27.066777777777776
2018-09-08 02:45:00,0.0544,0.0,0.021333333333333333,1.06,1.0813333333333335,,27.06477777777778
2018-09-08 03:00:00,0.05653333333333333,0.0,0.022000000000000002,1.1006666666666667,1.1226666666666667,,27.091277777777773
2018-09-08 03:15:00,0.05633333333333333,0.0,0.04666666666666666,1.0773333333333333,1.124,,27.06583333333333
2018-09-08 03:30:00,0.059533333333333334,0.0,0.15466666666666665,1.032,1.1866666666666668,,27.06933333333333
2018-09-08 03:45:00,0.0528,0.0,0.02266666666666667,1.028,1.0506666666666669,,27.069666666666667
2018-09-08 04:00:00,0.058333333333333334,0.0,0.020666666666666667,1.1406666666666667,1.1613333333333336,,27.059333333333335
2018-09-08 04:15:00,0.05606666666666667,0.0,0.022000000000000002,1.0946666666666667,1.1166666666666667,,27.061500000000002
2018-09-08 04:30:00,0.07013333333333334,0.0,0.17666666666666667,1.2186666666666668,1.3953333333333333,,27.043499999999998
2018-09-08 04:45:00,0.056,0.0,0.02333333333333333,1.0933333333333335,1.1166666666666667,,27.085888888888885
2018-09-08 05:00:00,0.05593333333333333,0.0,0.022000000000000002,1.0893333333333333,1.1113333333333335,,27.057666666666666
2018-09-08 05:15:00,0.06213333333333333,0.0,0.04066666666666666,1.1986666666666668,1.2393333333333334,,27.07688888888889
2018-09-08 05:30:00,0.06793333333333335,0.0,0.13133333333333336,1.2233333333333334,1.3546666666666667,,27.10511111111111
2018-09-08 05:45:00,0.07113333333333333,0.0,0.2986666666666667,1.1179999999999999,1.4166666666666667,,27.071833333333334
2018-09-08 06:00:00,0.10373333333333333,0.0,0.9306666666666668,1.136,2.066666666666667,,27.032555555555557
2018-09-08 06:15:00,0.1986,0.0,2.7786666666666666,1.1793333333333331,3.9579999999999997,,27.02677777777778
2018-09-08 06:30:00,0.2032,0.0,2.8346666666666662,1.2146666666666666,4.049333333333333,,27.187
2018-09-08 06:45:00,0.21333333333333335,0.0,3.006666666666667,1.2433333333333332,4.25,,27.304055555555557
2018-09-08 07:00:00,0.21386666666666668,0.0,3.055333333333333,1.208,4.263333333333333,,27.158166666666666
2018-09-08 07:15:00,0.20866666666666667,0.0,2.9213333333333336,1.236,4.157333333333333,,27.16933333333333
2018-09-08 07:30:00,0.13086666666666666,0.0,1.4366666666666668,1.1713333333333333,2.6079999999999997,,27.214277777777777
2018-09-08 07:45:00,0.06686666666666667,0.0,0.038000000000000006,1.2920000000000003,1.3300000000000003,,27.232444444444447
2018-09-08 08:00:00,0.0664,0.0,0.16133333333333333,1.1613333333333336,1.3226666666666669,,27.2145
2018-09-08 08:15:00,0.20266666666666666,0.0,2.356,1.6826666666666668,4.038666666666667,,27.25322222222222
2018-09-08 08:30:00,0.2304,0.0,2.8273333333333333,1.7633333333333332,4.5906666666666665,,27.339166666666664
2018-09-08 08:45:00,0.25279999999999997,0.0,3.6646666666666667,1.3726666666666667,5.037333333333334,,27.432555555555556
2018-09-08 09:00:00,0.31653333333333333,0.0,5.028666666666666,1.2786666666666666,6.307333333333333,,27.572944444444445
2018-09-08 09:15:00,0.30546666666666666,0.0,4.831333333333333,1.2553333333333334,6.086666666666667,,27.574166666666667
2018-09-08 09:30:00,0.3148,0.0,4.932666666666666,1.338,6.270666666666667,,27.69911111111111
2018-09-08 09:45:00,0.3126666666666667,0.0,4.804,1.424,6.228,,27.813333333333333
2018-09-08 10:00:00,0.31506666666666666,0.0,4.833333333333333,1.4446666666666665,6.2780000000000005,,27.728666666666665
2018-09-08 10:15:00,0.31366666666666665,0.0,4.729333333333333,1.5173333333333332,6.246666666666667,,27.781444444444446
2018-09-08 10:30:00,0.2985333333333333,0.0,4.633333333333334,1.312,5.945333333333334,,27.807333333333336
2018-09-08 10:45:00,0.30673333333333336,0.0,4.783333333333333,1.3266666666666667,6.11,,27.83083333333333
2018-09-08 11:00:00,0.3154,0.0,4.796666666666667,1.486,6.282666666666667,,27.922
2018-09-08 11:15:00,0.3308666666666667,0.0,4.974666666666667,1.6179999999999999,6.592666666666667,,28.068555555555555
2018-09-08 11:30:00,0.32580000000000003,0.0,4.993333333333334,1.4966666666666666,6.489999999999999,,28.1075
2018-09-08 11:45:00,0.31693333333333334,0.0,4.945333333333334,1.3693333333333333,6.314666666666667,,28.304166666666667
2018-09-08 12:00:00,0.324,0.0,5.004666666666667,1.4513333333333334,6.456,,28.245
2018-09-08 12:15:00,0.3308666666666667,0.0,4.997333333333334,1.5959999999999999,6.593333333333333,,28.265833333333333
2018-09-08 12:30:00,0.32939999999999997,0.0,5.144,1.4173333333333331,6.561333333333334,,28.233833333333333
2018-09-08 12:45:00,0.316,0.0,4.8613333333333335,1.4346666666666665,6.296,,28.284
2018-09-08 13:00:00,0.31786666666666663,0.0,4.994666666666666,1.338,6.332666666666666,,28.308222222222224
2018-09-08 13:15:00,0.31626666666666664,0.0,4.917333333333334,1.3813333333333333,6.298666666666667,,28.31
2018-09-08 13:30:00,0.32933333333333337,0.0,5.078666666666667,1.4839999999999998,6.562666666666667,,28.266000000000002
2018-09-08 13:45:00,0.31179999999999997,0.0,4.860666666666668,1.3493333333333333,6.21,,28.21611111111111
2018-09-08 14:00:00,0.32453333333333334,0.0,5.007333333333333,1.4579999999999997,6.465333333333333,,28.206666666666663
2018-09-08 14:15:00,0.31406666666666666,0.0,4.9526666666666666,1.3026666666666666,6.255333333333334,,28.18372222222222
2018-09-08 14:30:00,0.3152,0.0,4.887333333333333,1.3913333333333333,6.278666666666667,,28.205333333333332
2018-09-08 14:45:00,0.32886666666666664,0.0,4.96,1.5919999999999999,6.5520000000000005,,28.228666666666665
2018-09-08 15:00:00,0.3164,0.0,4.842666666666667,1.4619999999999997,6.304666666666666,,28.294833333333333
2018-09-08 15:15:00,0.3166,0.0,4.837999999999999,1.4693333333333334,6.307333333333333,,28.321666666666665
2018-09-08 15:30:00,0.3173333333333333,0.0,4.839333333333333,1.4813333333333332,6.320666666666667,,28.3715
2018-09-08 15:45:00,0.33093333333333336,0.0,5.1066666666666665,1.4866666666666668,6.593333333333333,,28.34561111111111
2018-09-08 16:00:00,0.3144,0.0,4.959333333333333,1.3053333333333332,6.264666666666667,,28.354666666666667
2018-09-08 16:15:00,0.32413333333333333,0.0,5.028666666666666,1.4293333333333331,6.457999999999999,,28.339000000000002
2018-09-08 16:30:00,0.3287333333333333,0.0,5.044666666666667,1.5053333333333332,6.55,,28.349833333333333
2018-09-08 16:45:00,0.3232666666666667,0.0,4.985333333333333,1.4546666666666668,6.4399999999999995,,28.309388888888886
2018-09-08 17:00:00,0.3184666666666667,0.0,4.988666666666666,1.3546666666666667,6.343333333333334,,28.336055555555557
2018-09-08 17:15:00,0.3128,0.0,4.824666666666667,1.406,6.230666666666667,,28.330333333333332
2018-09-08 17:30:00,0.31406666666666666,0.0,4.806,1.45,6.256,,28.305666666666664
2018-09-08 17:45:00,0.31473333333333336,0.0,4.732666666666668,1.5373333333333332,6.2700000000000005,,28.291833333333333
2018-09-08 18:00:00,0.27586666666666665,0.0,4.1113333333333335,1.3866666666666665,5.498,,28.288666666666664
2018-09-08 18:15:00,0.18873333333333334,0.0,2.4866666666666664,1.274,3.7606666666666664,,28.24233333333333
2018-09-08 18:30:00,0.1828,0.0,2.445333333333333,1.1953333333333334,3.6406666666666667,,28.1925
2018-09-08 18:45:00,0.1842,0.0,2.4459999999999997,1.22,3.6659999999999995,,28.20738888888889
2018-09-08 19:00:00,0.18646666666666667,0.0,2.4466666666666663,1.2646666666666666,3.711333333333333,,28.16538888888889
2018-09-08 19:15:00,0.20133333333333334,0.0,2.7366666666666664,1.2753333333333332,4.012,,28.059277777777776
2018-09-08 19:30:00,0.1868,0.0,2.4766666666666666,1.2453333333333334,3.722,,28.072333333333333
2018-09-08 19:45:00,0.1869333333333333,0.0,2.476,1.2466666666666666,3.722666666666667,,28.08727777777778
2018-09-08 20:00:00,0.19366666666666668,0.0,2.5853333333333333,1.274,3.8593333333333333,,28.074166666666663
2018-09-08 20:15:00,0.19213333333333335,0.0,2.604,1.224,3.8280000000000003,,27.977666666666664
2018-09-08 20:30:00,0.21033333333333334,0.0,2.874,1.3173333333333332,4.191333333333334,,27.983
2018-09-08 20:45:00,0.16219999999999998,0.0,2.0153333333333334,1.214,3.2293333333333334,,27.97588888888889
2018-09-08 21:00:00,0.06126666666666667,0.0,0.02333333333333333,1.198,1.2213333333333334,,27.949833333333334
2018-09-08 21:15:00,0.06013333333333333,0.0,0.022000000000000002,1.178,1.2,,27.927000000000003
2018-09-08 21:30:00,0.057666666666666665,0.0,0.024,1.1246666666666667,1.1486666666666667,,27.905333333333335
2018-09-08 21:45:00,0.06233333333333334,0.0,0.18066666666666667,1.062,1.2426666666666668,,27.89461111111111
2018-09-08 22:00:00,0.0612,0.0,0.024,1.1946666666666665,1.2186666666666668,,27.881277777777775
2018-09-08 22:15:00,0.05733333333333333,0.0,0.021333333333333333,1.1193333333333333,1.1406666666666667,,27.860666666666667
2018-09-08 22:30:00,0.05593333333333333,0.0,0.020666666666666667,1.09,1.1106666666666667,,27.855333333333338
2018-09-08 22:45:00,0.05393333333333334,0.0,0.022000000000000002,1.0513333333333332,1.0733333333333335,,27.88105555555556
2018-09-08 23:00:00,0.058666666666666666,0.0,0.18266666666666667,0.9846666666666668,1.1673333333333333,,27.86888888888889
2018-09-08 23:15:00,0.05566666666666666,0.0,0.02333333333333333,1.0833333333333333,1.1066666666666667,,27.803444444444445
2018-09-08 23:30:00,0.05486666666666666,0.0,0.021333333333333333,1.0706666666666669,1.092,,27.820333333333334
2018-09-08 23:45:00,0.057866666666666663,0.0,0.022000000000000002,1.1293333333333335,1.1513333333333333,,27.805500000000002
2018-09-09 00:00:00,0.054400000000000004,0.0,0.034666666666666665,1.0473333333333334,1.082,,27.79866666666667
2018-09-09 00:15:00,0.06406666666666666,0.0,0.19733333333333333,1.0773333333333333,1.2746666666666668,,27.78816666666667
2018-09-09 00:30:00,0.06246666666666667,0.0,0.132,1.1106666666666667,1.2426666666666668,,27.779166666666665
2018-09-09 00:45:00,0.06973333333333334,0.0,0.1446666666666667,1.2426666666666668,1.3873333333333335,,27.78022222222222
2018-09-09 01:00:00,0.061200000000000004,0.0,0.05800000000000001,1.161333333333333,1.2193333333333334,,27.787944444444445
2018-09-09 01:15:00,0.06726666666666667,0.0,0.10533333333333333,1.2346666666666666,1.34,,27.78322222222222
2018-09-09 01:30:00,0.056466666666666665,0.0,0.098,1.0266666666666666,1.1246666666666667,,27.766166666666667
2018-09-09 01:45:00,0.05246666666666667,0.0,0.021333333333333333,1.0213333333333334,1.0426666666666666,,27.760333333333335
2018-09-09 02:00:00,0.05793333333333333,0.0,0.024,1.1293333333333335,1.1533333333333333,,27.839055555555554
2018-09-09 02:15:00,0.05653333333333333,0.0,0.022000000000000002,1.1033333333333333,1.1253333333333333,,27.81116666666667
2018-09-09 02:30:00,0.062400000000000004,0.0,0.178,1.0686666666666667,1.2466666666666668,,27.752
2018-09-09 02:45:00,0.05226666666666667,0.0,0.021333333333333333,1.0166666666666666,1.038,,27.716833333333334
2018-09-09 03:00:00,0.051133333333333336,0.0,0.022000000000000002,0.9940000000000001,1.0160000000000002,,27.908833333333334
2018-09-09 03:15:00,0.05506666666666667,0.0,0.02266666666666667,1.0733333333333335,1.096,,27.953333333333333
2018-09-09 03:30:00,0.0586,0.0,0.022000000000000002,1.1446666666666665,1.1666666666666667,,27.914111111111115
2018-09-09 03:45:00,0.0678,0.0,0.18133333333333335,1.1693333333333333,1.3506666666666665,,27.90083333333333
2018-09-09 04:00:00,0.059333333333333335,0.0,0.02,1.1606666666666667,1.1806666666666668,,27.895500000000002
2018-09-09 04:15:00,0.05473333333333333,0.0,0.02333333333333333,1.0653333333333335,1.088666666666667,,27.869000000000003
2018-09-09 04:30:00,0.06006666666666667,0.0,0.02333333333333333,1.1753333333333333,1.1986666666666668,,27.837
2018-09-09 04:45:00,0.06326666666666667,0.0,0.11200000000000002,1.1506666666666665,1.2626666666666666,,27.83066666666667
2018-09-09 05:00:00,0.07339999999999999,0.0,0.29533333333333334,1.1673333333333331,1.4626666666666668,,27.795
2018-09-09 05:15:00,0.05653333333333333,0.0,0.11266666666666668,1.0173333333333334,1.1300000000000001,,27.828
2018-09-09 05:30:00,0.05353333333333333,0.0,0.022000000000000002,1.0433333333333334,1.0653333333333335,,27.88138888888889
2018-09-09 05:45:00,0.05246666666666667,0.0,0.022000000000000002,1.0246666666666668,1.0466666666666666,,27.952833333333334
2018-09-09 06:00:00,0.057133333333333335,0.0,0.024,1.1146666666666667,1.1386666666666667,,27.955833333333334
2018-09-09 06:15:00,0.0666,0.0,0.218,1.1073333333333333,1.3253333333333335,,27.926055555555553
2018-09-09 06:30:00,0.05586666666666666,0.0,0.02266666666666667,1.0893333333333333,1.1119999999999999,,27.910000000000004
2018-09-09 06:45:00,0.0516,0.0,0.021333333333333333,1.0046666666666666,1.026,,28.01538888888889
2018-09-09 07:00:00,0.0588,0.0,0.05266666666666667,1.1193333333333333,1.1720000000000002,,27.8825
2018-09-09 07:15:00,0.07360000000000001,0.0,0.25266666666666665,1.216,1.4686666666666668,,27.887
2018-09-09 07:30:00,0.06079999999999999,0.0,0.02333333333333333,1.1873333333333334,1.2106666666666668,,27.819166666666664
2018-09-09 07:45:00,0.06126666666666667,0.0,0.02333333333333333,1.1973333333333334,1.2206666666666666,,27.764944444444446
2018-09-09 08:00:00,0.053799999999999994,0.0,0.02,1.0506666666666669,1.0706666666666669,,27.7865
2018-09-09 08:15:00,0.0562,0.0,0.08333333333333333,1.0353333333333334,1.1186666666666667,,27.79933333333333
2018-09-09 08:30:00,0.156,0.0,1.9939999999999998,1.1119999999999999,3.106,,27.861444444444444
2018-09-09 08:45:00,0.1654,0.0,2.11,1.1840000000000002,3.2939999999999996,,27.905166666666666
2018-09-09 09:00:00,0.1582,0.0,2.046,1.104,3.15,,27.979277777777778
2018-09-09 09:15:00,0.15586666666666668,0.0,1.9513333333333334,1.15,3.1013333333333333,,28.043166666666668
2018-09-09 09:30:00,0.16073333333333334,0.0,2.0853333333333333,1.116,3.2013333333333334,,28.136833333333335
2018-09-09 09:45:00,0.16326666666666664,0.0,2.124666666666667,1.1280000000000001,3.2526666666666673,,28.1845
2018-09-09 10:00:00,0.16226666666666667,0.0,2.0673333333333335,1.1653333333333333,3.232666666666667,,28.329666666666665
2018-09-09 10:15:00,0.17366666666666666,0.0,2.132,1.328,3.4600000000000004,,28.295
2018-09-09 10:30:00,0.17653333333333332,0.0,2.1993333333333336,1.3159999999999998,3.515333333333333,,28.407
2018-09-09 10:45:00,0.1848,0.0,2.4026666666666667,1.2773333333333334,3.68,,28.488
2018-09-09 11:00:00,0.16993333333333333,0.0,2.116,1.2673333333333334,3.3833333333333333,,28.436500000000002
2018-09-09 11:15:00,0.18206666666666665,0.0,2.4306666666666668,1.1946666666666668,3.625333333333334,,28.4375
2018-09-09 11:30:00,0.3877333333333333,0.0,6.407333333333333,1.3219999999999998,7.729333333333333,,28.532722222222223
2018-09-09 11:45:00,0.3973333333333333,0.0,6.668666666666667,1.2546666666666666,7.923333333333333,,28.662333333333333
2018-09-09 12:00:00,0.3974666666666667,0.0,6.622,1.302,7.924,,28.6585
2018-09-09 12:15:00,0.3977333333333333,0.0,6.664666666666666,1.2646666666666666,7.929333333333333,,28.630666666666666
2018-09-09 12:30:00,0.3105333333333334,0.0,4.938000000000001,1.2486666666666666,6.1866666666666665,,28.618222222222222
2018-09-09 12:45:00,0.19366666666666665,0.0,2.652666666666667,1.2033333333333336,3.8560000000000008,,28.685833333333335
2018-09-09 13:00:00,0.19093333333333332,0.0,2.426666666666667,1.3766666666666665,3.8033333333333332,,28.52283333333333
2018-09-09 13:15:00,0.17846666666666666,0.0,2.244,1.3086666666666666,3.552666666666667,,28.517555555555553
2018-09-09 13:30:00,0.1764,0.0,2.0966666666666667,1.4166666666666667,3.5133333333333336,,28.314666666666668
2018-09-09 13:45:00,0.1866,0.0,2.324,1.392,3.716,,28.3415
2018-09-09 14:00:00,0.17466666666666666,0.0,2.177333333333334,1.3026666666666669,3.48,,28.325166666666668
2018-09-09 14:15:00,0.18,0.0,2.2213333333333334,1.3646666666666667,3.586,,28.3175
2018-09-09 14:30:00,0.1668,0.0,2.0613333333333332,1.2586666666666666,3.32,,28.335500000000003
2018-09-09 14:45:00,0.16866666666666666,0.0,2.054666666666667,1.3039999999999998,3.3586666666666662,,28.348499999999998
2018-09-09 15:00:00,0.16873333333333335,0.0,2.1693333333333333,1.1893333333333334,3.3586666666666662,,28.357666666666667
2018-09-09 15:15:00,0.15773333333333334,0.0,2.004,1.1373333333333335,3.1413333333333333,,28.363999999999997
2018-09-09 15:30:00,0.15446666666666667,0.0,2.001333333333333,1.0713333333333332,3.072666666666667,,28.320666666666668
2018-09-09 15:45:00,0.1638666666666667,0.0,1.9806666666666668,1.28,3.260666666666667,,28.441333333333333
2018-09-09 16:00:00,0.16006666666666666,0.0,2.01,1.1773333333333333,3.187333333333333,,28.33138888888889
2018-09-09 16:15:00,0.15906666666666666,0.0,1.9213333333333333,1.2433333333333332,3.1646666666666667,,28.383666666666667
2018-09-09 16:30:00,0.15273333333333333,0.0,1.9246666666666665,1.1166666666666667,3.041333333333333,,28.375833333333333
2018-09-09 16:45:00,0.1586,0.0,1.974,1.1826666666666668,3.1566666666666667,,28.417666666666666
2018-09-09 17:00:00,0.1622,0.0,1.9393333333333334,1.2906666666666666,3.23,,28.490499999999997
2018-09-09 17:15:00,0.08833333333333333,0.0,0.55,1.2086666666666666,1.7586666666666666,,28.4955
2018-09-09 17:30:00,0.0604,0.0,0.024666666666666667,1.178,1.2026666666666666,,28.441222222222223
2018-09-09 17:45:00,0.06186666666666666,0.0,0.07600000000000001,1.156,1.232,,28.331500000000002
2018-09-09 18:00:00,0.061599999999999995,0.0,0.14,1.088666666666667,1.2286666666666668,,28.305500000000002
2018-09-09 18:15:00,0.06653333333333333,0.0,0.29600000000000004,1.0313333333333334,1.3273333333333333,,28.289055555555557
2018-09-09 18:30:00,0.0574,0.0,0.02666666666666667,1.1166666666666667,1.1433333333333335,,28.232388888888888
2018-09-09 18:45:00,0.055466666666666664,0.0,0.024,1.0806666666666667,1.1046666666666667,,28.256833333333336
2018-09-09 19:00:00,0.057666666666666665,0.0,0.02266666666666667,1.1253333333333333,1.148,,28.26988888888889
2018-09-09 19:15:00,0.051133333333333336,0.0,0.042666666666666665,0.9793333333333334,1.022,,28.2385
2018-09-09 19:30:00,0.060000000000000005,0.0,0.156,1.0393333333333334,1.1953333333333334,,28.185000000000002
2018-09-09 19:45:00,0.055466666666666664,0.0,0.021333333333333333,1.0853333333333335,1.1066666666666667,,28.2225
2018-09-09 20:00:00,0.0576,0.0,0.02266666666666667,1.1233333333333335,1.1460000000000001,,28.203611111111112
2018-09-09 20:15:00,0.060733333333333334,0.0,0.02266666666666667,1.1873333333333334,1.21,,28.212222222222223
2018-09-09 20:30:00,0.06626666666666667,0.0,0.17466666666666666,1.1473333333333333,1.322,,28.237055555555557
2018-09-09 20:45:00,0.059000000000000004,0.0,0.10600000000000001,1.0673333333333335,1.1733333333333333,,28.32411111111111
2018-09-09 21:00:00,0.0658,0.0,0.14,1.1733333333333331,1.3133333333333332,,28.19011111111111
2018-09-09 21:15:00,0.065,0.0,0.12466666666666668,1.1726666666666667,1.2973333333333332,,28.183222222222224
2018-09-09 21:30:00,0.0574,0.0,0.022000000000000002,1.12,1.142,,28.193499999999997
2018-09-09 21:45:00,0.06506666666666666,0.0,0.17200000000000001,1.1260000000000001,1.2980000000000003,,28.249166666666667
2018-09-09 22:00:00,0.056466666666666665,0.0,0.024666666666666667,1.0973333333333335,1.122,,28.177444444444443
2018-09-09 22:15:00,0.057666666666666665,0.0,0.020666666666666667,1.1286666666666667,1.1493333333333335,,28.184833333333337
2018-09-09 22:30:00,0.05513333333333333,0.0,0.02333333333333333,1.0733333333333335,1.096666666666667,,28.181666666666665
2018-09-09 22:45:00,0.05726666666666667,0.0,0.02266666666666667,1.1173333333333333,1.1400000000000001,,28.173166666666663
2018-09-09 23:00:00,0.06393333333333333,0.0,0.178,1.096,1.274,,28.193611111111114
2018-09-09 23:15:00,0.057,0.0,0.022000000000000002,1.1126666666666667,1.1346666666666667,,28.202111111111112
2018-09-09 23:30:00,0.06006666666666667,0.0,0.02333333333333333,1.1726666666666667,1.1960000000000002,,28.177722222222222
2018-09-09 23:45:00,0.059666666666666666,0.0,0.021333333333333333,1.1646666666666667,1.1860000000000002,,28.161833333333334
2018-09-10 00:00:00,0.0572,0.0,0.04466666666666666,1.0926666666666667,1.1373333333333335,,28.108777777777778
2018-09-10 00:15:00,0.06713333333333334,0.0,0.14800000000000002,1.188,1.3359999999999999,,28.156999999999996
2018-09-10 00:30:00,0.05973333333333333,0.0,0.02266666666666667,1.166,1.1886666666666665,,28.154
2018-09-10 00:45:00,0.059333333333333335,0.0,0.024,1.1573333333333333,1.1813333333333333,,28.12316666666667
2018-09-10 01:00:00,0.05826666666666667,0.0,0.08133333333333333,1.0766666666666667,1.1580000000000001,,28.1525
2018-09-10 01:15:00,0.060866666666666666,0.0,0.23333333333333334,0.9813333333333334,1.2146666666666668,,28.143166666666666
2018-09-10 01:30:00,0.062000000000000006,0.0,0.20333333333333334,1.0313333333333334,1.2346666666666666,,28.175444444444445
2018-09-10 01:45:00,0.05533333333333333,0.0,0.032,1.0693333333333332,1.1013333333333335,,28.130499999999998
2018-09-10 02:00:00,0.057666666666666665,0.0,0.024,1.1219999999999999,1.1460000000000001,,28.1265
2018-09-10 02:15:00,0.055,0.0,0.02333333333333333,1.0706666666666669,1.094,,28.1215
2018-09-10 02:30:00,0.059866666666666665,0.0,0.166,1.0266666666666666,1.1926666666666668,,28.117166666666666
2018-09-10 02:45:00,0.0528,0.0,0.03666666666666667,1.0133333333333334,1.05,,28.12066666666667
2018-09-10 03:00:00,0.06273333333333334,0.0,0.02266666666666667,1.2280000000000002,1.2506666666666668,,28.079055555555552
2018-09-10 03:15:00,0.06006666666666667,0.0,0.02333333333333333,1.1706666666666665,1.194,,28.156833333333335
2018-09-10 03:30:00,0.06206666666666667,0.0,0.021333333333333333,1.2133333333333334,1.2346666666666666,,28.1175
2018-09-10 03:45:00,0.06433333333333333,0.0,0.18266666666666667,1.0979999999999999,1.2806666666666666,,28.1125
2018-09-10 04:00:00,0.05566666666666666,0.0,0.022000000000000002,1.088,1.11,,28.157611111111112
2018-09-10 04:15:00,0.05466666666666666,0.0,0.02266666666666667,1.0646666666666667,1.0873333333333335,,28.145166666666668
2018-09-10 04:30:00,0.0562,0.0,0.022000000000000002,1.0953333333333333,1.1173333333333335,,28.116
2018-09-10 04:45:00,0.055799999999999995,0.0,0.021333333333333333,1.0873333333333335,1.108666666666667,,28.136444444444447
2018-09-10 05:00:00,0.06193333333333333,0.0,0.1753333333333333,1.0573333333333335,1.2326666666666668,,28.11433333333333
2018-09-10 05:15:00,0.05206666666666667,0.0,0.021333333333333333,1.0173333333333334,1.0386666666666666,,28.138166666666667
2018-09-10 05:30:00,0.060533333333333335,0.0,0.186,1.02,1.206,,28.097722222222224
2018-09-10 05:45:00,0.17813333333333334,0.0,2.3706666666666667,1.1813333333333333,3.552,,28.113
2018-09-10 06:00:00,0.3076666666666667,0.0,4.79,1.3426666666666667,6.132666666666666,,28.1215
2018-09-10 06:15:00,0.6226666666666667,0.0,8.782666666666666,3.6266666666666665,12.409333333333333,,28.181
2018-09-10 06:30:00,0.5527333333333334,0.0,8.669333333333332,2.3453333333333335,11.014666666666667,,28.384999999999998
2018-09-10 06:45:00,0.5401333333333334,0.0,8.888,1.88,10.768,,28.343444444444444
2018-09-10 07:00:00,0.5308666666666667,0.0,8.698,1.8833333333333333,10.581333333333333,,28.435833333333335
2018-09-10 07:15:00,0.6197333333333332,0.0,9.368666666666666,2.9819999999999998,12.350666666666665,,28.509
2018-09-10 07:30:00,0.6430666666666667,0.08600000000000001,9.856,2.96,12.902,,28.6525
2018-09-10 07:45:00,0.6587999999999999,74.32266666666666,10.258666666666667,2.872,87.45333333333333,,28.046499999999998
2018-09-10 08:00:00,0.6845333333333333,94.98866666666666,10.724666666666668,2.9206666666666665,108.634,,25.373499999999996
2018-09-10 08:15:00,0.7564,73.88933333333333,11.055333333333333,4.018666666666666,88.96333333333334,,23.631833333333336
2018-09-10 08:30:00,0.8291999999999999,64.09733333333334,11.683333333333334,4.845333333333333,80.62599999999999,,23.2065
2018-09-10 08:45:00,0.9080666666666667,66.03066666666668,12.654,5.607333333333333,84.292,,23.278000000000002
2018-09-10 09:00:00,0.9310666666666666,57.99666666666667,12.837333333333333,5.774666666666667,76.60866666666668,,23.481833333333334
2018-09-10 09:15:00,0.9212666666666667,64.23866666666667,12.782,5.674,82.69466666666668,,23.492
2018-09-10 09:30:00,0.9332666666666667,60.669333333333334,12.936000000000002,5.666666666666667,79.27199999999999,,23.40266666666667
2018-09-10 09:45:00,0.9416,58.01933333333333,13.124,5.644666666666667,76.788,,23.423333333333332
2018-09-10 10:00:00,0.9477999999999999,61.587333333333326,13.253333333333334,5.663333333333333,80.50399999999999,,23.535833333333336
2018-09-10 10:15:00,0.9583333333333334,55.34,13.378666666666668,5.745333333333334,74.464,,23.44622222222222
2018-09-10 10:30:00,0.9351333333333333,54.75533333333333,13.863999999999999,6.176,74.79533333333333,,23.126555555555555
2018-09-10 10:45:00,0.9629333333333333,64.14666666666668,13.319333333333335,5.894,83.36,,23.077555555555556
2018-09-10 11:00:00,0.969,61.054,13.322000000000001,6.072666666666667,80.44866666666667,,22.988444444444443
2018-09-10 11:15:00,0.9746,48.91133333333333,13.298666666666666,6.1466666666666665,68.35666666666665,,23.084444444444443
2018-09-10 11:30:00,0.9710666666666666,56.27066666666666,13.411333333333333,5.946,75.628,,23.136444444444447
2018-09-10 11:45:00,0.9652666666666666,4.698666666666667,13.294666666666666,5.949333333333333,23.942666666666664,,23.901999999999997
2018-09-10 12:00:00,0.9402,0.0,13.255333333333333,5.482666666666666,18.738,,25.494666666666667
2018-09-10 12:15:00,0.8662,0.0,12.146666666666668,5.116666666666666,17.263333333333332,,26.495555555555555
2018-09-10 12:30:00,0.8088,0.0,11.266,4.856,16.122,,27.093888888888888
2018-09-10 12:45:00,0.8143999999999999,0.0,11.070666666666666,5.160666666666667,16.231333333333332,,27.51966666666667
2018-09-10 13:00:00,0.8201999999999999,74.898,12.028,5.215333333333334,92.14133333333332,,26.932000000000002
2018-09-10 13:15:00,0.908,80.61666666666666,12.55,5.543333333333334,98.71000000000001,,24.220666666666666
2018-09-10 13:30:00,0.9309333333333334,61.973333333333336,12.917333333333334,5.636,80.52666666666667,,23.198444444444444
2018-09-10 13:45:00,0.9506666666666667,60.51866666666667,13.263333333333332,5.6899999999999995,79.472,,23.310555555555553
2018-09-10 14:00:00,0.9194,63.77933333333333,12.77,5.5553333333333335,82.10466666666666,,23.346555555555554
2018-09-10 14:15:00,0.9326000000000001,58.32266666666667,12.886666666666667,5.755333333333334,76.96466666666667,,23.35388888888889
2018-09-10 14:30:00,0.9317333333333334,58.946000000000005,12.813333333333333,5.756,77.51533333333333,,23.399444444444445
2018-09-10 14:45:00,0.9521333333333334,59.00866666666666,13.22,5.756666666666666,77.98533333333333,,23.122444444444444
2018-09-10 15:00:00,0.9339333333333334,58.73266666666667,13.066666666666666,5.548,77.34733333333334,,23.205777777777776
2018-09-10 15:15:00,0.9382666666666667,58.842,13.156,6.155333333333333,78.15333333333334,,23.07888888888889
2018-09-10 15:30:00,0.948,61.733333333333334,13.652666666666667,6.320666666666667,81.70666666666666,,23.039111111111108
2018-09-10 15:45:00,0.9820666666666666,55.943999999999996,13.759333333333332,5.815333333333333,75.51866666666666,,22.84755555555556
2018-09-10 16:00:00,0.9608666666666666,58.15933333333333,13.390666666666666,6.285333333333333,77.83533333333334,,23.17311111111111
2018-09-10 16:15:00,0.9471333333333333,58.574,13.135333333333334,5.742,77.45133333333334,,23.078777777777773
2018-09-10 16:30:00,0.9074666666666666,5.106,12.671999999999999,5.4126666666666665,23.19066666666667,,23.787666666666667
2018-09-10 16:45:00,0.9175333333333333,0.0,12.7,5.585333333333334,18.285333333333334,,25.3875
2018-09-10 17:00:00,0.8805333333333334,0.0,12.564,4.984,17.548000000000002,,26.37961111111111
2018-09-10 17:15:00,0.8163333333333332,0.0,11.645999999999999,4.626666666666667,16.272666666666666,,26.785666666666668
2018-09-10 17:30:00,0.7234666666666667,0.0,10.854000000000001,3.5639999999999996,14.418000000000001,,27.090666666666667
2018-09-10 17:45:00,0.647,0.0,9.652,3.241333333333334,12.893333333333334,,27.209666666666667
2018-09-10 18:00:00,0.5984666666666667,0.0,9.31,2.614,11.924000000000001,,27.33061111111111
2018-09-10 18:15:00,0.5863333333333334,0.0,9.125333333333334,2.555333333333334,11.680666666666667,,27.554333333333332
2018-09-10 18:30:00,0.5873333333333333,0.0,9.048666666666666,2.6546666666666665,11.703333333333331,,27.572333333333333
2018-09-10 18:45:00,0.5598,0.0,8.766666666666667,2.39,11.156666666666666,,27.527833333333334
2018-09-10 19:00:00,0.5594666666666668,0.0,8.804,2.3506666666666667,11.154666666666666,,27.70133333333333
2018-09-10 19:15:00,0.5546666666666666,0.0,8.831333333333333,2.228,11.059333333333333,,27.644166666666663
2018-09-10 19:30:00,0.5534,0.0,8.770666666666667,2.3059999999999996,11.076666666666666,,27.671
2018-09-10 19:45:00,0.5296666666666667,0.0,8.392666666666665,2.166,10.558666666666666,,27.660277777777775
2018-09-10 20:00:00,0.36186666666666667,0.0,5.257999999999999,1.9533333333333334,7.211333333333333,,27.724
2018-09-10 20:15:00,0.29786666666666667,0.0,4.28,1.656,5.936000000000001,,27.63227777777778
2018-09-10 20:30:00,0.15166666666666667,0.0,1.4553333333333334,1.5686666666666667,3.024,,27.537555555555556
2018-09-10 20:45:00,0.15353333333333333,0.0,1.3846666666666667,1.6733333333333331,3.058,,27.49566666666667
2018-09-10 21:00:00,0.13373333333333332,0.0,1.284,1.3780000000000001,2.662,,27.453333333333333
2018-09-10 21:15:00,0.10759999999999999,0.0,1.0546666666666666,1.0933333333333333,2.148,,27.550277777777776
2018-09-10 21:30:00,0.10913333333333333,0.0,1.208,0.9700000000000001,2.178,,27.547666666666668
2018-09-10 21:45:00,0.10666666666666666,0.0,1.0613333333333335,1.068,2.1293333333333333,,27.430166666666665
2018-09-10 22:00:00,0.06946666666666666,0.0,0.3066666666666667,1.0786666666666667,1.3853333333333333,,27.382055555555556
2018-09-10 22:15:00,0.060733333333333334,0.0,0.030000000000000002,1.1793333333333333,1.2093333333333334,,27.295944444444444
2018-09-10 22:30:00,0.06506666666666666,0.0,0.18000000000000002,1.116,1.296,,27.167333333333335
2018-09-10 22:45:00,0.05633333333333333,0.0,0.024,1.0993333333333335,1.1233333333333335,,27.413222222222224
2018-09-10 23:00:00,0.059666666666666666,0.0,0.022000000000000002,1.1653333333333333,1.1873333333333334,,27.345833333333335
2018-09-10 23:15:00,0.059666666666666666,0.0,0.022000000000000002,1.168,1.19,,27.338500000000003
2018-09-10 23:30:00,0.05846666666666667,0.0,0.022000000000000002,1.1433333333333333,1.1653333333333333,,27.337
2018-09-10 23:45:00,0.0574,0.0,0.18466666666666667,0.9593333333333334,1.144,,27.334166666666665
2018-09-11 00:00:00,0.053200000000000004,0.0,0.02266666666666667,1.0366666666666666,1.0593333333333335,,27.329833333333337
2018-09-11 00:15:00,0.05706666666666667,0.0,0.022000000000000002,1.114666666666667,1.1366666666666667,,27.32783333333333
2018-09-11 00:30:00,0.063,0.0,0.08666666666666667,1.1693333333333333,1.256,,27.322499999999998
2018-09-11 00:45:00,0.0636,0.0,0.14133333333333334,1.1253333333333335,1.2666666666666666,,27.3215
2018-09-11 01:00:00,0.0726,0.0,0.2986666666666667,1.1513333333333333,1.45,,27.327833333333334
2018-09-11 01:15:00,0.06013333333333334,0.0,0.06466666666666668,1.1340000000000001,1.1986666666666668,,27.327999999999996
2018-09-11 01:30:00,0.06166666666666667,0.0,0.023333333333333334,1.2040000000000002,1.2273333333333334,,27.334999999999997
2018-09-11 01:45:00,0.06393333333333334,0.0,0.02266666666666667,1.2519999999999998,1.2746666666666668,,27.401944444444446
2018-09-11 02:00:00,0.06946666666666666,0.0,0.17866666666666667,1.206,1.3846666666666667,,27.36627777777778
2018-09-11 02:15:00,0.0626,0.0,0.021333333333333333,1.2253333333333332,1.2466666666666666,,27.36088888888889
2018-09-11 02:30:00,0.0564,0.0,0.02266666666666667,1.1006666666666667,1.1233333333333335,,27.346166666666665
2018-09-11 02:45:00,0.0584,0.0,0.022000000000000002,1.1406666666666667,1.1626666666666667,,27.34127777777778
2018-09-11 03:00:00,0.06253333333333334,0.0,0.11933333333333333,1.1239999999999999,1.2433333333333334,,27.324277777777777
2018-09-11 03:15:00,0.0634,0.0,0.07933333333333333,1.1840000000000002,1.2633333333333334,,27.383888888888887
2018-09-11 03:30:00,0.055266666666666665,0.0,0.022000000000000002,1.0773333333333333,1.0993333333333335,,27.318833333333334
2018-09-11 03:45:00,0.0542,0.0,0.020666666666666667,1.0593333333333335,1.0800000000000003,,27.312
2018-09-11 04:00:00,0.0572,0.0,0.02266666666666667,1.1153333333333333,1.1380000000000001,,27.30366666666667
2018-09-11 04:15:00,0.0646,0.0,0.17266666666666666,1.1153333333333333,1.288,,27.312333333333335
2018-09-11 04:30:00,0.05973333333333333,0.0,0.022000000000000002,1.168,1.1900000000000002,,27.320722222222223
2018-09-11 04:45:00,0.05793333333333333,0.0,0.035333333333333335,1.116,1.1513333333333333,,27.35072222222222
2018-09-11 05:00:00,0.06533333333333333,0.0,0.13133333333333336,1.1720000000000002,1.3033333333333337,,27.308833333333332
2018-09-11 05:15:00,0.07393333333333334,0.0,0.26333333333333336,1.21,1.4733333333333334,,27.310333333333336
2018-09-11 05:30:00,0.09786666666666667,0.0,0.7100000000000001,1.242,1.9519999999999997,,27.323888888888884
2018-09-11 05:45:00,0.0882,0.0,0.5673333333333334,1.1900000000000002,1.7573333333333332,,27.328166666666668
2018-09-11 06:00:00,0.17226666666666668,0.0,2.208,1.2246666666666668,3.432666666666667,,27.317055555555555
2018-09-11 06:15:00,0.5068666666666667,0.0,7.336666666666668,2.7640000000000002,10.100666666666665,,27.35533333333333
2018-09-11 06:30:00,0.5550666666666667,0.0,8.888,2.1746666666666665,11.062666666666667,,27.477666666666668
2018-09-11 06:45:00,0.5368666666666667,0.0,8.993333333333334,1.7093333333333331,10.702666666666666,,27.612666666666666
2018-09-11 07:00:00,0.5603333333333332,0.0,9.383333333333333,1.7846666666666666,11.168,,27.713833333333334
2018-09-11 07:15:00,0.6545333333333333,0.0006666666666666666,10.290666666666668,2.753333333333333,13.044666666666668,,27.75972222222222
2018-09-11 07:30:00,0.6793333333333333,0.0,11.018666666666666,2.521333333333333,13.54,,27.950333333333333
2018-09-11 07:45:00,0.6994666666666666,72.86466666666666,11.178,2.7640000000000002,86.80666666666666,,27.310722222222225
2018-09-11 08:00:00,0.7428,81.384,11.222666666666667,3.579333333333333,96.18599999999999,,24.73616666666667
2018-09-11 08:15:00,0.8472666666666666,58.30533333333333,11.883333333333333,5.002666666666666,75.19133333333333,,23.383666666666667
2018-09-11 08:30:00,0.8982666666666667,63.7,12.656,5.244,81.6,,23.472055555555553
2018-09-11 08:45:00,0.8962666666666668,61.45066666666666,12.452666666666666,5.408,79.31133333333334,,23.465666666666667
2018-09-11 09:00:00,0.9032,48.924,12.524,5.475333333333333,66.92333333333333,,23.371166666666667
2018-09-11 09:15:00,0.9372666666666666,60.00466666666667,12.794666666666668,5.888000000000001,78.68733333333333,,23.542166666666667
2018-09-11 09:30:00,0.9395333333333333,61.087333333333326,12.991333333333333,6.2,80.27866666666667,,23.278111111111112
2018-09-11 09:45:00,0.9155333333333334,59.956,13.364666666666666,5.984,79.30466666666666,,23.232333333333333
2018-09-11 10:00:00,0.9247333333333334,59.368,12.776666666666667,5.652,77.79666666666667,,23.201
2018-09-11 10:15:00,0.9290666666666667,53.38666666666666,12.898,5.616666666666666,71.90133333333333,,23.273555555555557
2018-09-11 10:30:00,0.9056666666666667,59.34733333333334,13.266,5.918666666666667,78.532,,23.246888888888886
2018-09-11 10:45:00,0.9470666666666666,63.385999999999996,13.255333333333333,5.672666666666667,82.31400000000001,,23.30761111111111
2018-09-11 11:00:00,0.9717333333333333,59.85933333333333,13.206,6.224666666666667,79.29,,23.103166666666667
2018-09-11 11:15:00,0.9351333333333334,54.87466666666667,12.858666666666666,5.781333333333333,73.51466666666667,,23.166999999999998
2018-09-11 11:30:00,0.9291333333333334,56.63466666666667,12.840666666666666,5.676666666666667,75.152,,23.238333333333333
2018-09-11 11:45:00,0.9423333333333334,3.466666666666667,12.842,5.9399999999999995,22.24866666666667,,23.826166666666666
2018-09-11 12:00:00,0.8684666666666666,0.0,11.834666666666667,5.473333333333333,17.308,,25.505444444444443
2018-09-11 12:15:00,0.8231999999999999,0.0,11.145999999999999,5.264666666666667,16.410666666666668,,26.41033333333333
2018-09-11 12:30:00,0.7905333333333334,0.0,10.494666666666665,5.260666666666666,15.755333333333335,,26.936666666666667
2018-09-11 12:45:00,0.7502666666666666,0.0,9.831999999999999,5.172666666666667,15.004666666666667,,27.3215
2018-09-11 13:00:00,0.8016666666666666,78.73533333333333,10.783999999999999,5.194,94.71333333333334,,26.703944444444446
2018-09-11 13:15:00,0.8871333333333333,72.84933333333333,12.246,5.433333333333334,90.52866666666667,,24.169833333333333
2018-09-11 13:30:00,0.9361999999999999,62.192,12.742666666666667,5.914666666666666,80.84933333333333,,23.65983333333333
2018-09-11 13:45:00,0.9450666666666667,65.83933333333333,12.770666666666667,6.066,84.676,,23.669
2018-09-11 14:00:00,0.9894666666666667,60.452666666666666,13.314,6.688,80.45466666666667,,23.657333333333334
2018-09-11 14:15:00,0.9504666666666667,57.80133333333333,12.8,6.144666666666667,76.74600000000001,,23.336555555555556
2018-09-11 14:30:00,0.9654,63.870666666666665,12.686666666666667,6.570666666666667,83.128,,23.3085
2018-09-11 14:45:00,0.9495333333333333,68.01666666666667,12.651333333333334,6.284000000000001,86.952,,23.181166666666666
2018-09-11 15:00:00,0.9506,54.14866666666667,12.794666666666668,6.175333333333333,73.11866666666667,,23.14
2018-09-11 15:15:00,0.9186666666666666,58.30733333333333,13.250666666666666,6.035333333333333,77.59333333333333,,23.276777777777777
2018-09-11 15:30:00,0.9659333333333333,67.81733333333334,12.734666666666667,6.518000000000001,87.07,,23.171
2018-09-11 15:45:00,0.9484666666666667,65.28266666666667,12.740666666666668,6.1659999999999995,84.18933333333334,,22.78811111111111
2018-09-11 16:00:00,0.9371333333333334,55.76133333333333,12.768666666666666,5.910666666666667,74.44066666666666,,22.913833333333333
2018-09-11 16:15:00,0.9356000000000001,61.94866666666667,12.983333333333333,5.665333333333334,80.59733333333334,,23.191333333333333
2018-09-11 16:30:00,0.8867333333333334,4.349333333333333,12.924666666666667,5.616666666666666,22.890666666666668,,23.62561111111111
2018-09-11 16:45:00,0.9147333333333333,0.0,12.335333333333333,5.892666666666667,18.228,,25.407
2018-09-11 17:00:00,0.898,0.0,12.657333333333332,5.2379999999999995,17.895333333333333,,26.414888888888886
2018-09-11 17:15:00,0.8617333333333334,0.0,12.072,5.179333333333333,17.25133333333333,,26.875333333333334
2018-09-11 17:30:00,0.7568666666666667,0.0,10.986666666666666,4.0953333333333335,15.081999999999999,,27.18811111111111
2018-09-11 17:45:00,0.6635333333333333,0.0,9.633333333333333,3.5919999999999996,13.225333333333333,,27.37988888888889
2018-09-11 18:00:00,0.6264000000000001,0.0,9.377333333333333,3.1053333333333333,12.482666666666667,,27.496166666666667
2018-09-11 18:15:00,0.6426666666666667,0.0,9.879999999999999,3.1913333333333336,13.071333333333333,,27.48811111111111
2018-09-11 18:30:00,0.6125333333333334,0.0,9.279333333333334,2.926,12.205333333333332,,27.543833333333332
2018-09-11 18:45:00,0.5601333333333333,0.0,8.416,2.746,11.161999999999999,,27.645
2018-09-11 19:00:00,0.5759333333333333,0.0,9.041333333333334,2.432666666666667,11.474,,27.62816666666667
2018-09-11 19:15:00,0.5874666666666666,0.0,9.3,2.4046666666666665,11.704666666666666,,27.66561111111111
2018-09-11 19:30:00,0.507,0.0,7.707333333333334,2.3946666666666667,10.102,,27.6835
2018-09-11 19:45:00,0.4322666666666667,0.0,6.688,1.9286666666666668,8.616666666666667,,27.703166666666664
2018-09-11 20:00:00,0.4170666666666667,0.0,6.366,1.9486666666666668,8.314666666666666,,27.763555555555556
2018-09-11 20:15:00,0.3096,0.0,4.430666666666666,1.74,6.1706666666666665,,27.664944444444448
2018-09-11 20:30:00,0.2792,0.0,3.798,1.7719999999999998,5.569999999999999,,27.645166666666668
2018-09-11 20:45:00,0.28186666666666665,0.0,3.9826666666666664,1.6380000000000001,5.620666666666667,,27.502555555555553
2018-09-11 21:00:00,0.22086666666666668,0.0,3.1546666666666665,1.2480000000000002,4.402666666666667,,27.502333333333336
2018-09-11 21:15:00,0.14873333333333333,0.0,1.652,1.3073333333333332,2.9593333333333334,,27.450944444444442
2018-09-11 21:30:00,0.1598,0.0,1.865333333333333,1.3159999999999998,3.1813333333333333,,27.453
2018-09-11 21:45:00,0.16040000000000001,0.0,1.7786666666666666,1.4153333333333333,3.194,,27.430166666666665
2018-09-11 22:00:00,0.1138,0.0,1.0479999999999998,1.2146666666666668,2.2626666666666666,,27.404833333333332
2018-09-11 22:15:00,0.06486666666666667,0.0,0.07200000000000001,1.2226666666666668,1.2946666666666669,,27.56027777777778
2018-09-11 22:30:00,0.06213333333333334,0.0,0.02266666666666667,1.2166666666666666,1.2393333333333334,,27.5375
2018-09-11 22:45:00,0.07333333333333333,0.0,0.18066666666666667,1.2833333333333334,1.464,,27.52938888888889
2018-09-11 23:00:00,0.063,0.0,0.02333333333333333,1.2333333333333334,1.2566666666666668,,27.578
2018-09-11 23:15:00,0.05946666666666667,0.0,0.02266666666666667,1.1600000000000001,1.1826666666666668,,27.498777777777775
2018-09-11 23:30:00,0.05906666666666667,0.0,0.022000000000000002,1.1573333333333335,1.1793333333333333,,27.528000000000002
2018-09-11 23:45:00,0.07213333333333334,0.0,0.17466666666666666,1.2626666666666668,1.4373333333333334,,27.534888888888887
2018-09-12 00:00:00,0.06526666666666667,0.0,0.02266666666666667,1.2753333333333332,1.2979999999999998,,27.549333333333333
2018-09-12 00:15:00,0.06733333333333333,0.0,0.022000000000000002,1.318,1.34,,27.469777777777775
2018-09-12 00:30:00,0.0706,0.0,0.02333333333333333,1.3833333333333333,1.4066666666666667,,27.559777777777775
2018-09-12 00:45:00,0.07693333333333333,0.0,0.17933333333333332,1.3546666666666667,1.534,,27.47877777777778
2018-09-12 01:00:00,0.07193333333333334,0.0,0.058,1.3753333333333333,1.4333333333333333,,27.357333333333333
2018-09-12 01:15:00,0.07286666666666666,0.0,0.136,1.3166666666666667,1.4526666666666666,,27.357111111111113
2018-09-12 01:30:00,0.07246666666666667,0.0,0.14266666666666666,1.3026666666666666,1.4453333333333334,,27.37
2018-09-12 01:45:00,0.06526666666666667,0.0,0.05800000000000001,1.242,1.3,,27.333333333333332
2018-09-12 02:00:00,0.071,0.0,0.18000000000000002,1.236,1.416,,27.332666666666668
2018-09-12 02:15:00,0.05926666666666667,0.0,0.022000000000000002,1.1573333333333333,1.1793333333333333,,27.329777777777778
2018-09-12 02:30:00,0.057133333333333335,0.0,0.021333333333333333,1.116,1.1373333333333335,,27.34622222222222
2018-09-12 02:45:00,0.06446666666666667,0.0,0.02266666666666667,1.2633333333333332,1.286,,27.39477777777778
2018-09-12 03:00:00,0.07013333333333334,0.0,0.18000000000000002,1.2173333333333332,1.3973333333333333,,27.334944444444442
2018-09-12 03:15:00,0.0644,0.0,0.02266666666666667,1.2626666666666666,1.2853333333333334,,27.30644444444444
2018-09-12 03:30:00,0.058866666666666664,0.0,0.02,1.1533333333333333,1.1733333333333333,,27.306166666666666
2018-09-12 03:45:00,0.06433333333333334,0.0,0.022000000000000002,1.2600000000000002,1.2820000000000003,,27.325444444444443
2018-09-12 04:00:00,0.06846666666666668,0.0,0.02333333333333333,1.3406666666666667,1.364,,27.3195
2018-09-12 04:15:00,0.07633333333333334,0.0,0.17066666666666666,1.3493333333333333,1.52,,27.32283333333333
2018-09-12 04:30:00,0.06813333333333334,0.0,0.02266666666666667,1.3346666666666667,1.3573333333333333,,27.320833333333333
2018-09-12 04:45:00,0.061533333333333336,0.0,0.022000000000000002,1.2026666666666668,1.2246666666666668,,27.314666666666668
2018-09-12 05:00:00,0.06293333333333334,0.0,0.024,1.2280000000000002,1.252,,27.307055555555557
2018-09-12 05:15:00,0.06746666666666666,0.0,0.12066666666666667,1.2213333333333334,1.3419999999999999,,27.312166666666666
2018-09-12 05:30:00,0.09833333333333334,0.0,0.6893333333333334,1.2733333333333334,1.9626666666666666,,27.300666666666665
2018-09-12 05:45:00,0.09186666666666667,0.0,0.6313333333333334,1.2020000000000002,1.8333333333333333,,27.296499999999998
2018-09-12 06:00:00,0.13640000000000002,0.0,1.4726666666666668,1.246,2.7186666666666666,,27.296055555555554
2018-09-12 06:15:00,0.4136,0.0,6.206666666666666,2.038,8.244666666666667,,27.324166666666667
2018-09-12 06:30:00,0.6323333333333333,0.0,9.460666666666667,3.142,12.602666666666666,,27.416166666666665
2018-09-12 06:45:00,0.577,0.0,9.328,2.169333333333334,11.497333333333334,,27.607833333333335
2018-09-12 07:00:00,0.6182666666666666,0.0,9.632666666666667,2.686666666666667,12.319333333333333,,27.61327777777778
2018-09-12 07:15:00,0.6672,0.0,9.915333333333333,3.381333333333333,13.296666666666665,,27.796166666666668
2018-09-12 07:30:00,0.7194666666666667,0.0,10.405333333333335,3.9339999999999997,14.339333333333334,,27.78311111111111
2018-09-12 07:45:00,0.6686,71.09866666666667,10.374666666666666,2.9513333333333334,84.42466666666665,,27.200166666666668
2018-09-12 08:00:00,0.7165333333333332,74.00466666666667,11.437333333333333,3.318,88.76,,24.56
2018-09-12 08:15:00,0.787,57.834666666666664,11.996,3.691333333333333,73.52199999999999,,23.300666666666665
2018-09-12 08:30:00,0.8476,62.132666666666665,12.496666666666668,4.398,79.02733333333335,,23.357166666666668
2018-09-12 08:45:00,0.914,59.678,12.848,5.366666666666666,77.89266666666667,,23.243333333333332
2018-09-12 09:00:00,0.9556666666666666,56.23066666666667,12.829333333333333,6.219333333333334,75.27933333333334,,23.078444444444447
2018-09-12 09:15:00,0.9346666666666666,51.504,12.918666666666667,5.714,70.13666666666667,,23.11916666666667
2018-09-12 09:30:00,0.9446666666666667,53.17933333333334,13.135333333333334,5.692666666666667,72.00733333333334,,23.269055555555557
2018-09-12 09:45:00,0.9635333333333332,59.63933333333333,13.450666666666667,5.83,78.92,,23.093
2018-09-12 10:00:00,0.9765999999999999,59.88333333333333,13.503333333333334,5.968666666666667,79.35533333333333,,23.107111111111113
2018-09-12 10:15:00,0.9764666666666667,56.587333333333326,13.5,5.992,76.07933333333334,,22.9645
2018-09-12 10:30:00,0.9802,61.95466666666667,13.59,5.981333333333334,81.526,,23.01988888888889
2018-09-12 10:45:00,0.9519333333333333,43.813333333333325,13.97,6.183999999999999,63.967333333333336,,22.93566666666667
2018-09-12 11:00:00,0.9218,49.26466666666666,12.926666666666668,5.453333333333333,67.64466666666667,,23.599833333333333
2018-09-12 11:15:00,0.9784666666666666,53.97866666666667,13.718666666666667,5.7973333333333334,73.49466666666667,,23.5315
2018-09-12 11:30:00,0.9878666666666667,53.395999999999994,14.203333333333331,5.682,73.28133333333334,,23.496166666666667
2018-09-12 11:45:00,0.9566,4.61,13.910666666666666,5.794,24.314666666666668,,24.105666666666664
2018-09-12 12:00:00,0.9364666666666667,0.0,12.854666666666667,5.8660000000000005,18.720666666666666,,25.612333333333332
2018-09-12 12:15:00,0.8542666666666666,0.0,11.124666666666666,5.902666666666667,17.027333333333335,,26.470944444444445
2018-09-12 12:30:00,0.8693333333333333,0.0,11.472666666666667,5.849333333333334,17.322,,26.943833333333334
2018-09-12 12:45:00,0.8472666666666666,0.0,11.604666666666667,5.285333333333333,16.89,,27.279333333333334
2018-09-12 13:00:00,0.8714666666666666,73.80933333333334,11.936666666666666,5.5440000000000005,91.29,,26.63361111111111
2018-09-12 13:15:00,0.9257333333333333,69.62466666666666,13.471333333333332,6.099333333333333,89.19533333333334,,24.171333333333333
2018-09-12 13:30:00,0.9700666666666666,60.669999999999995,13.329333333333333,6.008,80.00733333333332,,23.191555555555556
2018-09-12 13:45:00,0.9538666666666666,60.34066666666667,12.805333333333332,6.212666666666666,79.35866666666668,,23.233888888888888
2018-09-12 14:00:00,0.9523333333333334,60.13533333333334,12.992666666666667,5.988666666666666,79.11666666666666,,23.30933333333333
2018-09-12 14:15:00,0.9152666666666666,58.52466666666667,13.278666666666668,6.129333333333333,77.93266666666666,,22.686333333333334
2018-09-12 14:30:00,0.9424666666666667,66.58133333333333,13.052,5.733333333333333,85.36666666666666,,24.387666666666668
2018-09-12 14:45:00,0.9624666666666666,52.854,13.445333333333334,5.746666666666667,72.046,,23.707333333333334
2018-09-12 15:00:00,0.9674666666666667,55.45,13.377999999999998,5.913333333333333,74.74133333333333,,23.63533333333333
2018-09-12 15:15:00,0.9765333333333334,63.02266666666666,13.485333333333333,6.019333333333334,82.52733333333332,,23.762
2018-09-12 15:30:00,0.9621333333333334,60.324,13.437999999999999,5.898666666666667,79.66066666666667,,23.540000000000003
2018-09-12 15:45:00,1.0,57.693333333333335,14.055333333333332,6.6979999999999995,78.44666666666667,,23.803333333333335
2018-09-12 16:00:00,0.9909333333333333,42.715333333333334,13.693333333333333,6.312666666666668,62.72133333333333,,23.704666666666665
2018-09-12 16:15:00,0.9778,45.47866666666666,13.672,5.816666666666666,64.96733333333333,,24.158666666666665
2018-09-12 16:30:00,0.9742666666666666,5.2860000000000005,13.463999999999999,6.045333333333334,24.795333333333335,,24.453333333333333
2018-09-12 16:45:00,0.9750666666666666,0.0,13.778,5.680000000000001,19.458000000000002,,25.256666666666668
2018-09-12 17:00:00,0.8989333333333334,0.0,12.886666666666667,5.028666666666667,17.915333333333333,,25.994000000000003
2018-09-12 17:15:00,0.7899333333333334,0.0,11.640666666666668,4.101333333333334,15.741999999999999,,26.363999999999997
2018-09-12 17:30:00,0.7336666666666667,0.0,10.902666666666667,3.810666666666667,14.713333333333333,,26.605999999999998
2018-09-12 17:45:00,0.6283333333333334,0.0,9.606666666666666,2.914,12.520666666666667,,26.63133333333333
2018-09-12 18:00:00,0.5878666666666666,0.0,9.138666666666666,2.572666666666667,11.711333333333332,,26.613333333333333
2018-09-12 18:15:00,0.5755999999999999,0.0,9.021999999999998,2.4486666666666665,11.470666666666665,,26.607333333333333
2018-09-12 18:30:00,0.5663333333333332,0.0,9.075333333333333,2.2146666666666666,11.289999999999997,,26.592
2018-09-12 18:45:00,0.5717333333333333,0.0,9.198666666666666,2.196,11.394666666666666,,26.602
2018-09-12 19:00:00,0.5695333333333333,0.0,9.193999999999999,2.158666666666667,11.352666666666666,,26.62933333333333
2018-09-12 19:15:00,0.5681999999999999,0.0,9.235333333333333,2.0893333333333333,11.324666666666667,,26.637333333333334
2018-09-12 19:30:00,0.542,0.0,8.882,1.9253333333333336,10.807333333333334,,26.614
2018-09-12 19:45:00,0.5369333333333334,0.0,8.696666666666665,2.0086666666666666,10.705333333333334,,26.604
2018-09-12 20:00:00,0.4454666666666666,0.0,6.919333333333333,1.9613333333333334,8.880666666666666,,26.587333333333333
2018-09-12 20:15:00,0.3206666666666667,0.0,4.533333333333333,1.8546666666666667,6.388,,26.541333333333334
2018-09-12 20:30:00,0.2914,0.0,3.8833333333333333,1.9233333333333333,5.806666666666667,,26.517333333333333
2018-09-12 20:45:00,0.27926666666666666,0.0,3.852,1.716,5.568,,26.502000000000002
2018-09-12 21:00:00,0.15326666666666666,0.0,1.6153333333333333,1.4393333333333334,3.054666666666667,,26.472666666666665
2018-09-12 21:15:00,0.0766,0.0,0.378,1.1486666666666667,1.5266666666666666,,26.454
2018-09-12 21:30:00,0.06620000000000001,0.0,0.15866666666666665,1.1593333333333333,1.3179999999999998,,26.468
2018-09-12 21:45:00,0.06113333333333334,0.0,0.16066666666666668,1.058,1.2186666666666668,,26.456
2018-09-12 22:00:00,0.06266666666666666,0.0,0.186,1.0633333333333332,1.2493333333333332,,26.424666666666667
2018-09-12 22:15:00,0.08,0.0,0.43066666666666664,1.1653333333333333,1.5959999999999999,,26.42
2018-09-12 22:30:00,0.06726666666666667,0.0,0.27266666666666667,1.0686666666666667,1.3413333333333335,,26.434
2018-09-12 22:45:00,0.06426666666666667,0.0,0.20333333333333334,1.0773333333333333,1.2806666666666666,,26.41
2018-09-12 23:00:00,0.066,0.0,0.17133333333333337,1.144,1.315333333333333,,26.415333333333333
2018-09-12 23:15:00,0.07353333333333333,0.0,0.21533333333333332,1.2493333333333332,1.4646666666666666,,26.412
2018-09-12 23:30:00,0.07053333333333334,0.0,0.23800000000000002,1.1653333333333333,1.4033333333333333,,26.401999999999997
2018-09-12 23:45:00,0.062200000000000005,0.0,0.021333333333333333,1.2173333333333334,1.2386666666666668,,26.384666666666664
2018-09-13 00:00:00,0.0636,0.0,0.022000000000000002,1.2453333333333334,1.2673333333333334,,26.39
2018-09-13 00:15:00,0.05806666666666667,0.0,0.02266666666666667,1.1346666666666667,1.1573333333333335,,26.387333333333334
2018-09-13 00:30:00,0.06533333333333333,0.0,0.17400000000000002,1.1280000000000001,1.302,,26.376666666666665
2018-09-13 00:45:00,0.058,0.0,0.02266666666666667,1.129333333333333,1.152,,26.387333333333334
2018-09-13 01:00:00,0.05793333333333333,0.0,0.025333333333333333,1.1266666666666665,1.1520000000000001,,26.388666666666666
2018-09-13 01:15:00,0.058666666666666666,0.0,0.132,1.038,1.1700000000000002,,26.373333333333335
2018-09-13 01:30:00,0.0666,0.0,0.14200000000000002,1.186,1.3279999999999998,,26.374666666666666
2018-09-13 01:45:00,0.0748,0.0,0.3406666666666667,1.1526666666666665,1.4933333333333334,,26.38533333333333
2018-09-13 02:00:00,0.0592,0.0,0.14200000000000002,1.038,1.18,,26.38266666666667
2018-09-13 02:15:00,0.061733333333333335,0.0,0.08733333333333333,1.144,1.2313333333333334,,26.378666666666668
2018-09-13 02:30:00,0.061533333333333336,0.0,0.022000000000000002,1.2033333333333334,1.2253333333333332,,26.390666666666668
2018-09-13 02:45:00,0.07440000000000001,0.0,0.17466666666666666,1.3086666666666666,1.4833333333333334,,26.383333333333333
2018-09-13 03:00:00,0.06553333333333335,0.0,0.042,1.264,1.306,,26.395333333333333
2018-09-13 03:15:00,0.0654,0.0,0.022000000000000002,1.2806666666666666,1.3026666666666666,,26.41866666666667
2018-09-13 03:30:00,0.06313333333333333,0.0,0.02266666666666667,1.2346666666666666,1.2573333333333332,,26.431333333333335
2018-09-13 03:45:00,0.06166666666666667,0.0,0.02266666666666667,1.2046666666666668,1.2273333333333334,,26.446
2018-09-13 04:00:00,0.06733333333333333,0.0,0.17933333333333332,1.161333333333333,1.3406666666666667,,26.45133333333333
2018-09-13 04:15:00,0.054266666666666664,0.0,0.024666666666666667,1.0553333333333332,1.0799999999999998,,26.444666666666667
2018-09-13 04:30:00,0.05973333333333333,0.0,0.022000000000000002,1.168,1.1900000000000002,,26.431333333333335
2018-09-13 04:45:00,0.060866666666666666,0.0,0.026000000000000002,1.1833333333333333,1.2093333333333334,,26.439333333333334
2018-09-13 05:00:00,0.07053333333333334,0.0,0.29000000000000004,1.1146666666666667,1.4046666666666667,,26.44
2018-09-13 05:15:00,0.061066666666666665,0.0,0.16266666666666665,1.0553333333333332,1.218,,26.436666666666667
2018-09-13 05:30:00,0.08066666666666666,0.0,0.44800000000000006,1.161333333333333,1.6093333333333333,,26.442
2018-09-13 05:45:00,0.08186666666666667,0.0,0.5066666666666666,1.1239999999999999,1.6306666666666667,,26.442666666666664
2018-09-13 06:00:00,0.13746666666666668,0.0,1.4780000000000002,1.2626666666666668,2.740666666666667,,26.45
2018-09-13 06:15:00,0.32880000000000004,0.0,4.214,2.3393333333333333,6.553333333333333,,26.454666666666665
2018-09-13 06:30:00,0.6115333333333334,0.0,9.078666666666667,3.1113333333333335,12.19,,26.513333333333332
2018-09-13 06:45:00,0.5946,0.0,9.761333333333335,2.086,11.847333333333333,,26.586000000000002
2018-09-13 07:00:00,0.6196,0.0,10.197333333333335,2.444666666666667,12.642,,26.637333333333334
2018-09-13 07:15:00,0.6676,0.0,10.099333333333332,3.208666666666667,13.308,,26.742666666666665
2018-09-13 07:30:00,0.6763333333333333,0.0,10.520666666666667,2.962,13.482666666666667,,26.873333333333335
2018-09-13 07:45:00,0.7260000000000001,73.33933333333334,11.373333333333333,3.0926666666666667,87.80533333333334,,26.613999999999997
2018-09-13 08:00:00,0.7969333333333334,74.24600000000001,12.172666666666666,3.710666666666667,90.12933333333334,,25.07133333333333
2018-09-13 08:15:00,0.8775999999999999,58.32266666666667,13.010666666666667,4.4799999999999995,75.81333333333333,,23.891333333333332
2018-09-13 08:30:00,0.9411999999999999,63.11266666666666,13.297333333333334,5.461333333333333,81.87133333333333,,24.214666666666666
2018-09-13 08:45:00,0.9477333333333333,60.352,13.357333333333335,5.556,79.26533333333333,,23.814666666666668
2018-09-13 09:00:00,0.9635333333333332,51.074,13.132666666666665,6.104666666666666,70.31133333333334,,23.83
2018-09-13 09:15:00,0.9914666666666666,55.943999999999996,13.784666666666668,5.9959999999999996,75.72466666666666,,23.877333333333333
2018-09-13 09:30:00,0.9657333333333333,58.522666666666666,14.190666666666665,6.8053333333333335,79.51866666666666,,23.767999999999997
2018-09-13 09:45:00,0.978,63.32,14.141333333333334,6.56,84.02133333333333,,24.148000000000003
2018-09-13 10:00:00,0.9897333333333334,61.108666666666664,14.002666666666666,5.938000000000001,81.04933333333334,,23.803333333333335
2018-09-13 10:15:00,0.9861333333333333,48.989333333333335,13.55,6.109333333333334,68.64866666666667,,23.839333333333336
2018-09-13 10:30:00,0.9876666666666666,59.884,13.479333333333333,6.328,79.69133333333335,,23.852666666666668
2018-09-13 10:45:00,0.9952666666666666,59.882666666666665,13.758666666666667,6.199333333333333,79.84066666666666,,23.660666666666664
2018-09-13 11:00:00,0.9682,56.242,13.563333333333333,5.747333333333334,75.55266666666667,,23.694666666666667
2018-09-13 11:15:00,0.9783333333333334,40.800666666666665,13.366666666666667,6.202,60.36933333333333,,23.658666666666665
2018-09-13 11:30:00,0.9912666666666666,50.316,13.792,6.078666666666666,70.18666666666667,,24.064666666666668
2018-09-13 11:45:00,0.9560666666666666,4.154666666666667,13.353333333333333,5.732,23.240000000000002,,24.295333333333335
2018-09-13 12:00:00,0.9290666666666667,0.0,12.860666666666667,5.658,18.518666666666665,,25.36
2018-09-13 12:15:00,0.8976666666666666,0.0,12.248666666666667,5.639333333333334,17.887999999999998,,26.113333333333333
2018-09-13 12:30:00,0.8427333333333333,0.0,11.746666666666666,5.054,16.800666666666665,,26.462666666666667
2018-09-13 12:45:00,0.7973333333333333,0.0,10.841333333333333,5.05,15.891333333333334,,26.728
2018-09-13 13:00:00,0.8688666666666667,77.11133333333333,11.672666666666666,5.6433333333333335,94.42733333333332,,26.474
2018-09-13 13:15:00,0.9040666666666667,72.66866666666667,12.347333333333333,5.666666666666667,90.68266666666666,,24.793333333333333
2018-09-13 13:30:00,0.9478666666666666,62.657333333333334,13.123999999999999,5.795333333333334,81.57666666666665,,23.898
2018-09-13 13:45:00,0.9052,55.629333333333335,11.898666666666665,6.142666666666667,73.67066666666666,,23.827333333333335
2018-09-13 14:00:00,0.9359333333333333,59.980000000000004,12.614666666666666,6.037999999999999,78.63266666666667,,23.658666666666665
2018-09-13 14:15:00,0.9282,64.99933333333334,12.639333333333333,5.864000000000001,83.50266666666667,,23.750666666666667
2018-09-13 14:30:00,0.9454,61.196000000000005,13.417333333333334,6.511333333333334,81.12466666666666,,23.626666666666665
2018-09-13 14:45:00,0.9293333333333333,53.95733333333333,12.531333333333333,5.990666666666667,72.47933333333334,,23.584666666666667
2018-09-13 15:00:00,0.928,59.14866666666667,13.078,6.492666666666667,78.71933333333332,,23.666666666666668
2018-09-13 15:15:00,0.9828666666666667,62.55333333333333,13.203333333333331,6.475333333333333,82.232,,23.546666666666667
2018-09-13 15:30:00,0.9739333333333333,57.01733333333333,13.289333333333333,6.241333333333333,76.548,,23.648666666666667
2018-09-13 15:45:00,0.9946,55.064,13.228,6.6080000000000005,74.9,,23.59333333333333
2018-09-13 16:00:00,0.9984666666666667,48.99533333333333,13.576,6.632000000000001,69.20333333333333,,23.632
2018-09-13 16:15:00,0.9844666666666666,52.99666666666667,13.241999999999999,6.440666666666667,72.67933333333333,,23.660666666666664
2018-09-13 16:30:00,0.9658666666666667,5.451333333333333,13.366666666666667,5.935333333333333,24.753333333333334,,24.182000000000002
2018-09-13 16:45:00,0.9383333333333332,0.0,13.027333333333333,5.673333333333333,18.700666666666667,,25.220000000000002
2018-09-13 17:00:00,0.882,0.0,12.804,4.772,17.576,,25.83
2018-09-13 17:15:00,0.7646666666666667,0.0,11.132,4.106,15.238,,26.296
2018-09-13 17:30:00,0.7175999999999999,0.0,10.752666666666668,3.610666666666667,14.363333333333335,,26.233333333333334
2018-09-13 17:45:00,0.7316,0.0,11.069333333333333,3.5080000000000005,14.577333333333334,,26.311333333333334
2018-09-13 18:00:00,0.7117333333333333,0.0,10.846666666666666,3.3400000000000003,14.186666666666666,,26.374666666666666
2018-09-13 18:15:00,0.6973333333333332,0.0,10.861333333333333,3.0413333333333337,13.902666666666667,,26.419333333333334
2018-09-13 18:30:00,0.68,0.0,10.583333333333334,2.970666666666667,13.554,,26.446
2018-09-13 18:45:00,0.6582666666666667,0.0,10.490666666666668,2.630666666666667,13.121333333333332,,26.447333333333333
2018-09-13 19:00:00,0.6557999999999999,0.0,10.33,2.74,13.07,,26.462
2018-09-13 19:15:00,0.6228666666666667,0.0,9.813999999999998,2.6013333333333337,12.415333333333333,,26.496
2018-09-13 19:30:00,0.5843333333333333,0.0,9.120666666666667,2.522666666666667,11.643333333333333,,26.479333333333333
2018-09-13 19:45:00,0.5601333333333333,0.0,8.774666666666667,2.384666666666667,11.159333333333333,,26.458666666666666
2018-09-13 20:00:00,0.4315333333333333,0.0,6.337999999999999,2.2600000000000002,8.598,,26.424666666666667
2018-09-13 20:15:00,0.34259999999999996,0.0,4.8406666666666665,1.9886666666666666,6.8293333333333335,,26.380666666666666
2018-09-13 20:30:00,0.3548,0.0,4.994666666666666,2.0766666666666667,7.071333333333333,,26.338666666666665
2018-09-13 20:45:00,0.3529333333333333,0.0,4.927333333333333,2.1053333333333337,7.0326666666666675,,26.315333333333335
2018-09-13 21:00:00,0.33399999999999996,0.0,4.617333333333333,2.034666666666667,6.652,,26.31133333333333
2018-09-13 21:15:00,0.32380000000000003,0.0,4.521333333333333,1.9266666666666665,6.4479999999999995,,26.315333333333335
2018-09-13 21:30:00,0.32753333333333334,0.0,4.703333333333333,1.822,6.525333333333333,,26.315333333333335
2018-09-13 21:45:00,0.1953333333333333,0.0,2.501333333333333,1.3840000000000001,3.8853333333333335,,26.294666666666668
2018-09-13 22:00:00,0.1548,0.0,1.6753333333333333,1.4073333333333333,3.082666666666667,,26.281333333333336
2018-09-13 22:15:00,0.1192,0.0,1.2113333333333334,1.1633333333333333,2.3746666666666667,,26.281333333333336
2018-09-13 22:30:00,0.10433333333333333,0.0,0.9326666666666666,1.1486666666666667,2.0813333333333333,,26.292666666666666
2018-09-13 22:45:00,0.10386666666666668,0.0,0.9246666666666667,1.146,2.0706666666666664,,26.29
2018-09-13 23:00:00,0.0594,0.0,0.02266666666666667,1.1606666666666667,1.1833333333333333,,26.27466666666667
2018-09-13 23:15:00,0.06653333333333333,0.0,0.114,1.2120000000000002,1.326,,26.26066666666667
2018-09-13 23:30:00,0.06726666666666667,0.0,0.13933333333333336,1.2006666666666668,1.34,,26.244666666666664
2018-09-13 23:45:00,0.0708,0.0,0.14200000000000002,1.2713333333333334,1.4133333333333333,,26.240666666666662
2018-09-14 00:00:00,0.07026666666666667,0.0,0.18333333333333332,1.2166666666666666,1.4,,26.24866666666667
2018-09-14 00:15:00,0.0562,0.0,0.022000000000000002,1.0953333333333333,1.1173333333333335,,26.246
2018-09-14 00:30:00,0.05573333333333333,0.0,0.022000000000000002,1.0853333333333335,1.1073333333333333,,26.235999999999997
2018-09-14 00:45:00,0.056,0.0,0.02333333333333333,1.0906666666666667,1.114,,26.232000000000003
2018-09-14 01:00:00,0.06380000000000001,0.0,0.1,1.1733333333333331,1.2733333333333332,,26.232666666666667
2018-09-14 01:15:00,0.060866666666666666,0.0,0.09733333333333333,1.1146666666666667,1.212,,26.25
2018-09-14 01:30:00,0.0566,0.0,0.022000000000000002,1.1046666666666667,1.1266666666666667,,26.24866666666667
2018-09-14 01:45:00,0.053,0.0,0.022000000000000002,1.0326666666666666,1.0546666666666666,,26.242
2018-09-14 02:00:00,0.057666666666666665,0.0,0.02333333333333333,1.1246666666666667,1.148,,26.223333333333333
2018-09-14 02:15:00,0.07013333333333334,0.0,0.17733333333333334,1.2233333333333334,1.4006666666666667,,26.23
2018-09-14 02:30:00,0.0626,0.0,0.02266666666666667,1.222,1.2446666666666668,,26.231333333333332
2018-09-14 02:45:00,0.06213333333333334,0.0,0.02266666666666667,1.2153333333333334,1.238,,26.226666666666667
2018-09-14 03:00:00,0.05706666666666667,0.0,0.021333333333333333,1.116,1.1373333333333335,,26.21066666666667
2018-09-14 03:15:00,0.07093333333333333,0.0,0.17266666666666666,1.2413333333333334,1.4140000000000001,,26.204
2018-09-14 03:30:00,0.06199999999999999,0.0,0.078,1.156,1.2339999999999998,,26.23
2018-09-14 03:45:00,0.06466666666666666,0.0,0.1366666666666667,1.1506666666666665,1.2873333333333332,,26.233999999999998
2018-09-14 04:00:00,0.0608,0.0,0.14266666666666666,1.068,1.2106666666666668,,26.216666666666665
2018-09-14 04:15:00,0.056666666666666664,0.0,0.10533333333333333,1.0233333333333332,1.1286666666666667,,26.208666666666666
2018-09-14 04:30:00,0.0636,0.0,0.10933333333333334,1.1566666666666667,1.2660000000000002,,26.217333333333332
2018-09-14 04:45:00,0.05733333333333333,0.0,0.02266666666666667,1.121333333333333,1.144,,26.230666666666664
2018-09-14 05:00:00,0.06126666666666667,0.0,0.02266666666666667,1.1966666666666665,1.2193333333333334,,26.23933333333333
2018-09-14 05:15:00,0.0622,0.0,0.054000000000000006,1.184,1.238,,26.233333333333334
2018-09-14 05:30:00,0.0904,0.0,0.6586666666666667,1.1460000000000001,1.8046666666666666,,26.226666666666667
2018-09-14 05:45:00,0.09113333333333333,0.0,0.5226666666666666,1.2946666666666669,1.8173333333333335,,26.244666666666667
2018-09-14 06:00:00,0.11806666666666667,0.0,1.0833333333333333,1.27,2.353333333333333,,26.255333333333336
2018-09-14 06:15:00,0.4182666666666667,0.0,5.787999999999999,2.5473333333333334,8.335333333333333,,26.278000000000002
2018-09-14 06:30:00,0.5915999999999999,0.0,8.785333333333334,3.002666666666667,11.788,,26.308
2018-09-14 06:45:00,0.5238,0.0,8.884666666666666,1.5546666666666666,10.439333333333334,,26.338666666666665
2018-09-14 07:00:00,0.587,0.0,9.606,2.092,11.698,,26.362666666666666
2018-09-14 07:15:00,0.6618666666666667,0.0,10.172666666666666,3.021333333333333,13.193999999999999,,26.413999999999998
2018-09-14 07:30:00,0.7043333333333333,0.0,10.782,3.254,14.036,,26.494000000000003
2018-09-14 07:45:00,0.7255333333333333,67.97666666666666,10.815333333333333,3.6426666666666665,82.43466666666667,,26.340666666666667
2018-09-14 08:00:00,0.7670666666666667,65.24133333333333,11.236666666666666,4.051333333333334,80.52933333333334,,24.951999999999998
2018-09-14 08:15:00,0.8896,57.09133333333333,12.382,5.3453333333333335,74.81866666666666,,24.128666666666668
2018-09-14 08:30:00,0.9122,58.486666666666665,13.050666666666666,5.129333333333333,76.66666666666667,,24.06
2018-09-14 08:45:00,0.8985333333333333,56.88733333333334,12.839333333333334,5.064666666666667,74.79133333333333,,23.818666666666665
2018-09-14 09:00:00,0.9019333333333334,60.092666666666666,12.911333333333333,5.062666666666667,78.06666666666666,,23.916
2018-09-14 09:15:00,0.9374666666666667,48.193333333333335,13.29,5.482,66.96533333333333,,23.71466666666667
2018-09-14 09:30:00,0.9341333333333334,42.26133333333333,13.092,5.527333333333333,60.88066666666667,,24.09466666666667
2018-09-14 09:45:00,0.9313333333333333,50.583999999999996,13.391333333333334,5.17,69.14533333333334,,23.962666666666667
2018-09-14 10:00:00,0.8816,48.52133333333334,13.168000000000001,5.332666666666666,67.022,,23.858
2018-09-14 10:15:00,0.8838,51.258,12.478666666666667,5.1306666666666665,68.86733333333333,,24.013333333333332
2018-09-14 10:30:00,0.8790666666666667,40.824666666666666,12.586666666666666,4.930000000000001,58.34133333333333,,23.848000000000003
2018-09-14 10:45:00,0.8542666666666666,45.23066666666667,12.233333333333333,4.794,62.258,,23.742666666666665
2018-09-14 11:00:00,0.8538666666666667,52.876,12.247333333333332,4.772666666666667,69.896,,23.88533333333333
2018-09-14 11:15:00,0.8654666666666666,49.82600000000001,13.310666666666666,4.91,68.04666666666667,,23.807333333333336
2018-09-14 11:30:00,0.9014666666666666,45.62866666666667,13.007333333333332,4.956666666666667,63.592666666666666,,23.862000000000002
2018-09-14 11:45:00,0.8825333333333333,3.7573333333333334,12.672666666666666,4.9159999999999995,21.346,,24.221333333333334
2018-09-14 12:00:00,0.8222,0.0,11.573333333333332,4.814666666666667,16.387999999999998,,25.18
2018-09-14 12:15:00,0.7606666666666667,0.0,10.674666666666665,4.482,15.156666666666666,,25.57
2018-09-14 12:30:00,0.7194666666666667,0.0,10.378666666666666,4.474666666666667,14.853333333333332,,25.767999999999997
2018-09-14 12:45:00,0.7338666666666666,0.0,10.352,4.268000000000001,14.620000000000001,,25.892666666666667
2018-09-14 13:00:00,0.753,60.047333333333334,10.500666666666666,4.505333333333334,75.05333333333333,,25.648666666666667
2018-09-14 13:15:00,0.7964,65.486,11.298,4.574666666666667,81.35866666666668,,24.291999999999998
2018-09-14 13:30:00,0.8296666666666667,61.33,11.966000000000001,4.5713333333333335,77.86733333333333,,23.62
2018-09-14 13:45:00,0.9029333333333334,59.88933333333333,12.628666666666668,5.367333333333334,77.88533333333334,,23.494666666666667
2018-09-14 14:00:00,0.9239999999999999,47.412000000000006,12.779333333333334,5.637333333333333,65.82866666666666,,23.495333333333335
2018-09-14 14:15:00,0.926,59.29866666666667,13.1,5.3533333333333335,77.752,,23.67
2018-09-14 14:30:00,0.9502666666666666,61.756,13.311333333333332,5.629999999999999,80.69733333333333,,23.570666666666668
2018-09-14 14:45:00,0.9583999999999999,49.42266666666667,13.377999999999998,5.836,68.63666666666667,,23.65666666666667
2018-09-14 15:00:00,0.9640666666666667,39.90866666666667,13.431333333333333,5.7860000000000005,59.126,,23.704666666666665
2018-09-14 15:15:00,0.9684,45.696000000000005,13.487333333333334,6.020666666666667,65.20400000000001,,23.758666666666667
2018-09-14 15:30:00,0.9623333333333334,52.90533333333334,13.386,5.956,72.24733333333333,,24.066
2018-09-14 15:45:00,0.9658,41.845333333333336,13.550666666666666,5.815333333333333,61.211333333333336,,23.91466666666667
2018-09-14 16:00:00,0.9628666666666666,37.221333333333334,13.553333333333335,5.638000000000001,56.412666666666674,,23.826
2018-09-14 16:15:00,0.9618,52.132,13.852,5.319333333333334,71.30333333333333,,24.073333333333334
2018-09-14 16:30:00,0.9539333333333333,5.1273333333333335,13.542,5.502,24.171333333333333,,24.13533333333333
2018-09-14 16:45:00,0.9209999999999999,0.0,13.359333333333332,4.995333333333334,18.354666666666667,,25.11466666666667
2018-09-14 17:00:00,0.8630666666666666,0.0,12.883333333333333,4.314666666666667,17.198,,25.69
2018-09-14 17:15:00,0.7466666666666666,0.0,11.998666666666667,3.6266666666666665,15.625333333333334,,26.167333333333332
2018-09-14 17:30:00,0.6913333333333332,0.0,10.933333333333334,2.8473333333333333,13.780666666666667,,26.263333333333332
2018-09-14 17:45:00,0.6894666666666667,0.0,10.868666666666666,3.008,13.876666666666667,,26.410666666666668
2018-09-14 18:00:00,0.6427333333333334,0.0,10.409333333333333,2.400666666666667,12.81,,26.506666666666668
2018-09-14 18:15:00,0.5949333333333333,0.0,9.515333333333333,2.3393333333333337,11.854666666666667,,26.514000000000003
2018-09-14 18:30:00,0.6129333333333332,0.0,9.734666666666666,2.478666666666667,12.213333333333333,,26.65666666666667
2018-09-14 18:45:00,0.5331333333333333,0.0,8.612666666666666,2.0146666666666664,10.627333333333333,,26.799333333333333
2018-09-14 19:00:00,0.5196666666666666,0.0,8.484666666666666,1.8746666666666667,10.359333333333332,,26.66466666666667
2018-09-14 19:15:00,0.5144,0.0,8.416,1.8359999999999999,10.252,,26.540000000000003
2018-09-14 19:30:00,0.49893333333333334,0.0,8.232000000000001,1.7133333333333336,9.945333333333334,,26.456
2018-09-14 19:45:00,0.4956,0.0,8.194,1.6833333333333333,9.877333333333333,,26.384666666666664
2018-09-14 20:00:00,0.4882,0.0,8.079333333333334,1.6513333333333333,9.730666666666668,,26.35666666666667
2018-09-14 20:15:00,0.3821333333333333,0.0,6.142666666666667,1.4753333333333336,7.617999999999999,,26.322
2018-09-14 20:30:00,0.3708666666666666,0.0,5.9206666666666665,1.4713333333333334,7.3919999999999995,,26.293333333333333
2018-09-14 20:45:00,0.3694,0.0,5.972666666666666,1.3893333333333333,7.361999999999999,,26.274
2018-09-14 21:00:00,0.32933333333333337,0.0,5.455333333333333,1.1073333333333333,6.562666666666667,,26.254666666666665
2018-09-14 21:15:00,0.311,0.0,5.176,1.0213333333333334,6.197333333333333,,26.236
2018-09-14 21:30:00,0.3156666666666667,0.0,5.316666666666666,0.9706666666666667,6.287333333333333,,26.221333333333334
2018-09-14 21:45:00,0.1174,0.0,1.3986666666666667,0.9393333333333334,2.338,,26.199333333333335
2018-09-14 22:00:00,0.05326666666666667,0.0,0.02266666666666667,1.0373333333333334,1.06,,26.198
2018-09-14 22:15:00,0.06106666666666667,0.0,0.156,1.0593333333333335,1.2153333333333334,,26.21066666666667
2018-09-14 22:30:00,0.0614,0.0,0.19933333333333333,1.0233333333333332,1.2226666666666666,,26.199333333333335
2018-09-14 22:45:00,0.05753333333333333,0.0,0.14133333333333334,1.004,1.1453333333333333,,26.188
2018-09-14 23:00:00,0.05266666666666667,0.0,0.11266666666666668,0.936,1.0486666666666666,,26.166666666666668
2018-09-14 23:15:00,0.0536,0.0,0.020666666666666667,1.0446666666666666,1.0653333333333335,,26.151999999999997
2018-09-14 23:30:00,0.06186666666666666,0.0,0.18133333333333335,1.052,1.2333333333333334,,26.162
2018-09-14 23:45:00,0.055,0.0,0.02266666666666667,1.0726666666666667,1.0953333333333333,,26.156
